round_id,startup_id,startup_name,funding_date,year,quarter,funding_stage,amount_million_usd,pre_money_valuation_million_usd,post_money_valuation_million_usd,equity_dilution_pct,lead_investor,investor_type,num_investors,sector,country,region,city,investor_id
R00001,S00001,DataTech,2023-03-22,2023,Q1,Seed,4.2,13.98,18.18,13.8,Redpoint Ventures,Angel Investor,1,Gaming & Entertainment,Mexico,South America,Mexico City,INV0038
R00002,S00002,VertexPlatform,2025-01-19,2025,Q1,Pre-Seed,0.55,2.34,2.89,12.7,General Catalyst,Angel Investor,2,Artificial Intelligence,Indonesia,Asia,Surabaya,INV0009
R00003,S00002,VertexPlatform,2021-07-14,2021,Q3,Series A,15.35,176.14,191.49,18.4,Index Ventures,Corporate VC,3,Artificial Intelligence,Indonesia,Asia,Surabaya,INV0015
R00004,S00003,KiteAI,2022-01-29,2022,Q1,Pre-Seed,0.42,2.97,3.39,10.0,Alibaba Group,Angel Investor,4,SaaS / Enterprise Software,Germany,Europe,Munich,INV0054
R00005,S00004,SwiftSecurity,2022-07-03,2022,Q3,Pre-Seed,1.03,8.17,9.2,15.0,Benchmark,Corporate VC,2,Healthcare & Biotech,Australia,Oceania,Sydney,INV0008
R00006,S00004,SwiftSecurity,2024-07-19,2024,Q3,Series A,16.02,169.46,185.48,19.1,Union Square Ventures,Government/Sovereign Fund,4,Healthcare & Biotech,Australia,Oceania,Sydney,INV0039
R00007,S00005,ZenBio,2021-01-01,2021,Q1,Seed,1.25,4.34,5.59,13.6,Alibaba Group,Private Equity,2,Travel Tech,Israel,Middle East,Jerusalem,INV0054
R00008,S00005,ZenBio,2025-05-11,2025,Q2,Series A,16.42,192.15,208.57,19.5,Microsoft M12,Venture Capital,3,Travel Tech,Israel,Middle East,Jerusalem,INV0057
R00009,S00005,ZenBio,2026-01-14,2026,Q1,Series B,120.0,1026.82,1146.82,29.2,Qualcomm Ventures,Private Equity,1,Travel Tech,Israel,Middle East,Jerusalem,INV0062
R00010,S00006,Tideio,2021-06-17,2021,Q2,Pre-Seed,0.34,1.39,1.73,9.1,SoftBank Vision Fund,Venture Capital,5,Real Estate Tech,Spain,Europe,Madrid,INV0005
R00011,S00007,FluxSystems,2025-01-13,2025,Q1,Seed,2.16,8.34,10.5,11.0,Qualcomm Ventures,Venture Capital,3,SaaS / Enterprise Software,United States,North America,Boston,INV0062
R00012,S00007,FluxSystems,2023-09-11,2023,Q3,Series A,23.41,201.38,224.79,16.4,Google Ventures,Accelerator,2,SaaS / Enterprise Software,United States,North America,Boston,INV0059
R00013,S00008,RapidCloud,2020-01-03,2020,Q1,Pre-Seed,0.27,2.48,2.75,5.2,Headline,Venture Capital,1,Artificial Intelligence,China,Asia,Hangzhou,INV0045
R00014,S00008,RapidCloud,2020-10-05,2020,Q4,Series A,8.41,58.05,66.46,16.6,B Capital Group,Venture Capital,5,Artificial Intelligence,China,Asia,Hangzhou,INV0048
R00015,S00008,RapidCloud,2025-01-11,2025,Q1,Series C,118.53,658.02,776.55,18.0,Point Nine Capital,Accelerator,5,Artificial Intelligence,China,Asia,Hangzhou,INV0044
R00016,S00009,QuarkStack,2025-03-29,2025,Q1,Seed,2.02,6.92,8.94,20.4,Partech,Government/Sovereign Fund,4,SaaS / Enterprise Software,China,Asia,Beijing,INV0046
R00017,S00009,QuarkStack,2025-06-01,2025,Q2,Series B,50.45,439.45,489.9,18.1,Microsoft M12,Venture Capital,5,SaaS / Enterprise Software,China,Asia,Beijing,INV0057
R00018,S00009,QuarkStack,2026-01-05,2026,Q1,Series C,85.31,365.04,450.35,9.3,GV (Google Ventures),Venture Capital,2,SaaS / Enterprise Software,China,Asia,Beijing,INV0011
R00019,S00010,EchoNet,2025-05-27,2025,Q2,Pre-Seed,0.23,1.3,1.53,10.1,Union Square Ventures,Corporate VC,1,Space Tech,Canada,North America,Montreal,INV0039
R00020,S00010,EchoNet,2020-06-05,2020,Q2,Series A,3.2,38.32,41.52,19.7,Blume Ventures,Accelerator,1,Space Tech,Canada,North America,Montreal,INV0071
R00021,S00011,RuneSpace,2020-10-17,2020,Q4,Seed,3.92,14.18,18.1,20.7,Sequoia Capital,Corporate VC,9,E-Commerce,Mexico,South America,Monterrey,INV0001
R00022,S00012,MetaCloud,2026-01-29,2026,Q1,Pre-Seed,0.37,2.79,3.16,12.4,Abu Dhabi Investment Authority,Venture Capital,4,Healthcare & Biotech,Poland,Europe,Kraków,INV0051
R00023,S00012,MetaCloud,2020-07-17,2020,Q3,Seed,4.75,20.67,25.42,16.1,IVP,Venture Capital,4,Healthcare & Biotech,Poland,Europe,Kraków,INV0034
R00024,S00012,MetaCloud,2023-12-24,2023,Q4,Series B,27.79,161.63,189.42,29.7,Rakuten Capital,Angel Investor,5,Healthcare & Biotech,Poland,Europe,Kraków,INV0063
R00025,S00013,JetAI,2020-02-29,2020,Q1,Seed,5.8,50.53,56.33,13.1,First Round Capital,Corporate VC,2,Artificial Intelligence,United States,North America,Austin,INV0040
R00026,S00014,TideSecurity,2021-07-15,2021,Q3,Pre-Seed,0.54,1.95,2.49,13.3,Accel Partners,Accelerator,4,Web3 / Blockchain,India,Asia,Bangalore,INV0004
R00027,S00015,ProtoAnalytics,2022-03-13,2022,Q1,Seed,1.32,11.45,12.77,15.0,Naspers / Prosus,Venture Capital,4,Artificial Intelligence,United States,North America,Chicago,INV0066
R00028,S00016,YieldPlatform,2022-08-18,2022,Q3,Seed,2.08,14.97,17.05,23.2,Kingsway Capital,Private Equity,2,Fintech,United States,North America,Seattle,INV0067
R00029,S00016,YieldPlatform,2023-05-22,2023,Q2,Series A,18.18,128.81,146.99,20.9,GIC,Corporate VC,4,Fintech,United States,North America,Seattle,INV0050
R00030,S00016,YieldPlatform,2023-08-28,2023,Q3,Series B,25.49,229.18,254.67,16.1,Andreessen Horowitz (a16z),Family Office,2,Fintech,United States,North America,Seattle,INV0002
R00031,S00017,ProtoWorks,2023-01-13,2023,Q1,Seed,1.07,7.59,8.66,21.5,Redpoint Ventures,Venture Capital,1,Fintech,UAE,Middle East,Dubai,INV0038
R00032,S00018,ArcCore,2022-10-06,2022,Q4,Pre-Seed,0.59,5.27,5.86,9.5,Founders Fund,Venture Capital,2,E-Commerce,United States,North America,Los Angeles,INV0014
R00033,S00019,EchoSense,2023-05-16,2023,Q2,Pre-Seed,0.36,2.66,3.02,14.2,NEA,Accelerator,6,Logistics & Supply Chain,United States,North America,Miami,INV0020
R00034,S00020,SageAI,2023-05-02,2023,Q2,Seed,0.5,4.62,5.12,23.0,Microsoft M12,Venture Capital,7,SaaS / Enterprise Software,Israel,Middle East,Haifa,INV0057
R00035,S00021,KiteLink,2021-08-23,2021,Q3,Pre-Seed,0.54,3.78,4.32,8.4,Lightspeed Venture Partners,Corporate VC,6,Fintech,China,Asia,Shanghai,INV0006
R00036,S00021,KiteLink,2020-10-11,2020,Q4,Seed,0.89,7.41,8.3,19.5,Y Combinator,Venture Capital,10,Fintech,China,Asia,Shanghai,INV0007
R00037,S00022,PulseWorks,2023-12-22,2023,Q4,Seed,3.44,26.38,29.82,10.9,Qualcomm Ventures,Venture Capital,2,Artificial Intelligence,India,Asia,Hyderabad,INV0062
R00038,S00023,HyperRobotics,2022-11-05,2022,Q4,Pre-Seed,0.49,1.54,2.03,10.7,Y Combinator,Venture Capital,3,Space Tech,Japan,Asia,Tokyo,INV0007
R00039,S00024,SwiftAnalytics,2020-03-09,2020,Q1,Seed,1.8,7.06,8.86,17.4,Tencent,Venture Capital,1,Cybersecurity,United Kingdom,Europe,London,INV0053
R00040,S00024,SwiftAnalytics,2025-06-09,2025,Q2,Series A,8.35,56.67,65.02,21.7,Founders Fund,Private Equity,1,Cybersecurity,United Kingdom,Europe,London,INV0014
R00041,S00025,PulseMind,2024-09-27,2024,Q3,Pre-Seed,0.2,1.48,1.68,14.4,Google Ventures,Accelerator,2,Fintech,Argentina,South America,Buenos Aires,INV0059
R00042,S00025,PulseMind,2023-11-22,2023,Q4,Series A,5.17,46.44,51.61,26.3,Elevation Capital,Family Office,4,Fintech,Argentina,South America,Buenos Aires,INV0036
R00043,S00026,YieldLink,2023-05-25,2023,Q2,Pre-Seed,0.52,4.82,5.34,7.8,Nexus Venture Partners,Venture Capital,7,Healthcare & Biotech,United Kingdom,Europe,London,INV0072
R00044,S00026,YieldLink,2023-02-22,2023,Q1,Seed,1.84,12.4,14.24,14.1,Seedcamp,Corporate VC,3,Healthcare & Biotech,United Kingdom,Europe,London,INV0028
R00045,S00026,YieldLink,2021-01-18,2021,Q1,Series B,23.03,184.05,207.08,20.9,Partech Africa,Accelerator,6,Healthcare & Biotech,United Kingdom,Europe,London,INV0069
R00046,S00027,AlphaCore,2021-08-09,2021,Q3,Seed,2.58,24.63,27.21,16.5,Peak XV Partners (fka Sequoia India),Family Office,1,Legal Tech,China,Asia,Shenzhen,INV0021
R00047,S00028,LumeForge,2020-01-28,2020,Q1,Seed,1.89,13.98,15.87,24.6,First Round Capital,Accelerator,9,Fintech,United States,North America,Denver,INV0040
R00048,S00028,LumeForge,2026-01-04,2026,Q1,Series A,7.59,57.45,65.04,19.3,Andreessen Horowitz (a16z),Family Office,6,Fintech,United States,North America,Denver,INV0002
R00049,S00028,LumeForge,2024-07-20,2024,Q3,Series C,62.88,483.22,546.1,9.6,NEA,Angel Investor,3,Fintech,United States,North America,Denver,INV0020
R00050,S00029,CruxSense,2023-04-09,2023,Q2,Seed,1.7,14.29,15.99,20.8,TLcom Capital,Accelerator,1,Fintech,United States,North America,New York,INV0068
R00051,S00029,CruxSense,2025-05-10,2025,Q2,Series B,64.1,291.4,355.5,26.1,Rakuten Capital,Venture Capital,4,Fintech,United States,North America,New York,INV0063
R00052,S00030,RuneBase,2023-01-04,2023,Q1,Seed,1.81,9.39,11.2,17.4,Partech,Angel Investor,4,Healthcare & Biotech,United States,North America,Seattle,INV0046
R00053,S00031,JetSense,2025-02-07,2025,Q1,Pre-Seed,0.53,3.46,3.99,12.8,Insight Partners,Venture Capital,4,Logistics & Supply Chain,India,Asia,Hyderabad,INV0010
R00054,S00032,AstraStack,2024-10-09,2024,Q4,Seed,1.05,4.36,5.41,22.4,SBI Investment,Venture Capital,7,Fintech,Singapore,Asia,Singapore,INV0065
R00055,S00032,AstraStack,2021-11-08,2021,Q4,Series A,10.42,123.81,134.23,16.5,GV (Google Ventures),Venture Capital,1,Fintech,Singapore,Asia,Singapore,INV0011
R00056,S00032,AstraStack,2020-07-15,2020,Q3,Series B,17.08,141.4,158.48,21.0,Samsung Ventures,Venture Capital,8,Fintech,Singapore,Asia,Singapore,INV0055
R00057,S00033,Runely,2020-05-12,2020,Q2,Pre-Seed,0.34,1.49,1.83,7.4,Norwest Venture Partners,Venture Capital,4,Fintech,United Kingdom,Europe,Cambridge,INV0037
R00058,S00033,Runely,2021-03-28,2021,Q1,Series A,18.67,187.9,206.57,29.2,Chiratae Ventures,Corporate VC,7,Fintech,United Kingdom,Europe,Cambridge,INV0070
R00059,S00034,OrionDynamics,2024-05-31,2024,Q2,Pre-Seed,0.85,5.43,6.28,12.5,NEA,Venture Capital,6,Healthcare & Biotech,United Kingdom,Europe,Bristol,INV0020
R00060,S00035,TidePay,2020-06-25,2020,Q2,Seed,4.45,37.66,42.11,19.0,TLcom Capital,Venture Capital,1,Artificial Intelligence,Saudi Arabia,Middle East,Riyadh,INV0068
R00061,S00036,HubBio,2021-08-01,2021,Q3,Pre-Seed,0.34,2.44,2.78,15.0,Qualcomm Ventures,Accelerator,2,Healthcare & Biotech,Japan,Asia,Tokyo,INV0062
R00062,S00036,HubBio,2023-02-19,2023,Q1,Seed,2.1,9.33,11.43,12.8,Abu Dhabi Investment Authority,Private Equity,1,Healthcare & Biotech,Japan,Asia,Tokyo,INV0051
R00063,S00037,HyperLogic,2020-12-05,2020,Q4,Pre-Seed,0.16,0.62,0.78,10.0,Techstars,Venture Capital,1,Real Estate Tech,Netherlands,Europe,Rotterdam,INV0024
R00064,S00038,VertexLink,2021-09-19,2021,Q3,Pre-Seed,0.94,3.91,4.85,10.5,Salesforce Ventures,Venture Capital,2,Robotics & Automation,Brazil,South America,São Paulo,INV0058
R00065,S00039,DataSense,2024-01-20,2024,Q1,Seed,1.65,6.27,7.92,16.9,Mitsubishi UFJ Capital,Venture Capital,2,Healthcare & Biotech,United States,North America,Seattle,INV0064
R00066,S00040,JetHealth,2022-07-13,2022,Q3,Pre-Seed,0.81,7.98,8.79,13.9,EQT Ventures,Venture Capital,3,SaaS / Enterprise Software,Spain,Europe,Barcelona,INV0030
R00067,S00041,VertexCloud,2024-03-27,2024,Q1,Seed,0.77,4.47,5.24,18.3,Google Ventures,Angel Investor,6,E-Commerce,India,Asia,Delhi NCR,INV0059
R00068,S00041,VertexCloud,2022-04-15,2022,Q2,Series A,43.15,507.15,550.3,19.5,500 Global,Government/Sovereign Fund,1,E-Commerce,India,Asia,Delhi NCR,INV0023
R00069,S00041,VertexCloud,2022-04-22,2022,Q2,Series C,59.3,393.27,452.57,19.9,Andreessen Horowitz (a16z),Venture Capital,4,E-Commerce,India,Asia,Delhi NCR,INV0002
R00070,S00042,NovaFinance,2022-04-08,2022,Q2,Seed,0.5,4.44,4.94,12.4,Sapphire Ventures,Corporate VC,6,E-Commerce,Japan,Asia,Osaka,INV0035
R00071,S00042,NovaFinance,2025-10-19,2025,Q4,Series A,6.29,69.98,76.27,20.6,BlueYard Capital,Private Equity,4,E-Commerce,Japan,Asia,Osaka,INV0029
R00072,S00042,NovaFinance,2023-11-16,2023,Q4,Series C,124.26,973.95,1098.21,23.5,SBI Investment,Private Equity,6,E-Commerce,Japan,Asia,Osaka,INV0065
R00073,S00043,ProtoFinance,2021-09-07,2021,Q3,Seed,2.48,21.56,24.04,24.0,Norwest Venture Partners,Accelerator,5,SaaS / Enterprise Software,India,Asia,Chennai,INV0037
R00074,S00043,ProtoFinance,2024-02-05,2024,Q1,Series B,10.0,99.26,109.26,23.9,Insight Partners,Accelerator,3,SaaS / Enterprise Software,India,Asia,Chennai,INV0010
R00075,S00044,NexusStack,2023-09-07,2023,Q3,Seed,1.88,17.56,19.44,22.5,Antler,Venture Capital,3,Robotics & Automation,India,Asia,Pune,INV0027
R00076,S00045,Metaverse,2022-08-02,2022,Q3,Seed,2.06,6.41,8.47,16.0,Rakuten Capital,Venture Capital,2,SaaS / Enterprise Software,Indonesia,Asia,Jakarta,INV0063
R00077,S00046,BoltAI,2021-01-13,2021,Q1,Seed,1.63,11.43,13.06,14.0,BlueYard Capital,Venture Capital,4,Edtech,India,Asia,Bangalore,INV0029
R00078,S00047,NexusHealth,2023-02-13,2023,Q1,Pre-Seed,0.49,3.43,3.92,7.5,Blume Ventures,Corporate VC,2,Edtech,Nigeria,Africa,Lagos,INV0071
R00079,S00047,NexusHealth,2021-01-20,2021,Q1,Seed,4.36,21.3,25.66,19.4,Seedcamp,Angel Investor,4,Edtech,Nigeria,Africa,Lagos,INV0028
R00080,S00048,ZenForge,2024-04-05,2024,Q2,Seed,1.0,6.11,7.11,22.0,Redpoint Ventures,Crowdfunding,6,Artificial Intelligence,Japan,Asia,Osaka,INV0038
R00081,S00049,DataCloud,2024-08-23,2024,Q3,Pre-Seed,1.35,6.26,7.61,10.4,Intel Capital,Venture Capital,3,Artificial Intelligence,United States,North America,Austin,INV0056
R00082,S00050,ApexHealth,2025-06-17,2025,Q2,Pre-Seed,0.73,2.76,3.49,11.7,Accel Partners,Government/Sovereign Fund,4,SaaS / Enterprise Software,China,Asia,Shanghai,INV0004
R00083,S00051,ApexSense,2022-12-20,2022,Q4,Seed,2.94,22.75,25.69,14.1,LocalGlobe,Angel Investor,9,Fintech,United Kingdom,Europe,Manchester,INV0042
R00084,S00051,ApexSense,2025-12-02,2025,Q4,Series A,8.68,94.79,103.47,22.8,TLcom Capital,Corporate VC,7,Fintech,United Kingdom,Europe,Manchester,INV0068
R00085,S00051,ApexSense,2020-08-21,2020,Q3,Series C,55.07,350.97,406.04,22.6,Khosla Ventures,Accelerator,1,Fintech,United Kingdom,Europe,Manchester,INV0012
R00086,S00052,VertexSecurity,2026-02-13,2026,Q1,Seed,1.12,9.62,10.74,11.8,Founders Fund,Venture Capital,3,Insurtech,Brazil,South America,São Paulo,INV0014
R00087,S00053,Fluxfy,2024-10-01,2024,Q4,Pre-Seed,0.32,2.79,3.11,9.5,Accel India,Family Office,2,Logistics & Supply Chain,France,Europe,Lyon,INV0073
R00088,S00054,FluxBase,2020-05-12,2020,Q2,Seed,0.96,8.61,9.57,14.6,Intel Capital,Private Equity,2,Food & AgriTech,United States,North America,Chicago,INV0056
R00089,S00054,FluxBase,2021-07-29,2021,Q3,Series B,31.8,273.15,304.95,17.3,Rakuten Capital,Crowdfunding,1,Food & AgriTech,United States,North America,Chicago,INV0063
R00090,S00054,FluxBase,2024-01-16,2024,Q1,Series D,86.43,319.03,405.46,19.4,TLcom Capital,Angel Investor,5,Food & AgriTech,United States,North America,Chicago,INV0068
R00091,S00055,WaveSpace,2021-08-27,2021,Q3,Seed,0.63,4.52,5.15,15.5,Founders Fund,Venture Capital,5,Fintech,United States,North America,Los Angeles,INV0014
R00092,S00055,WaveSpace,2024-09-10,2024,Q3,Series B,30.28,302.51,332.79,23.3,BlueYard Capital,Venture Capital,1,Fintech,United States,North America,Los Angeles,INV0029
R00093,S00056,DeltaStack,2021-03-13,2021,Q1,Pre-Seed,0.16,1.27,1.43,5.7,Tiger Global,Corporate VC,3,Fintech,Brazil,South America,Rio de Janeiro,INV0003
R00094,S00057,NeoNet,2024-03-29,2024,Q1,Pre-Seed,0.45,4.21,4.66,10.9,Headline,Venture Capital,3,SaaS / Enterprise Software,India,Asia,Chennai,INV0045
R00095,S00058,RapidBeam,2020-01-16,2020,Q1,Seed,1.01,9.2,10.21,17.2,Temasek,Angel Investor,7,Artificial Intelligence,Singapore,Asia,Singapore,INV0049
R00096,S00058,RapidBeam,2025-11-06,2025,Q4,Series B,51.01,486.58,537.59,26.1,Accel Partners,Crowdfunding,3,Artificial Intelligence,Singapore,Asia,Singapore,INV0004
R00097,S00059,Lumely,2024-05-19,2024,Q2,Seed,1.04,7.49,8.53,21.2,SoftBank Vision Fund,Venture Capital,4,Healthcare & Biotech,Poland,Europe,Kraków,INV0005
R00098,S00060,HubFlow,2025-12-30,2025,Q4,Seed,0.93,5.19,6.12,22.4,Samsung Ventures,Corporate VC,3,E-Commerce,United States,North America,Chicago,INV0055
R00099,S00061,NeoWorks,2024-03-14,2024,Q1,Pre-Seed,0.39,2.2,2.59,5.1,LocalGlobe,Accelerator,3,SaaS / Enterprise Software,United Kingdom,Europe,Bristol,INV0042
R00100,S00062,CloudAI,2022-04-01,2022,Q2,Seed,1.7,9.58,11.28,12.2,Salesforce Ventures,Corporate VC,1,Healthcare & Biotech,United States,North America,Los Angeles,INV0058
R00101,S00063,ZenoRobotics,2020-08-29,2020,Q3,Seed,1.59,6.76,8.35,12.8,Northzone,Corporate VC,3,Artificial Intelligence,United States,North America,Austin,INV0047
R00102,S00063,ZenoRobotics,2020-08-01,2020,Q3,Series B,26.52,128.94,155.46,19.6,SoftBank Vision Fund,Corporate VC,4,Artificial Intelligence,United States,North America,Austin,INV0005
R00103,S00063,ZenoRobotics,2022-03-20,2022,Q1,Series D,218.93,1057.91,1276.84,8.5,Abu Dhabi Investment Authority,Venture Capital,3,Artificial Intelligence,United States,North America,Austin,INV0051
R00104,S00064,VibeFlow,2020-11-26,2020,Q4,Pre-Seed,0.7,4.5,5.2,7.8,Plug and Play,Private Equity,2,E-Commerce,India,Asia,Chennai,INV0026
R00105,S00065,Metafy,2021-04-30,2021,Q2,Pre-Seed,0.65,4.6,5.25,5.6,Antler,Venture Capital,3,Gaming & Entertainment,India,Asia,Bangalore,INV0027
R00106,S00065,Metafy,2022-06-24,2022,Q2,Seed,3.16,16.76,19.92,24.2,SBI Investment,Venture Capital,6,Gaming & Entertainment,India,Asia,Bangalore,INV0065
R00107,S00066,ForgeWare,2023-04-15,2023,Q2,Seed,1.29,3.96,5.25,14.6,GV (Google Ventures),Venture Capital,4,Food & AgriTech,United States,North America,Chicago,INV0011
R00108,S00066,ForgeWare,2024-09-29,2024,Q3,Series A,7.06,55.9,62.96,20.0,NVIDIA NVentures,Venture Capital,5,Food & AgriTech,United States,North America,Chicago,INV0060
R00109,S00067,UltraWorks,2026-02-08,2026,Q1,Seed,2.29,15.14,17.43,18.4,Matrix Partners,Venture Capital,3,Healthcare & Biotech,Sweden,Europe,Stockholm,INV0022
R00110,S00068,Wavely,2022-01-08,2022,Q1,Pre-Seed,0.75,6.23,6.98,6.9,Chiratae Ventures,Government/Sovereign Fund,4,Artificial Intelligence,Poland,Europe,Warsaw,INV0070
R00111,S00068,Wavely,2024-11-25,2024,Q4,Series A,17.6,119.49,137.09,16.8,Microsoft M12,Corporate VC,4,Artificial Intelligence,Poland,Europe,Warsaw,INV0057
R00112,S00069,BetaBio,2022-07-12,2022,Q3,Pre-Seed,0.49,3.7,4.19,12.3,Norwest Venture Partners,Angel Investor,3,Edtech,China,Asia,Beijing,INV0037
R00113,S00070,YieldFinance,2021-09-14,2021,Q3,Pre-Seed,1.62,15.34,16.96,12.0,Intel Capital,Venture Capital,4,Healthcare & Biotech,United Kingdom,Europe,London,INV0056
R00114,S00070,YieldFinance,2024-02-26,2024,Q1,Series A,18.07,200.42,218.49,25.2,Kingsway Capital,Venture Capital,1,Healthcare & Biotech,United Kingdom,Europe,London,INV0067
R00115,S00070,YieldFinance,2023-06-24,2023,Q2,Series C,205.68,1524.74,1730.42,24.9,Blume Ventures,Private Equity,2,Healthcare & Biotech,United Kingdom,Europe,London,INV0071
R00116,S00071,PixelPay,2024-05-18,2024,Q2,Seed,1.96,15.7,17.66,24.9,Alibaba Group,Angel Investor,8,E-Commerce,United States,North America,Los Angeles,INV0054
R00117,S00072,DataWorks,2023-01-29,2023,Q1,Pre-Seed,0.46,4.11,4.57,13.0,GV (Google Ventures),Venture Capital,2,SaaS / Enterprise Software,Spain,Europe,Barcelona,INV0011
R00118,S00072,DataWorks,2020-01-26,2020,Q1,Seed,2.32,13.59,15.91,24.2,Khosla Ventures,Angel Investor,3,SaaS / Enterprise Software,Spain,Europe,Barcelona,INV0012
R00119,S00072,DataWorks,2022-10-02,2022,Q4,Series A,3.76,31.9,35.66,24.1,Antler,Government/Sovereign Fund,3,SaaS / Enterprise Software,Spain,Europe,Barcelona,INV0027
R00120,S00073,KiteForge,2024-04-11,2024,Q2,Seed,2.57,13.61,16.18,17.3,SoftBank Vision Fund,Corporate VC,1,Cybersecurity,United States,North America,Chicago,INV0005
R00121,S00074,MetaBase,2025-05-12,2025,Q2,Seed,3.04,23.83,26.87,18.5,Balderton Capital,Venture Capital,4,Climate Tech / Clean Energy,United States,North America,Chicago,INV0031
R00122,S00074,MetaBase,2020-06-14,2020,Q2,Series A,9.86,72.77,82.63,19.6,Greylock Partners,Venture Capital,3,Climate Tech / Clean Energy,United States,North America,Chicago,INV0018
R00123,S00074,MetaBase,2025-01-07,2025,Q1,Series B,10.95,116.17,127.12,18.6,Insight Partners,Venture Capital,7,Climate Tech / Clean Energy,United States,North America,Chicago,INV0010
R00124,S00075,BoltDynamics,2021-07-31,2021,Q3,Seed,0.5,3.37,3.87,18.6,BlueYard Capital,Private Equity,4,Fintech,Germany,Europe,Munich,INV0029
R00125,S00076,ArcTech,2022-02-16,2022,Q1,Pre-Seed,1.14,6.97,8.11,9.6,Qualcomm Ventures,Venture Capital,4,Healthcare & Biotech,Brazil,South America,Belo Horizonte,INV0062
R00126,S00077,Terrafy,2022-04-27,2022,Q2,Pre-Seed,0.22,0.8,1.02,9.3,TLcom Capital,Private Equity,8,Fintech,Canada,North America,Toronto,INV0068
R00127,S00077,Terrafy,2025-12-09,2025,Q4,Series A,9.68,94.86,104.54,17.8,Norwest Venture Partners,Venture Capital,4,Fintech,Canada,North America,Toronto,INV0037
R00128,S00077,Terrafy,2024-06-29,2024,Q2,Series C,162.67,1097.67,1260.34,11.1,Alibaba Group,Corporate VC,2,Fintech,Canada,North America,Toronto,INV0054
R00129,S00078,EdgeCloud,2020-11-12,2020,Q4,Pre-Seed,0.37,1.98,2.35,6.4,Benchmark,Venture Capital,1,HR Tech,Brazil,South America,Belo Horizonte,INV0008
R00130,S00079,AstraBeam,2026-03-11,2026,Q1,Pre-Seed,0.53,3.92,4.45,9.6,Antler,Venture Capital,3,E-Commerce,United Kingdom,Europe,Bristol,INV0027
R00131,S00080,TerraMind,2023-11-28,2023,Q4,Seed,2.0,7.24,9.24,14.6,Abu Dhabi Investment Authority,Angel Investor,3,Healthcare & Biotech,China,Asia,Hangzhou,INV0051
R00132,S00081,DawnDynamics,2020-03-28,2020,Q1,Pre-Seed,0.73,5.74,6.47,13.1,GIC,Corporate VC,2,Fintech,United States,North America,San Diego,INV0050
R00133,S00082,CloudEnergy,2021-09-17,2021,Q3,Seed,2.29,22.3,24.59,21.7,Alibaba Group,Government/Sovereign Fund,2,Space Tech,China,Asia,Beijing,INV0054
R00134,S00082,CloudEnergy,2023-09-28,2023,Q3,Series A,13.21,72.0,85.21,26.9,Partech,Venture Capital,1,Space Tech,China,Asia,Beijing,INV0046
R00135,S00083,CyberSense,2020-09-28,2020,Q3,Pre-Seed,0.49,1.95,2.44,14.4,Balderton Capital,Venture Capital,1,Artificial Intelligence,United States,North America,Miami,INV0031
R00136,S00084,VibeCloud,2022-03-29,2022,Q1,Pre-Seed,0.38,3.42,3.8,5.8,Bessemer Venture Partners,Venture Capital,11,Artificial Intelligence,United States,North America,Denver,INV0013
R00137,S00085,Datafy,2025-10-04,2025,Q4,Seed,1.17,8.23,9.4,14.2,Point Nine Capital,Venture Capital,6,SaaS / Enterprise Software,United States,North America,Austin,INV0044
R00138,S00086,LumeSystems,2025-10-31,2025,Q4,Pre-Seed,0.17,0.78,0.95,8.8,Greylock Partners,Private Equity,1,Real Estate Tech,United Kingdom,Europe,Cambridge,INV0018
R00139,S00086,LumeSystems,2023-01-03,2023,Q1,Seed,6.72,60.73,67.45,24.1,Atomico,Venture Capital,3,Real Estate Tech,United Kingdom,Europe,Cambridge,INV0032
R00140,S00086,LumeSystems,2024-04-06,2024,Q2,Series A,22.85,136.09,158.94,27.1,Northzone,Corporate VC,5,Real Estate Tech,United Kingdom,Europe,Cambridge,INV0047
R00141,S00087,Swiftfy,2021-03-20,2021,Q1,Pre-Seed,0.21,1.89,2.1,6.3,Tencent,Venture Capital,2,Fintech,United States,North America,Seattle,INV0053
R00142,S00087,Swiftfy,2023-04-25,2023,Q2,Series A,9.8,78.03,87.83,19.3,Cherry Ventures,Accelerator,2,Fintech,United States,North America,Seattle,INV0043
R00143,S00088,Novaly,2022-07-12,2022,Q3,Seed,0.92,3.78,4.7,20.2,Microsoft M12,Venture Capital,7,Gaming & Entertainment,Spain,Europe,Madrid,INV0057
R00144,S00089,HubTech,2025-08-16,2025,Q3,Pre-Seed,0.87,4.07,4.94,8.4,NVIDIA NVentures,Crowdfunding,4,Logistics & Supply Chain,United Kingdom,Europe,London,INV0060
R00145,S00089,HubTech,2021-08-17,2021,Q3,Series A,9.57,46.34,55.91,29.0,Partech Africa,Angel Investor,3,Logistics & Supply Chain,United Kingdom,Europe,London,INV0069
R00146,S00090,YieldWorks,2021-07-23,2021,Q3,Pre-Seed,0.54,2.72,3.26,10.6,Northzone,Venture Capital,4,Climate Tech / Clean Energy,Germany,Europe,Frankfurt,INV0047
R00147,S00091,JetLabs,2020-12-08,2020,Q4,Pre-Seed,0.21,1.02,1.23,6.8,Qualcomm Ventures,Angel Investor,6,Robotics & Automation,United States,North America,Austin,INV0062
R00148,S00092,MetaLink,2021-02-21,2021,Q1,Pre-Seed,0.73,5.14,5.87,7.7,Headline,Corporate VC,5,E-Commerce,Japan,Asia,Tokyo,INV0045
R00149,S00093,QuantumRobotics,2025-12-16,2025,Q4,Pre-Seed,0.4,2.13,2.53,12.3,Blume Ventures,Venture Capital,5,Fintech,India,Asia,Mumbai,INV0071
R00150,S00093,QuantumRobotics,2020-05-26,2020,Q2,Seed,1.05,3.65,4.7,21.8,Greylock Partners,Venture Capital,2,Fintech,India,Asia,Mumbai,INV0018
R00151,S00094,CloudBio,2025-07-24,2025,Q3,Pre-Seed,0.82,6.32,7.14,5.4,Coatue Management,Venture Capital,1,Artificial Intelligence,Argentina,South America,Buenos Aires,INV0017
R00152,S00095,Swiftio,2020-11-27,2020,Q4,Pre-Seed,0.33,2.56,2.89,8.6,Partech,Private Equity,9,E-Commerce,Kenya,Africa,Nairobi,INV0046
R00153,S00096,SwiftFinance,2024-10-19,2024,Q4,Pre-Seed,1.05,4.1,5.15,5.9,Coatue Management,Venture Capital,1,Healthcare & Biotech,Poland,Europe,Warsaw,INV0017
R00154,S00096,SwiftFinance,2025-09-12,2025,Q3,Series A,15.63,147.39,163.02,19.8,Intel Capital,Venture Capital,6,Healthcare & Biotech,Poland,Europe,Warsaw,INV0056
R00155,S00096,SwiftFinance,2025-02-21,2025,Q1,Series C,146.06,882.08,1028.14,9.0,SOSV,Venture Capital,5,Healthcare & Biotech,Poland,Europe,Warsaw,INV0025
R00156,S00097,BoltSense,2020-11-08,2020,Q4,Pre-Seed,0.46,3.71,4.17,12.2,Tiger Global,Venture Capital,1,Social Media / Creator Economy,Australia,Oceania,Sydney,INV0003
R00157,S00097,BoltSense,2025-09-17,2025,Q3,Seed,2.33,11.96,14.29,12.3,Mitsubishi UFJ Capital,Private Equity,6,Social Media / Creator Economy,Australia,Oceania,Sydney,INV0064
R00158,S00098,QuantumHealth,2022-08-15,2022,Q3,Seed,1.84,8.87,10.71,22.7,Amazon Alexa Fund,Crowdfunding,1,Artificial Intelligence,United States,North America,Seattle,INV0061
R00159,S00099,LumeEnergy,2023-04-17,2023,Q2,Seed,3.27,27.28,30.55,22.6,Partech,Venture Capital,7,Cybersecurity,United States,North America,San Francisco,INV0046
R00160,S00100,QuantumLogic,2020-03-07,2020,Q1,Seed,1.67,10.21,11.88,15.5,EQT Ventures,Crowdfunding,4,E-Commerce,China,Asia,Guangzhou,INV0030
R00161,S00101,WaveX,2025-03-11,2025,Q1,Seed,1.19,10.16,11.35,23.7,Microsoft M12,Venture Capital,2,Real Estate Tech,China,Asia,Beijing,INV0057
R00162,S00101,WaveX,2024-04-14,2024,Q2,Series A,10.71,106.87,117.58,20.2,Northzone,Venture Capital,1,Real Estate Tech,China,Asia,Beijing,INV0047
R00163,S00101,WaveX,2023-04-07,2023,Q2,Series C,84.79,570.86,655.65,20.1,Northzone,Venture Capital,7,Real Estate Tech,China,Asia,Beijing,INV0047
R00164,S00102,Dawnfy,2020-03-06,2020,Q1,Seed,2.86,17.81,20.67,10.9,Peak XV Partners (fka Sequoia India),Venture Capital,1,Web3 / Blockchain,United States,North America,Los Angeles,INV0021
R00165,S00103,ProtoBeam,2022-12-02,2022,Q4,Seed,1.28,11.99,13.27,20.5,Peak XV Partners (fka Sequoia India),Venture Capital,7,SaaS / Enterprise Software,Sweden,Europe,Stockholm,INV0021
R00166,S00104,BetaRobotics,2022-11-22,2022,Q4,Pre-Seed,0.12,0.65,0.77,14.3,Headline,Angel Investor,6,SaaS / Enterprise Software,Spain,Europe,Barcelona,INV0045
R00167,S00105,WaveFinance,2021-07-16,2021,Q3,Pre-Seed,0.62,5.03,5.65,9.5,Plug and Play,Venture Capital,3,Artificial Intelligence,India,Asia,Chennai,INV0026
R00168,S00106,TideBio,2023-08-05,2023,Q3,Seed,2.55,8.32,10.87,18.5,Tencent,Corporate VC,7,Artificial Intelligence,Argentina,South America,Buenos Aires,INV0053
R00169,S00106,TideBio,2024-06-28,2024,Q2,Series A,11.48,125.62,137.1,28.6,Samsung Ventures,Venture Capital,3,Artificial Intelligence,Argentina,South America,Buenos Aires,INV0055
R00170,S00107,RapidEnergy,2025-09-25,2025,Q3,Pre-Seed,0.51,4.69,5.2,7.7,Salesforce Ventures,Venture Capital,1,Artificial Intelligence,China,Asia,Shanghai,INV0058
R00171,S00107,RapidEnergy,2022-02-07,2022,Q1,Series A,14.04,159.84,173.88,26.9,Abu Dhabi Investment Authority,Accelerator,1,Artificial Intelligence,China,Asia,Shanghai,INV0051
R00172,S00107,RapidEnergy,2024-08-20,2024,Q3,Series B,44.71,440.33,485.04,27.5,Lightspeed Venture Partners,Government/Sovereign Fund,9,Artificial Intelligence,China,Asia,Shanghai,INV0006
R00173,S00108,Runeverse,2025-02-20,2025,Q1,Pre-Seed,0.33,1.46,1.79,8.6,BlueYard Capital,Accelerator,2,Fintech,Mexico,South America,Mexico City,INV0029
R00174,S00109,TerraX,2025-03-21,2025,Q1,Seed,1.93,16.22,18.15,17.5,Insight Partners,Venture Capital,6,Artificial Intelligence,United States,North America,Austin,INV0010
R00175,S00109,TerraX,2021-06-19,2021,Q2,Series B,17.1,151.91,169.01,24.8,Accel Partners,Corporate VC,4,Artificial Intelligence,United States,North America,Austin,INV0004
R00176,S00110,ApexHub,2023-01-08,2023,Q1,Seed,1.79,14.94,16.73,11.3,Sapphire Ventures,Venture Capital,4,Artificial Intelligence,United States,North America,Seattle,INV0035
R00177,S00111,NexusPlatform,2024-01-02,2024,Q1,Pre-Seed,0.93,3.22,4.15,12.9,LocalGlobe,Venture Capital,5,Gaming & Entertainment,Israel,Middle East,Tel Aviv,INV0042
R00178,S00111,NexusPlatform,2020-03-13,2020,Q1,Series A,18.26,115.72,133.98,26.9,SBI Investment,Angel Investor,2,Gaming & Entertainment,Israel,Middle East,Tel Aviv,INV0065
R00179,S00112,BoltEnergy,2020-09-25,2020,Q3,Pre-Seed,0.77,2.71,3.48,5.7,Norwest Venture Partners,Private Equity,7,Healthcare & Biotech,United States,North America,Chicago,INV0037
R00180,S00112,BoltEnergy,2024-11-17,2024,Q4,Series A,19.26,184.4,203.66,25.7,Seedcamp,Corporate VC,7,Healthcare & Biotech,United States,North America,Chicago,INV0028
R00181,S00113,DeltaPay,2022-08-26,2022,Q3,Pre-Seed,0.58,4.31,4.89,8.8,Lightspeed Venture Partners,Venture Capital,5,Artificial Intelligence,United States,North America,Austin,INV0006
R00182,S00114,RapidWare,2023-01-06,2023,Q1,Pre-Seed,0.66,4.28,4.94,10.3,Nexus Venture Partners,Venture Capital,1,Food & AgriTech,Brazil,South America,São Paulo,INV0072
R00183,S00115,Edgeverse,2024-11-02,2024,Q4,Seed,1.47,10.06,11.53,17.3,Partech,Venture Capital,4,SaaS / Enterprise Software,United States,North America,San Francisco,INV0046
R00184,S00115,Edgeverse,2024-11-11,2024,Q4,Series B,43.62,475.72,519.34,17.8,Bessemer Venture Partners,Venture Capital,5,SaaS / Enterprise Software,United States,North America,San Francisco,INV0013
R00185,S00116,LumeHealth,2020-09-19,2020,Q3,Seed,1.4,10.91,12.31,16.3,Sapphire Ventures,Government/Sovereign Fund,4,Artificial Intelligence,India,Asia,Chennai,INV0035
R00186,S00116,LumeHealth,2025-03-26,2025,Q1,Series B,46.64,313.31,359.95,16.0,Partech Africa,Private Equity,1,Artificial Intelligence,India,Asia,Chennai,INV0069
R00187,S00117,Dataly,2023-05-18,2023,Q2,Pre-Seed,0.31,1.47,1.78,14.1,Partech Africa,Venture Capital,1,HR Tech,United States,North America,Miami,INV0069
R00188,S00118,AstraSpace,2022-11-06,2022,Q4,Seed,1.22,10.51,11.73,13.9,Seedcamp,Private Equity,2,Fintech,Switzerland,Europe,Geneva,INV0028
R00189,S00119,NexusBase,2021-10-26,2021,Q4,Pre-Seed,1.18,8.19,9.37,9.7,Balderton Capital,Venture Capital,6,Edtech,Poland,Europe,Warsaw,INV0031
R00190,S00119,NexusBase,2023-02-19,2023,Q1,Seed,5.96,37.88,43.84,19.8,Seedcamp,Angel Investor,7,Edtech,Poland,Europe,Warsaw,INV0028
R00191,S00119,NexusBase,2022-11-03,2022,Q4,Series B,27.09,220.76,247.85,15.5,SoftBank Vision Fund,Accelerator,3,Edtech,Poland,Europe,Warsaw,INV0005
R00192,S00120,Lumeio,2025-08-23,2025,Q3,Seed,1.74,5.64,7.38,15.4,Alibaba Group,Crowdfunding,1,SaaS / Enterprise Software,China,Asia,Shenzhen,INV0054
R00193,S00121,VertexWare,2022-09-15,2022,Q3,Pre-Seed,0.78,5.37,6.15,14.7,Atomico,Angel Investor,4,Fintech,India,Asia,Mumbai,INV0032
R00194,S00121,VertexWare,2024-10-29,2024,Q4,Series A,5.82,62.34,68.16,25.9,Y Combinator,Private Equity,3,Fintech,India,Asia,Mumbai,INV0007
R00195,S00122,EchoCore,2023-03-24,2023,Q1,Pre-Seed,0.87,6.05,6.92,8.9,Rakuten Capital,Angel Investor,5,Gaming & Entertainment,United States,North America,Los Angeles,INV0063
R00196,S00122,EchoCore,2023-04-28,2023,Q2,Seed,1.16,11.39,12.55,12.2,Amazon Alexa Fund,Accelerator,2,Gaming & Entertainment,United States,North America,Los Angeles,INV0061
R00197,S00122,EchoCore,2021-06-16,2021,Q2,Series A,7.69,90.6,98.29,23.8,SBI Investment,Crowdfunding,3,Gaming & Entertainment,United States,North America,Los Angeles,INV0065
R00198,S00123,Ultraly,2025-09-15,2025,Q3,Pre-Seed,1.17,3.71,4.88,7.1,Seedcamp,Venture Capital,6,Gaming & Entertainment,United States,North America,Denver,INV0028
R00199,S00124,PulseAI,2023-09-30,2023,Q3,Seed,1.87,9.97,11.84,22.8,Chiratae Ventures,Family Office,2,Robotics & Automation,United States,North America,Chicago,INV0070
R00200,S00124,PulseAI,2026-02-14,2026,Q1,Series A,9.36,44.73,54.09,27.6,Andreessen Horowitz (a16z),Venture Capital,7,Robotics & Automation,United States,North America,Chicago,INV0002
R00201,S00125,CloudAnalytics,2022-08-01,2022,Q3,Seed,2.08,12.78,14.86,12.6,EQT Ventures,Angel Investor,2,Robotics & Automation,United States,North America,San Diego,INV0030
R00202,S00125,CloudAnalytics,2024-02-12,2024,Q1,Series A,14.5,97.3,111.8,26.0,Techstars,Corporate VC,4,Robotics & Automation,United States,North America,San Diego,INV0024
R00203,S00126,OnyxHub,2020-05-22,2020,Q2,Seed,3.07,11.05,14.12,23.0,Benchmark,Family Office,1,SaaS / Enterprise Software,Nigeria,Africa,Nairobi,INV0008
R00204,S00127,DawnWare,2022-12-01,2022,Q4,Seed,2.13,19.29,21.42,10.5,IVP,Venture Capital,2,Legal Tech,Thailand,Asia,Bangkok,INV0034
R00205,S00127,DawnWare,2020-07-05,2020,Q3,Series B,17.68,194.46,212.14,22.8,Partech Africa,Venture Capital,1,Legal Tech,Thailand,Asia,Bangkok,INV0069
R00206,S00128,GridBase,2024-01-21,2024,Q1,Seed,0.8,6.83,7.63,23.3,Khosla Ventures,Private Equity,4,Real Estate Tech,United Kingdom,Europe,Manchester,INV0012
R00207,S00129,Alphaverse,2024-10-06,2024,Q4,Seed,1.75,17.23,18.98,11.5,Redpoint Ventures,Venture Capital,7,Climate Tech / Clean Energy,India,Asia,Mumbai,INV0038
R00208,S00130,CyberBio,2025-02-19,2025,Q1,Pre-Seed,0.42,2.44,2.86,12.2,Cherry Ventures,Family Office,1,Artificial Intelligence,United Kingdom,Europe,Cambridge,INV0043
R00209,S00131,DawnLink,2026-02-18,2026,Q1,Seed,3.05,28.2,31.25,19.7,Chiratae Ventures,Venture Capital,5,Cybersecurity,Singapore,Asia,Singapore,INV0070
R00210,S00131,DawnLink,2023-04-13,2023,Q2,Series B,28.84,227.51,256.35,18.3,TLcom Capital,Venture Capital,3,Cybersecurity,Singapore,Asia,Singapore,INV0068
R00211,S00132,CoreAnalytics,2025-02-20,2025,Q1,Seed,2.41,7.73,10.14,16.2,Blume Ventures,Private Equity,1,Food & AgriTech,United Kingdom,Europe,Bristol,INV0071
R00212,S00132,CoreAnalytics,2022-01-14,2022,Q1,Series A,9.04,70.66,79.7,26.6,Redpoint Ventures,Venture Capital,6,Food & AgriTech,United Kingdom,Europe,Bristol,INV0038
R00213,S00133,Ionio,2022-08-16,2022,Q3,Seed,0.61,2.08,2.69,16.4,Mitsubishi UFJ Capital,Venture Capital,2,HR Tech,India,Asia,Mumbai,INV0064
R00214,S00133,Ionio,2020-02-10,2020,Q1,Series A,20.89,195.59,216.48,18.0,Sapphire Ventures,Family Office,5,HR Tech,India,Asia,Mumbai,INV0035
R00215,S00133,Ionio,2024-06-01,2024,Q2,Series B,27.04,209.59,236.63,25.9,Lightspeed Venture Partners,Corporate VC,8,HR Tech,India,Asia,Mumbai,INV0006
R00216,S00134,FluxEnergy,2024-09-03,2024,Q3,Seed,2.14,19.92,22.06,21.9,Sapphire Ventures,Corporate VC,2,Fintech,India,Asia,Pune,INV0035
R00217,S00135,DawnWorks,2025-12-02,2025,Q4,Pre-Seed,0.19,1.15,1.34,14.9,Plug and Play,Venture Capital,3,Real Estate Tech,United States,North America,Chicago,INV0026
R00218,S00135,DawnWorks,2025-12-23,2025,Q4,Series A,15.39,111.95,127.34,19.1,Seedcamp,Private Equity,3,Real Estate Tech,United States,North America,Chicago,INV0028
R00219,S00136,BoltBeam,2023-11-08,2023,Q4,Pre-Seed,0.55,3.08,3.63,5.1,DST Global,Private Equity,1,Artificial Intelligence,India,Asia,Bangalore,INV0033
R00220,S00136,BoltBeam,2022-11-15,2022,Q4,Seed,1.27,8.41,9.68,11.7,Elevation Capital,Private Equity,2,Artificial Intelligence,India,Asia,Bangalore,INV0036
R00221,S00137,AlphaSpace,2020-04-23,2020,Q2,Pre-Seed,0.47,4.64,5.11,6.0,Alibaba Group,Venture Capital,4,E-Commerce,United States,North America,Seattle,INV0054
R00222,S00137,AlphaSpace,2023-08-14,2023,Q3,Seed,1.56,8.44,10.0,18.2,BlueYard Capital,Venture Capital,2,E-Commerce,United States,North America,Seattle,INV0029
R00223,S00137,AlphaSpace,2025-05-09,2025,Q2,Series B,31.6,232.78,264.38,21.1,Andreessen Horowitz (a16z),Venture Capital,1,E-Commerce,United States,North America,Seattle,INV0002
R00224,S00138,CruxTech,2022-03-26,2022,Q1,Pre-Seed,0.93,7.71,8.64,14.2,Northzone,Corporate VC,1,Logistics & Supply Chain,China,Asia,Shenzhen,INV0047
R00225,S00138,CruxTech,2026-03-12,2026,Q1,Series A,7.91,65.04,72.95,15.4,GIC,Angel Investor,3,Logistics & Supply Chain,China,Asia,Shenzhen,INV0050
R00226,S00139,CyberLogic,2022-06-13,2022,Q2,Pre-Seed,0.74,3.27,4.01,9.4,Northzone,Venture Capital,3,Real Estate Tech,Indonesia,Asia,Surabaya,INV0047
R00227,S00139,CyberLogic,2021-04-19,2021,Q2,Seed,0.92,3.2,4.12,19.5,Samsung Ventures,Venture Capital,6,Real Estate Tech,Indonesia,Asia,Surabaya,INV0055
R00228,S00139,CyberLogic,2022-12-22,2022,Q4,Series A,30.07,182.79,212.86,18.1,Abu Dhabi Investment Authority,Government/Sovereign Fund,6,Real Estate Tech,Indonesia,Asia,Surabaya,INV0051
R00229,S00140,DeltaSpace,2023-06-20,2023,Q2,Seed,2.44,10.42,12.86,21.6,Nexus Venture Partners,Corporate VC,4,Artificial Intelligence,South Africa,Africa,Johannesburg,INV0072
R00230,S00141,AlphaStack,2021-07-15,2021,Q3,Pre-Seed,0.9,5.49,6.39,12.7,Cherry Ventures,Venture Capital,6,Climate Tech / Clean Energy,China,Asia,Beijing,INV0043
R00231,S00142,OrionHealth,2022-03-24,2022,Q1,Seed,1.31,12.51,13.82,20.9,Partech,Angel Investor,3,Fintech,Australia,Oceania,Melbourne,INV0046
R00232,S00143,OrionLogic,2024-01-05,2024,Q1,Pre-Seed,0.32,2.91,3.23,7.8,Elevation Capital,Venture Capital,6,Travel Tech,Indonesia,Asia,Surabaya,INV0036
R00233,S00143,OrionLogic,2020-01-11,2020,Q1,Series A,9.0,46.84,55.84,18.7,GIC,Government/Sovereign Fund,2,Travel Tech,Indonesia,Asia,Surabaya,INV0050
R00234,S00144,Pulseverse,2021-02-06,2021,Q1,Seed,1.06,5.7,6.76,21.7,DST Global,Private Equity,3,E-Commerce,Japan,Asia,Tokyo,INV0033
R00235,S00145,BoltPlatform,2024-05-05,2024,Q2,Pre-Seed,0.33,2.05,2.38,6.1,NEA,Venture Capital,2,Climate Tech / Clean Energy,United States,North America,Miami,INV0020
R00236,S00146,GridDynamics,2021-03-02,2021,Q1,Pre-Seed,0.36,1.78,2.14,11.4,Nexus Venture Partners,Angel Investor,2,Real Estate Tech,Australia,Oceania,Sydney,INV0072
R00237,S00147,CloudLabs,2020-05-04,2020,Q2,Pre-Seed,0.34,2.99,3.33,7.2,Index Ventures,Private Equity,3,Edtech,Spain,Europe,Barcelona,INV0015
R00238,S00148,ForgeHub,2024-04-21,2024,Q2,Seed,1.37,9.12,10.49,14.9,TLcom Capital,Corporate VC,2,Gaming & Entertainment,Nigeria,Africa,Nairobi,INV0068
R00239,S00149,CoreSense,2021-03-01,2021,Q1,Pre-Seed,0.41,1.74,2.15,12.5,SOSV,Accelerator,3,Healthcare & Biotech,Australia,Oceania,Melbourne,INV0025
R00240,S00150,SagePay,2020-05-30,2020,Q2,Seed,1.68,12.71,14.39,14.5,Draper Associates,Government/Sovereign Fund,3,Artificial Intelligence,Singapore,Asia,Singapore,INV0041
R00241,S00151,IonStack,2020-03-20,2020,Q1,Seed,2.58,22.77,25.35,18.9,Insight Partners,Angel Investor,4,Gaming & Entertainment,Colombia,South America,Medellín,INV0010
R00242,S00152,ProtoWare,2024-12-31,2024,Q4,Pre-Seed,0.49,1.83,2.32,11.9,NEA,Venture Capital,4,Space Tech,Brazil,South America,Rio de Janeiro,INV0020
R00243,S00153,BoltForge,2020-05-03,2020,Q2,Pre-Seed,0.14,0.46,0.6,5.7,Lightspeed Venture Partners,Government/Sovereign Fund,3,Cybersecurity,Brazil,South America,Belo Horizonte,INV0006
R00244,S00154,NexusTech,2022-10-21,2022,Q4,Pre-Seed,0.4,1.82,2.22,5.4,Tiger Global,Accelerator,1,Gaming & Entertainment,United States,North America,New York,INV0003
R00245,S00155,GridTech,2023-03-05,2023,Q1,Seed,2.18,8.31,10.49,16.0,Atomico,Venture Capital,2,Artificial Intelligence,Mexico,South America,Monterrey,INV0032
R00246,S00155,GridTech,2025-06-22,2025,Q2,Series A,6.35,49.71,56.06,17.2,Nexus Venture Partners,Angel Investor,4,Artificial Intelligence,Mexico,South America,Monterrey,INV0072
R00247,S00156,EdgeDynamics,2024-05-06,2024,Q2,Seed,1.66,15.3,16.96,22.2,Tiger Global,Venture Capital,2,Cybersecurity,India,Asia,Chennai,INV0003
R00248,S00156,EdgeDynamics,2023-06-20,2023,Q2,Series B,93.96,1046.17,1140.13,23.2,Y Combinator,Corporate VC,5,Cybersecurity,India,Asia,Chennai,INV0007
R00249,S00157,SwiftDynamics,2026-02-18,2026,Q1,Pre-Seed,0.29,2.31,2.6,12.7,500 Global,Private Equity,7,E-Commerce,Indonesia,Asia,Surabaya,INV0023
R00250,S00158,Cloudverse,2022-07-28,2022,Q3,Pre-Seed,0.16,0.66,0.82,8.1,Accel India,Venture Capital,2,Cybersecurity,China,Asia,Hangzhou,INV0073
R00251,S00158,Cloudverse,2022-04-16,2022,Q2,Series A,17.19,197.35,214.54,28.7,Techstars,Venture Capital,3,Cybersecurity,China,Asia,Hangzhou,INV0024
R00252,S00159,IonRobotics,2025-07-16,2025,Q3,Pre-Seed,0.6,2.53,3.13,7.8,Abu Dhabi Investment Authority,Family Office,3,Gaming & Entertainment,Indonesia,Asia,Jakarta,INV0051
R00253,S00159,IonRobotics,2023-02-13,2023,Q1,Seed,2.03,13.25,15.28,15.0,Google Ventures,Corporate VC,3,Gaming & Entertainment,Indonesia,Asia,Jakarta,INV0059
R00254,S00159,IonRobotics,2023-07-25,2023,Q3,Series A,24.32,284.22,308.54,24.8,Andreessen Horowitz (a16z),Venture Capital,8,Gaming & Entertainment,Indonesia,Asia,Jakarta,INV0002
R00255,S00160,NeoSecurity,2023-02-19,2023,Q1,Seed,0.5,4.92,5.42,22.1,Kingsway Capital,Angel Investor,3,Climate Tech / Clean Energy,India,Asia,Hyderabad,INV0067
R00256,S00161,HubLogic,2021-12-11,2021,Q4,Seed,2.24,11.66,13.9,21.1,Index Ventures,Venture Capital,4,Social Media / Creator Economy,Nigeria,Africa,Nairobi,INV0015
R00257,S00162,ZenoSense,2025-06-25,2025,Q2,Pre-Seed,0.4,1.98,2.38,5.6,NVIDIA NVentures,Corporate VC,2,Cybersecurity,United States,North America,Miami,INV0060
R00258,S00163,ProtoSpace,2026-03-08,2026,Q1,Pre-Seed,0.29,0.91,1.2,12.3,Coatue Management,Family Office,2,Travel Tech,United Kingdom,Europe,Edinburgh,INV0017
R00259,S00163,ProtoSpace,2025-08-31,2025,Q3,Series A,10.2,61.1,71.3,29.7,Alibaba Group,Corporate VC,5,Travel Tech,United Kingdom,Europe,Edinburgh,INV0054
R00260,S00164,CoreBase,2023-11-16,2023,Q4,Seed,1.76,6.03,7.79,12.9,GIC,Venture Capital,8,Food & AgriTech,South Korea,Asia,Seoul,INV0050
R00261,S00164,CoreBase,2020-02-22,2020,Q1,Series B,10.0,75.36,85.36,27.2,Qualcomm Ventures,Corporate VC,2,Food & AgriTech,South Korea,Asia,Seoul,INV0062
R00262,S00165,GridAnalytics,2020-06-10,2020,Q2,Seed,0.7,5.83,6.53,24.5,Union Square Ventures,Venture Capital,7,SaaS / Enterprise Software,India,Asia,Mumbai,INV0039
R00263,S00165,GridAnalytics,2024-07-18,2024,Q3,Series B,16.64,75.52,92.16,20.0,Balderton Capital,Venture Capital,1,SaaS / Enterprise Software,India,Asia,Mumbai,INV0031
R00264,S00166,CyberFlow,2021-10-16,2021,Q4,Pre-Seed,0.21,0.77,0.98,6.2,Rakuten Capital,Angel Investor,4,Cybersecurity,Brazil,South America,São Paulo,INV0063
R00265,S00166,CyberFlow,2025-09-26,2025,Q3,Seed,1.13,11.0,12.13,18.6,Insight Partners,Corporate VC,5,Cybersecurity,Brazil,South America,São Paulo,INV0010
R00266,S00166,CyberFlow,2020-12-09,2020,Q4,Series A,7.23,29.62,36.85,16.4,Seedcamp,Corporate VC,4,Cybersecurity,Brazil,South America,São Paulo,INV0028
R00267,S00167,CoreEnergy,2023-01-06,2023,Q1,Pre-Seed,0.2,1.45,1.65,13.8,Bessemer Venture Partners,Venture Capital,5,Edtech,United States,North America,San Diego,INV0013
R00268,S00167,CoreEnergy,2022-12-09,2022,Q4,Seed,1.45,13.04,14.49,11.6,Andreessen Horowitz (a16z),Accelerator,3,Edtech,United States,North America,San Diego,INV0002
R00269,S00168,CoreCore,2021-09-22,2021,Q3,Seed,0.62,6.03,6.65,23.5,Abu Dhabi Investment Authority,Venture Capital,2,Food & AgriTech,China,Asia,Beijing,INV0051
R00270,S00168,CoreCore,2024-07-10,2024,Q3,Series A,9.37,59.83,69.2,16.8,Sapphire Ventures,Private Equity,4,Food & AgriTech,China,Asia,Beijing,INV0035
R00271,S00169,GridSecurity,2025-04-04,2025,Q2,Pre-Seed,0.27,1.92,2.19,10.4,Point Nine Capital,Venture Capital,6,Fintech,China,Asia,Guangzhou,INV0044
R00272,S00170,Terraverse,2021-02-06,2021,Q1,Seed,1.61,12.44,14.05,10.1,SBI Investment,Private Equity,3,Fintech,Nigeria,Africa,Lagos,INV0065
R00273,S00170,Terraverse,2025-01-22,2025,Q1,Series A,4.98,36.03,41.01,15.5,IVP,Venture Capital,3,Fintech,Nigeria,Africa,Lagos,INV0034
R00274,S00171,DawnForge,2024-08-29,2024,Q3,Pre-Seed,0.31,1.77,2.08,12.8,Partech Africa,Angel Investor,2,Logistics & Supply Chain,United States,North America,Los Angeles,INV0069
R00275,S00172,MetaWare,2024-11-12,2024,Q4,Seed,1.08,5.71,6.79,13.9,Sequoia Capital,Venture Capital,7,E-Commerce,United States,North America,Los Angeles,INV0001
R00276,S00172,MetaWare,2020-09-30,2020,Q3,Series A,5.53,53.8,59.33,24.5,Sequoia Capital,Venture Capital,4,E-Commerce,United States,North America,Los Angeles,INV0001
R00277,S00172,MetaWare,2023-02-18,2023,Q1,Series C,203.51,829.36,1032.87,20.1,Rakuten Capital,Family Office,11,E-Commerce,United States,North America,Los Angeles,INV0063
R00278,S00173,ProtoCore,2023-12-31,2023,Q4,Seed,1.19,9.92,11.11,12.2,Microsoft M12,Venture Capital,2,Healthcare & Biotech,United States,North America,Los Angeles,INV0057
R00279,S00174,TidePlatform,2021-07-24,2021,Q3,Seed,0.69,3.32,4.01,13.8,SoftBank Vision Fund,Government/Sovereign Fund,8,E-Commerce,China,Asia,Guangzhou,INV0005
R00280,S00175,AstraEnergy,2023-08-18,2023,Q3,Seed,1.79,17.05,18.84,16.2,LocalGlobe,Private Equity,1,Space Tech,United Kingdom,Europe,Cambridge,INV0042
R00281,S00175,AstraEnergy,2020-10-11,2020,Q4,Series A,4.47,33.5,37.97,25.5,Battery Ventures,Angel Investor,3,Space Tech,United Kingdom,Europe,Cambridge,INV0019
R00282,S00176,CyberHealth,2022-12-11,2022,Q4,Seed,2.42,10.07,12.49,13.4,NVIDIA NVentures,Venture Capital,2,SaaS / Enterprise Software,United States,North America,New York,INV0060
R00283,S00176,CyberHealth,2025-02-23,2025,Q1,Series B,21.95,140.81,162.76,24.7,Amazon Alexa Fund,Venture Capital,6,SaaS / Enterprise Software,United States,North America,New York,INV0061
R00284,S00177,Vertexverse,2021-03-13,2021,Q1,Pre-Seed,1.04,4.15,5.19,12.5,Naspers / Prosus,Government/Sovereign Fund,10,Healthcare & Biotech,United States,North America,Seattle,INV0066
R00285,S00178,OrionCore,2026-02-19,2026,Q1,Pre-Seed,0.75,3.3,4.05,14.4,Founders Fund,Government/Sovereign Fund,2,Food & AgriTech,Mexico,South America,Mexico City,INV0014
R00286,S00179,QuantumSense,2023-10-27,2023,Q4,Pre-Seed,0.25,0.82,1.07,6.7,Rakuten Capital,Venture Capital,8,Fintech,United States,North America,San Diego,INV0063
R00287,S00179,QuantumSense,2021-08-21,2021,Q3,Series A,19.4,111.19,130.59,26.5,Saudi Aramco Ventures,Corporate VC,7,Fintech,United States,North America,San Diego,INV0052
R00288,S00179,QuantumSense,2025-09-18,2025,Q3,Series C,99.53,787.26,886.79,13.3,DST Global,Venture Capital,1,Fintech,United States,North America,San Diego,INV0033
R00289,S00180,YieldBeam,2020-12-23,2020,Q4,Pre-Seed,0.92,7.34,8.26,6.4,Plug and Play,Accelerator,4,Artificial Intelligence,Indonesia,Asia,Jakarta,INV0026
R00290,S00180,YieldBeam,2023-07-01,2023,Q3,Seed,0.78,6.58,7.36,20.9,Tencent,Angel Investor,1,Artificial Intelligence,Indonesia,Asia,Jakarta,INV0053
R00291,S00181,ZenFinance,2022-05-14,2022,Q2,Seed,1.36,6.98,8.34,11.2,Abu Dhabi Investment Authority,Angel Investor,4,E-Commerce,India,Asia,Mumbai,INV0051
R00292,S00182,RuneLabs,2020-03-25,2020,Q1,Seed,3.85,15.04,18.89,13.0,B Capital Group,Angel Investor,1,Food & AgriTech,South Korea,Asia,Busan,INV0048
R00293,S00182,RuneLabs,2021-03-13,2021,Q1,Series B,80.6,933.15,1013.75,27.2,IVP,Corporate VC,4,Food & AgriTech,South Korea,Asia,Busan,INV0034
R00294,S00183,QuantumWorks,2022-03-15,2022,Q1,Seed,2.03,6.68,8.71,21.0,Peak XV Partners (fka Sequoia India),Corporate VC,1,Legal Tech,Singapore,Asia,Singapore,INV0021
R00295,S00184,SwiftHealth,2020-05-27,2020,Q2,Seed,2.09,15.36,17.45,19.7,Insight Partners,Corporate VC,2,Cybersecurity,United States,North America,Austin,INV0010
R00296,S00184,SwiftHealth,2024-11-25,2024,Q4,Series B,63.49,729.24,792.73,30.0,Bessemer Venture Partners,Venture Capital,2,Cybersecurity,United States,North America,Austin,INV0013
R00297,S00184,SwiftHealth,2025-04-09,2025,Q2,Series D,155.86,709.79,865.65,10.9,Microsoft M12,Private Equity,1,Cybersecurity,United States,North America,Austin,INV0057
R00298,S00185,FluxFlow,2026-03-13,2026,Q1,Seed,1.47,8.65,10.12,15.3,EQT Ventures,Family Office,2,Robotics & Automation,United States,North America,Los Angeles,INV0030
R00299,S00185,FluxFlow,2025-10-26,2025,Q4,Series A,9.29,45.28,54.57,21.3,Google Ventures,Angel Investor,5,Robotics & Automation,United States,North America,Los Angeles,INV0059
R00300,S00186,CloudBase,2022-04-11,2022,Q2,Seed,1.96,12.99,14.95,15.3,GIC,Corporate VC,4,Logistics & Supply Chain,Spain,Europe,Barcelona,INV0050
R00301,S00187,QuantumPlatform,2024-01-13,2024,Q1,Seed,2.77,14.99,17.76,23.5,NVIDIA NVentures,Venture Capital,2,Edtech,United Kingdom,Europe,London,INV0060
R00302,S00188,KitePay,2025-11-25,2025,Q4,Seed,1.63,15.88,17.51,13.7,Rakuten Capital,Venture Capital,3,SaaS / Enterprise Software,Australia,Oceania,Melbourne,INV0063
R00303,S00188,KitePay,2022-05-19,2022,Q2,Series A,12.19,140.47,152.66,26.8,GIC,Venture Capital,2,SaaS / Enterprise Software,Australia,Oceania,Melbourne,INV0050
R00304,S00188,KitePay,2024-06-22,2024,Q2,Series B,55.91,577.54,633.45,26.8,EQT Ventures,Venture Capital,4,SaaS / Enterprise Software,Australia,Oceania,Melbourne,INV0030
R00305,S00189,AstraRobotics,2026-03-08,2026,Q1,Pre-Seed,0.27,1.02,1.29,12.1,Qualcomm Ventures,Private Equity,4,Fintech,United States,North America,New York,INV0062
R00306,S00190,ArcNet,2025-12-04,2025,Q4,Seed,1.73,14.94,16.67,10.4,Tencent,Venture Capital,1,SaaS / Enterprise Software,Japan,Asia,Osaka,INV0053
R00307,S00190,ArcNet,2023-10-22,2023,Q4,Series A,36.17,408.58,444.75,17.9,Blume Ventures,Crowdfunding,2,SaaS / Enterprise Software,Japan,Asia,Osaka,INV0071
R00308,S00190,ArcNet,2020-07-20,2020,Q3,Series C,79.52,274.6,354.12,8.9,TLcom Capital,Venture Capital,1,SaaS / Enterprise Software,Japan,Asia,Osaka,INV0068
R00309,S00191,CloudSecurity,2022-10-10,2022,Q4,Pre-Seed,0.77,4.97,5.74,9.6,SBI Investment,Angel Investor,2,Fintech,United Kingdom,Europe,Cambridge,INV0065
R00310,S00191,CloudSecurity,2022-01-31,2022,Q1,Series A,4.87,53.56,58.43,19.8,Balderton Capital,Venture Capital,4,Fintech,United Kingdom,Europe,Cambridge,INV0031
R00311,S00191,CloudSecurity,2022-01-04,2022,Q1,Series C,67.09,517.45,584.54,21.5,Naspers / Prosus,Private Equity,3,Fintech,United Kingdom,Europe,Cambridge,INV0066
R00312,S00192,NexusAnalytics,2023-10-31,2023,Q4,Pre-Seed,0.3,2.14,2.44,9.2,Battery Ventures,Venture Capital,4,Travel Tech,Argentina,South America,Buenos Aires,INV0019
R00313,S00193,QuarkAI,2024-03-28,2024,Q1,Pre-Seed,0.15,0.63,0.78,10.6,Khosla Ventures,Venture Capital,5,Robotics & Automation,United States,North America,Chicago,INV0012
R00314,S00193,QuarkAI,2023-03-27,2023,Q1,Seed,2.18,17.29,19.47,11.7,Chiratae Ventures,Angel Investor,2,Robotics & Automation,United States,North America,Chicago,INV0070
R00315,S00193,QuarkAI,2022-02-02,2022,Q1,Series B,70.38,652.5,722.88,20.7,B Capital Group,Angel Investor,2,Robotics & Automation,United States,North America,Chicago,INV0048
R00316,S00194,CruxWare,2022-10-11,2022,Q4,Seed,3.42,18.02,21.44,11.7,Battery Ventures,Venture Capital,4,E-Commerce,United Kingdom,Europe,Manchester,INV0019
R00317,S00194,CruxWare,2025-07-06,2025,Q3,Series B,25.58,113.81,139.39,25.6,TLcom Capital,Angel Investor,6,E-Commerce,United Kingdom,Europe,Manchester,INV0068
R00318,S00194,CruxWare,2022-03-07,2022,Q1,Series D,340.97,2064.19,2405.16,18.6,NEA,Angel Investor,1,E-Commerce,United Kingdom,Europe,Manchester,INV0020
R00319,S00195,CoreBio,2024-11-08,2024,Q4,Pre-Seed,1.09,6.27,7.36,10.4,Plug and Play,Venture Capital,2,Cybersecurity,India,Asia,Bangalore,INV0026
R00320,S00195,CoreBio,2023-09-05,2023,Q3,Series A,27.73,290.86,318.59,17.3,Kingsway Capital,Angel Investor,3,Cybersecurity,India,Asia,Bangalore,INV0067
R00321,S00195,CoreBio,2024-07-26,2024,Q3,Series B,52.3,402.74,455.04,18.9,Cherry Ventures,Accelerator,3,Cybersecurity,India,Asia,Bangalore,INV0043
R00322,S00196,NexusLabs,2025-05-10,2025,Q2,Seed,4.11,23.6,27.71,23.9,Greylock Partners,Corporate VC,2,Food & AgriTech,Netherlands,Europe,Rotterdam,INV0018
R00323,S00197,YieldAnalytics,2020-02-21,2020,Q1,Pre-Seed,0.57,4.89,5.46,14.1,EQT Ventures,Angel Investor,3,Cybersecurity,Nigeria,Africa,Lagos,INV0030
R00324,S00198,WaveAI,2021-11-12,2021,Q4,Seed,7.19,32.41,39.6,16.7,Battery Ventures,Venture Capital,1,Gaming & Entertainment,United States,North America,Chicago,INV0019
R00325,S00199,HyperHealth,2022-10-08,2022,Q4,Pre-Seed,0.3,1.86,2.16,13.1,Benchmark,Angel Investor,6,Cybersecurity,India,Asia,Pune,INV0008
R00326,S00200,AstraLogic,2023-12-20,2023,Q4,Pre-Seed,0.58,3.67,4.25,11.0,IVP,Venture Capital,3,Gaming & Entertainment,Poland,Europe,Kraków,INV0034
R00327,S00201,VibeX,2026-03-09,2026,Q1,Pre-Seed,0.78,5.06,5.84,13.7,Benchmark,Crowdfunding,6,Fintech,Canada,North America,Vancouver,INV0008
R00328,S00201,VibeX,2021-10-26,2021,Q4,Series A,19.77,153.41,173.18,27.0,Khosla Ventures,Venture Capital,6,Fintech,Canada,North America,Vancouver,INV0012
R00329,S00201,VibeX,2022-07-22,2022,Q3,Series B,32.99,388.49,421.48,17.8,Atomico,Venture Capital,3,Fintech,Canada,North America,Vancouver,INV0032
R00330,S00202,Sageverse,2022-12-20,2022,Q4,Seed,3.65,13.9,17.55,13.0,Seedcamp,Private Equity,3,Fintech,United Kingdom,Europe,Bristol,INV0028
R00331,S00202,Sageverse,2020-03-22,2020,Q1,Series A,13.24,147.42,160.66,25.9,Seedcamp,Corporate VC,2,Fintech,United Kingdom,Europe,Bristol,INV0028
R00332,S00202,Sageverse,2021-06-16,2021,Q2,Series B,94.99,829.78,924.77,28.6,Union Square Ventures,Venture Capital,2,Fintech,United Kingdom,Europe,Bristol,INV0039
R00333,S00203,ProtoLabs,2020-06-11,2020,Q2,Seed,1.52,7.56,9.08,19.6,Techstars,Venture Capital,3,Legal Tech,United States,North America,Los Angeles,INV0024
R00334,S00204,RapidStack,2022-05-16,2022,Q2,Pre-Seed,0.73,6.43,7.16,8.5,Coatue Management,Private Equity,2,Artificial Intelligence,Switzerland,Europe,Zurich,INV0017
R00335,S00205,DataCore,2023-05-07,2023,Q2,Pre-Seed,0.31,1.62,1.93,10.1,Chiratae Ventures,Government/Sovereign Fund,6,Healthcare & Biotech,United States,North America,Austin,INV0070
R00336,S00206,HyperTech,2023-10-17,2023,Q4,Pre-Seed,0.71,4.2,4.91,10.0,Temasek,Angel Investor,5,Artificial Intelligence,United Kingdom,Europe,Cambridge,INV0049
R00337,S00206,HyperTech,2025-08-23,2025,Q3,Series A,9.45,82.97,92.42,28.7,Tiger Global,Venture Capital,6,Artificial Intelligence,United Kingdom,Europe,Cambridge,INV0003
R00338,S00207,NexusEnergy,2024-06-09,2024,Q2,Pre-Seed,0.31,3.07,3.38,10.0,BlueYard Capital,Accelerator,6,Artificial Intelligence,Israel,Middle East,Jerusalem,INV0029
R00339,S00208,FluxBio,2025-04-29,2025,Q2,Seed,1.35,9.02,10.37,13.4,Samsung Ventures,Venture Capital,2,Fintech,United States,North America,Chicago,INV0055
R00340,S00209,UltraTech,2021-12-17,2021,Q4,Seed,1.48,5.57,7.05,12.1,Elevation Capital,Angel Investor,2,Gaming & Entertainment,Germany,Europe,Frankfurt,INV0036
R00341,S00209,UltraTech,2023-08-25,2023,Q3,Series A,3.74,36.9,40.64,27.8,Chiratae Ventures,Government/Sovereign Fund,1,Gaming & Entertainment,Germany,Europe,Frankfurt,INV0070
R00342,S00210,WaveSystems,2025-03-22,2025,Q1,Seed,1.05,7.7,8.75,21.7,Greylock Partners,Angel Investor,2,Healthcare & Biotech,South Africa,Africa,Cape Town,INV0018
R00343,S00210,WaveSystems,2022-03-26,2022,Q1,Series B,44.64,339.35,383.99,19.3,NVIDIA NVentures,Venture Capital,3,Healthcare & Biotech,South Africa,Africa,Cape Town,INV0060
R00344,S00211,EchoSecurity,2021-01-24,2021,Q1,Pre-Seed,0.92,9.13,10.05,14.9,Seedcamp,Corporate VC,3,Real Estate Tech,China,Asia,Shenzhen,INV0028
R00345,S00211,EchoSecurity,2022-08-24,2022,Q3,Seed,1.9,15.49,17.39,16.2,SOSV,Venture Capital,3,Real Estate Tech,China,Asia,Shenzhen,INV0025
R00346,S00212,Arcio,2022-09-19,2022,Q3,Pre-Seed,0.34,2.57,2.91,14.1,Ribbit Capital,Venture Capital,1,Fintech,France,Europe,Lyon,INV0016
R00347,S00213,HyperMind,2021-06-27,2021,Q2,Pre-Seed,0.56,2.2,2.76,9.1,Insight Partners,Venture Capital,7,Climate Tech / Clean Energy,China,Asia,Hangzhou,INV0010
R00348,S00214,MetaAI,2025-09-14,2025,Q3,Pre-Seed,0.39,2.12,2.51,15.0,Microsoft M12,Venture Capital,1,Fintech,United States,North America,Los Angeles,INV0057
R00349,S00214,MetaAI,2025-09-26,2025,Q3,Seed,2.18,7.46,9.64,18.7,Norwest Venture Partners,Accelerator,4,Fintech,United States,North America,Los Angeles,INV0037
R00350,S00215,DawnSecurity,2024-03-19,2024,Q1,Seed,0.81,7.75,8.56,16.0,First Round Capital,Venture Capital,2,SaaS / Enterprise Software,United States,North America,Los Angeles,INV0040
R00351,S00216,VertexAI,2023-10-15,2023,Q4,Seed,0.57,4.26,4.83,14.3,Norwest Venture Partners,Accelerator,2,Logistics & Supply Chain,United Kingdom,Europe,Edinburgh,INV0037
R00352,S00217,OrionAI,2022-03-05,2022,Q1,Seed,5.92,57.32,63.24,10.4,Redpoint Ventures,Family Office,2,SaaS / Enterprise Software,Japan,Asia,Osaka,INV0038
R00353,S00217,OrionAI,2020-11-07,2020,Q4,Series A,13.8,155.12,168.92,19.2,NVIDIA NVentures,Accelerator,8,SaaS / Enterprise Software,Japan,Asia,Osaka,INV0060
R00354,S00218,FluxLogic,2024-11-27,2024,Q4,Seed,1.6,11.64,13.24,23.1,Microsoft M12,Private Equity,5,Climate Tech / Clean Energy,United States,North America,Denver,INV0057
R00355,S00219,ArcEnergy,2024-11-28,2024,Q4,Seed,2.97,29.23,32.2,22.6,Chiratae Ventures,Corporate VC,4,Healthcare & Biotech,United Kingdom,Europe,Bristol,INV0070
R00356,S00220,MetaX,2024-08-25,2024,Q3,Pre-Seed,0.74,3.62,4.36,13.2,Peak XV Partners (fka Sequoia India),Venture Capital,4,Healthcare & Biotech,France,Europe,Lyon,INV0021
R00357,S00220,MetaX,2021-08-10,2021,Q3,Series A,4.92,20.3,25.22,28.2,Partech Africa,Venture Capital,5,Healthcare & Biotech,France,Europe,Lyon,INV0069
R00358,S00221,Zenly,2021-01-12,2021,Q1,Pre-Seed,0.34,2.41,2.75,11.7,Insight Partners,Angel Investor,1,Fintech,France,Europe,Lyon,INV0010
R00359,S00221,Zenly,2024-11-18,2024,Q4,Series A,7.21,72.88,80.09,24.8,IVP,Venture Capital,4,Fintech,France,Europe,Lyon,INV0034
R00360,S00222,WaveForge,2025-06-18,2025,Q2,Pre-Seed,1.14,6.46,7.6,14.5,Partech Africa,Venture Capital,4,E-Commerce,India,Asia,Chennai,INV0069
R00361,S00223,BoltLink,2020-09-29,2020,Q3,Pre-Seed,0.51,2.12,2.63,14.5,Rakuten Capital,Private Equity,5,Food & AgriTech,United States,North America,San Francisco,INV0063
R00362,S00223,BoltLink,2020-02-04,2020,Q1,Series A,45.0,322.92,367.92,18.1,Redpoint Ventures,Private Equity,4,Food & AgriTech,United States,North America,San Francisco,INV0038
R00363,S00224,OnyxPlatform,2021-07-07,2021,Q3,Pre-Seed,0.44,4.0,4.44,9.8,BlueYard Capital,Family Office,3,Food & AgriTech,United Kingdom,Europe,Bristol,INV0029
R00364,S00225,TerraWorks,2021-11-16,2021,Q4,Seed,1.49,10.4,11.89,11.8,Accel India,Private Equity,4,Gaming & Entertainment,Vietnam,Asia,Ho Chi Minh City,INV0073
R00365,S00226,DataRobotics,2022-10-17,2022,Q4,Pre-Seed,1.2,10.54,11.74,12.7,Sapphire Ventures,Private Equity,4,SaaS / Enterprise Software,United Kingdom,Europe,Bristol,INV0035
R00366,S00227,FluxHub,2021-07-27,2021,Q3,Seed,2.15,21.38,23.53,10.7,Union Square Ventures,Venture Capital,2,Fintech,Singapore,Asia,Singapore,INV0039
R00367,S00228,TerraHealth,2020-01-26,2020,Q1,Seed,1.98,13.5,15.48,18.9,Coatue Management,Venture Capital,3,Healthcare & Biotech,Netherlands,Europe,Amsterdam,INV0017
R00368,S00229,DataWare,2023-01-23,2023,Q1,Seed,2.97,26.61,29.58,19.6,Sapphire Ventures,Private Equity,3,Space Tech,United States,North America,Boston,INV0035
R00369,S00230,ApexBase,2020-05-10,2020,Q2,Seed,3.96,27.23,31.19,13.8,Ribbit Capital,Venture Capital,4,Fintech,China,Asia,Hangzhou,INV0016
R00370,S00231,FluxAnalytics,2021-01-29,2021,Q1,Pre-Seed,0.15,0.61,0.76,13.2,Abu Dhabi Investment Authority,Venture Capital,3,Cybersecurity,United Kingdom,Europe,Edinburgh,INV0051
R00371,S00231,FluxAnalytics,2024-06-16,2024,Q2,Seed,2.17,8.2,10.37,17.4,Point Nine Capital,Family Office,4,Cybersecurity,United Kingdom,Europe,Edinburgh,INV0044
R00372,S00231,FluxAnalytics,2025-07-02,2025,Q3,Series A,11.08,115.68,126.76,28.9,Sequoia Capital,Accelerator,2,Cybersecurity,United Kingdom,Europe,Edinburgh,INV0001
R00373,S00232,NeoAI,2026-02-20,2026,Q1,Pre-Seed,0.4,2.24,2.64,10.5,Balderton Capital,Private Equity,4,Food & AgriTech,United States,North America,New York,INV0031
R00374,S00233,Pulsefy,2020-11-08,2020,Q4,Pre-Seed,1.26,9.18,10.44,9.4,NVIDIA NVentures,Venture Capital,4,Fintech,China,Asia,Shenzhen,INV0060
R00375,S00234,DataNet,2025-08-29,2025,Q3,Pre-Seed,0.39,3.55,3.94,7.5,Techstars,Family Office,1,Fintech,United States,North America,San Francisco,INV0024
R00376,S00234,DataNet,2022-06-18,2022,Q2,Seed,0.88,7.09,7.97,15.0,Qualcomm Ventures,Angel Investor,5,Fintech,United States,North America,San Francisco,INV0062
R00377,S00235,ArcBio,2020-03-18,2020,Q1,Pre-Seed,0.35,1.51,1.86,12.1,NVIDIA NVentures,Family Office,1,Space Tech,China,Asia,Guangzhou,INV0060
R00378,S00236,Echoly,2025-02-23,2025,Q1,Seed,2.62,13.17,15.79,24.9,Balderton Capital,Accelerator,3,Healthcare & Biotech,United Kingdom,Europe,Edinburgh,INV0031
R00379,S00237,AlphaTech,2023-12-10,2023,Q4,Seed,0.72,5.97,6.69,22.4,Benchmark,Government/Sovereign Fund,8,Artificial Intelligence,United States,North America,Boston,INV0008
R00380,S00237,AlphaTech,2021-12-02,2021,Q4,Series A,14.85,63.48,78.33,23.8,DST Global,Venture Capital,3,Artificial Intelligence,United States,North America,Boston,INV0033
R00381,S00238,ForgeWorks,2020-01-25,2020,Q1,Pre-Seed,1.08,9.98,11.06,5.1,Nexus Venture Partners,Accelerator,1,Fintech,United States,North America,Seattle,INV0072
R00382,S00239,ApexWare,2025-11-22,2025,Q4,Seed,3.5,32.48,35.98,21.9,NEA,Venture Capital,6,Healthcare & Biotech,United States,North America,Seattle,INV0020
R00383,S00240,ZenAnalytics,2022-01-05,2022,Q1,Pre-Seed,0.29,1.93,2.22,13.6,Ribbit Capital,Venture Capital,1,Fintech,Germany,Europe,Hamburg,INV0016
R00384,S00241,NeoEnergy,2025-05-27,2025,Q2,Pre-Seed,0.93,4.52,5.45,9.6,B Capital Group,Corporate VC,3,Cybersecurity,Kenya,Africa,Nairobi,INV0048
R00385,S00241,NeoEnergy,2021-10-21,2021,Q4,Series A,16.94,129.79,146.73,15.5,Andreessen Horowitz (a16z),Angel Investor,4,Cybersecurity,Kenya,Africa,Nairobi,INV0002
R00386,S00241,NeoEnergy,2020-08-23,2020,Q3,Series B,41.09,304.23,345.32,20.7,Ribbit Capital,Private Equity,2,Cybersecurity,Kenya,Africa,Nairobi,INV0016
R00387,S00242,KiteSecurity,2021-03-09,2021,Q1,Seed,3.57,33.72,37.29,20.6,Salesforce Ventures,Venture Capital,9,Fintech,United States,North America,Seattle,INV0058
R00388,S00243,HyperHub,2025-01-21,2025,Q1,Seed,0.56,2.23,2.79,18.0,Coatue Management,Venture Capital,2,E-Commerce,India,Asia,Mumbai,INV0017
R00389,S00243,HyperHub,2021-09-25,2021,Q3,Series B,31.9,348.62,380.52,19.6,Google Ventures,Angel Investor,1,E-Commerce,India,Asia,Mumbai,INV0059
R00390,S00243,HyperHub,2020-07-18,2020,Q3,Series C,89.82,270.95,360.77,9.4,Lightspeed Venture Partners,Venture Capital,5,E-Commerce,India,Asia,Mumbai,INV0006
R00391,S00244,Cruxio,2025-05-03,2025,Q2,Seed,5.95,47.36,53.31,15.6,Tiger Global,Corporate VC,2,HR Tech,Canada,North America,Toronto,INV0003
R00392,S00245,CruxDynamics,2025-12-16,2025,Q4,Seed,2.2,16.19,18.39,21.3,TLcom Capital,Corporate VC,4,Cybersecurity,India,Asia,Pune,INV0068
R00393,S00245,CruxDynamics,2024-07-11,2024,Q3,Series B,120.0,1205.68,1325.68,20.9,Microsoft M12,Angel Investor,3,Cybersecurity,India,Asia,Pune,INV0057
R00394,S00246,Tideverse,2021-08-07,2021,Q3,Pre-Seed,0.52,4.65,5.17,6.7,Benchmark,Family Office,1,Artificial Intelligence,United States,North America,Chicago,INV0008
R00395,S00247,BoltTech,2026-03-29,2026,Q1,Pre-Seed,0.98,3.81,4.79,6.0,B Capital Group,Accelerator,1,Insurtech,United Kingdom,Europe,Manchester,INV0048
R00396,S00247,BoltTech,2020-01-09,2020,Q1,Series A,15.44,146.47,161.91,20.1,Norwest Venture Partners,Corporate VC,4,Insurtech,United Kingdom,Europe,Manchester,INV0037
R00397,S00247,BoltTech,2021-04-26,2021,Q2,Series C,164.5,1153.94,1318.44,16.2,Abu Dhabi Investment Authority,Angel Investor,4,Insurtech,United Kingdom,Europe,Manchester,INV0051
R00398,S00248,PixelEnergy,2021-08-08,2021,Q3,Pre-Seed,0.58,5.45,6.03,10.5,Seedcamp,Venture Capital,1,Food & AgriTech,United States,North America,San Diego,INV0028
R00399,S00249,FluxLink,2025-06-27,2025,Q2,Pre-Seed,0.27,2.23,2.5,11.8,B Capital Group,Venture Capital,8,Space Tech,United States,North America,Miami,INV0048
R00400,S00250,RuneLink,2025-12-19,2025,Q4,Seed,6.82,36.29,43.11,23.3,SBI Investment,Angel Investor,4,Web3 / Blockchain,India,Asia,Chennai,INV0065
R00401,S00251,QuarkLabs,2020-01-29,2020,Q1,Pre-Seed,0.53,4.52,5.05,12.7,Qualcomm Ventures,Angel Investor,3,Fintech,Australia,Oceania,Melbourne,INV0062
R00402,S00252,ZenoForge,2025-04-16,2025,Q2,Seed,2.66,17.94,20.6,20.5,Partech,Angel Investor,1,Food & AgriTech,Germany,Europe,Berlin,INV0046
R00403,S00252,ZenoForge,2021-03-27,2021,Q1,Series A,7.46,53.03,60.49,19.0,Union Square Ventures,Family Office,3,Food & AgriTech,Germany,Europe,Berlin,INV0039
R00404,S00252,ZenoForge,2023-08-20,2023,Q3,Series B,31.31,144.23,175.54,15.2,Blume Ventures,Corporate VC,1,Food & AgriTech,Germany,Europe,Berlin,INV0071
R00405,S00253,Nexusverse,2020-05-23,2020,Q2,Seed,5.37,38.45,43.82,20.4,Alibaba Group,Private Equity,2,Artificial Intelligence,Singapore,Asia,Singapore,INV0054
R00406,S00254,PulseNet,2020-10-21,2020,Q4,Seed,1.38,10.61,11.99,13.3,Seedcamp,Angel Investor,2,Social Media / Creator Economy,United Kingdom,Europe,Edinburgh,INV0028
R00407,S00255,BoltSecurity,2026-02-28,2026,Q1,Pre-Seed,0.32,3.14,3.46,14.2,Accel India,Family Office,1,Fintech,United States,North America,San Francisco,INV0073
R00408,S00255,BoltSecurity,2020-05-24,2020,Q2,Series A,21.43,206.32,227.75,24.3,SoftBank Vision Fund,Family Office,1,Fintech,United States,North America,San Francisco,INV0005
R00409,S00256,ForgeFlow,2023-04-05,2023,Q2,Seed,1.27,4.36,5.63,21.7,Nexus Venture Partners,Venture Capital,3,Gaming & Entertainment,United States,North America,Los Angeles,INV0072
R00410,S00256,ForgeFlow,2021-05-30,2021,Q2,Series B,30.94,136.71,167.65,24.2,Mitsubishi UFJ Capital,Venture Capital,3,Gaming & Entertainment,United States,North America,Los Angeles,INV0064
R00411,S00257,CruxFinance,2022-10-19,2022,Q4,Seed,1.5,11.39,12.89,10.4,Intel Capital,Venture Capital,8,Fintech,Germany,Europe,Hamburg,INV0056
R00412,S00258,OrionX,2026-02-03,2026,Q1,Pre-Seed,0.39,2.23,2.62,5.5,B Capital Group,Corporate VC,2,Artificial Intelligence,Netherlands,Europe,Amsterdam,INV0048
R00413,S00259,CloudTech,2020-03-28,2020,Q1,Seed,3.13,19.65,22.78,23.6,GV (Google Ventures),Private Equity,5,Cybersecurity,India,Asia,Mumbai,INV0011
R00414,S00259,CloudTech,2020-02-04,2020,Q1,Series B,34.29,150.49,184.78,28.8,Intel Capital,Family Office,3,Cybersecurity,India,Asia,Mumbai,INV0056
R00415,S00259,CloudTech,2025-07-31,2025,Q3,Series D,50.44,342.7,393.14,8.8,Abu Dhabi Investment Authority,Corporate VC,2,Cybersecurity,India,Asia,Mumbai,INV0051
R00416,S00260,JetTech,2024-12-15,2024,Q4,Seed,3.69,35.93,39.62,18.4,BlueYard Capital,Venture Capital,1,Fintech,China,Asia,Shenzhen,INV0029
R00417,S00261,Neoverse,2026-01-21,2026,Q1,Seed,1.5,8.01,9.51,16.3,Lightspeed Venture Partners,Accelerator,3,Healthcare & Biotech,India,Asia,Hyderabad,INV0006
R00418,S00261,Neoverse,2025-07-24,2025,Q3,Series A,20.62,157.95,178.57,20.9,Sequoia Capital,Venture Capital,4,Healthcare & Biotech,India,Asia,Hyderabad,INV0001
R00419,S00261,Neoverse,2020-10-21,2020,Q4,Series C,73.67,438.14,511.81,13.1,Benchmark,Venture Capital,3,Healthcare & Biotech,India,Asia,Hyderabad,INV0008
R00420,S00262,XenoWare,2024-08-05,2024,Q3,Seed,1.27,11.6,12.87,13.3,Google Ventures,Accelerator,1,Artificial Intelligence,India,Asia,Mumbai,INV0059
R00421,S00263,YieldSystems,2025-12-15,2025,Q4,Pre-Seed,0.63,2.56,3.19,8.1,Ribbit Capital,Venture Capital,3,Fintech,United States,North America,Chicago,INV0016
R00422,S00263,YieldSystems,2020-10-26,2020,Q4,Series A,9.81,92.75,102.56,20.7,Union Square Ventures,Venture Capital,5,Fintech,United States,North America,Chicago,INV0039
R00423,S00264,RapidWorks,2024-07-12,2024,Q3,Seed,3.95,34.97,38.92,17.1,Accel Partners,Private Equity,2,Fintech,Canada,North America,Vancouver,INV0004
R00424,S00265,RuneWorks,2022-05-16,2022,Q2,Seed,2.11,8.09,10.2,24.6,DST Global,Crowdfunding,4,E-Commerce,Japan,Asia,Tokyo,INV0033
R00425,S00265,RuneWorks,2020-02-13,2020,Q1,Series B,14.13,167.36,181.49,26.4,Coatue Management,Venture Capital,2,E-Commerce,Japan,Asia,Tokyo,INV0017
R00426,S00266,Veloio,2025-11-04,2025,Q4,Seed,3.25,19.2,22.45,21.6,Google Ventures,Corporate VC,8,Fintech,China,Asia,Shanghai,INV0059
R00427,S00266,Veloio,2020-02-02,2020,Q1,Series A,6.11,61.26,67.37,19.9,Bessemer Venture Partners,Venture Capital,3,Fintech,China,Asia,Shanghai,INV0013
R00428,S00267,FluxHealth,2020-03-22,2020,Q1,Seed,2.1,18.51,20.61,16.4,Samsung Ventures,Venture Capital,2,Web3 / Blockchain,Egypt,Africa,Cairo,INV0055
R00429,S00267,FluxHealth,2020-05-03,2020,Q2,Series B,19.99,124.12,144.11,21.7,Rakuten Capital,Venture Capital,4,Web3 / Blockchain,Egypt,Africa,Cairo,INV0063
R00430,S00268,ZenoBase,2021-09-23,2021,Q3,Seed,2.68,23.87,26.55,22.1,Google Ventures,Accelerator,3,Real Estate Tech,France,Europe,Toulouse,INV0059
R00431,S00269,OnyxForge,2023-05-26,2023,Q2,Pre-Seed,0.83,7.52,8.35,10.2,Atomico,Corporate VC,4,Climate Tech / Clean Energy,Brazil,South America,São Paulo,INV0032
R00432,S00269,OnyxForge,2021-06-09,2021,Q2,Series A,3.38,36.13,39.51,19.0,Accel India,Angel Investor,7,Climate Tech / Clean Energy,Brazil,South America,São Paulo,INV0073
R00433,S00270,DawnNet,2020-05-21,2020,Q2,Seed,0.84,4.46,5.3,15.0,Temasek,Venture Capital,8,Climate Tech / Clean Energy,United States,North America,San Francisco,INV0049
R00434,S00271,SageForge,2022-12-07,2022,Q4,Pre-Seed,0.94,7.57,8.51,5.8,Intel Capital,Venture Capital,3,Gaming & Entertainment,India,Asia,Chennai,INV0056
R00435,S00272,CloudSense,2023-02-22,2023,Q1,Pre-Seed,2.25,7.54,9.79,5.8,Partech Africa,Venture Capital,1,Robotics & Automation,United States,North America,New York,INV0069
R00436,S00272,CloudSense,2021-11-29,2021,Q4,Series A,8.05,64.23,72.28,28.5,Insight Partners,Private Equity,3,Robotics & Automation,United States,North America,New York,INV0010
R00437,S00273,QuarkForge,2024-04-28,2024,Q2,Seed,0.88,7.48,8.36,10.7,Norwest Venture Partners,Accelerator,2,SaaS / Enterprise Software,India,Asia,Hyderabad,INV0037
R00438,S00274,Cruxverse,2022-11-04,2022,Q4,Pre-Seed,0.35,1.11,1.46,10.9,Microsoft M12,Venture Capital,5,HR Tech,Japan,Asia,Osaka,INV0057
R00439,S00274,Cruxverse,2021-08-23,2021,Q3,Series A,7.52,56.65,64.17,29.1,Samsung Ventures,Corporate VC,5,HR Tech,Japan,Asia,Osaka,INV0055
R00440,S00274,Cruxverse,2025-03-05,2025,Q1,Series C,116.11,354.06,470.17,19.1,Rakuten Capital,Angel Investor,4,HR Tech,Japan,Asia,Osaka,INV0063
R00441,S00275,GridHub,2026-02-11,2026,Q1,Pre-Seed,0.23,0.86,1.09,6.8,Abu Dhabi Investment Authority,Venture Capital,6,Cybersecurity,France,Europe,Toulouse,INV0051
R00442,S00276,ZenoWare,2022-09-08,2022,Q3,Seed,1.9,6.0,7.9,14.9,500 Global,Venture Capital,2,Social Media / Creator Economy,United States,North America,Seattle,INV0023
R00443,S00277,Rapidverse,2024-08-25,2024,Q3,Pre-Seed,0.73,5.48,6.21,14.7,Partech,Government/Sovereign Fund,3,E-Commerce,South Korea,Asia,Busan,INV0046
R00444,S00278,NeoStack,2022-04-22,2022,Q2,Seed,1.46,7.6,9.06,11.7,Alibaba Group,Venture Capital,6,Food & AgriTech,Netherlands,Europe,Rotterdam,INV0054
R00445,S00278,NeoStack,2025-05-29,2025,Q2,Series B,46.11,289.21,335.32,19.7,Tencent,Corporate VC,2,Food & AgriTech,Netherlands,Europe,Rotterdam,INV0053
R00446,S00279,JetEnergy,2021-11-02,2021,Q4,Seed,1.33,11.76,13.09,14.5,Plug and Play,Venture Capital,6,Climate Tech / Clean Energy,United States,North America,San Francisco,INV0026
R00447,S00279,JetEnergy,2025-11-13,2025,Q4,Series A,28.73,132.15,160.88,26.8,Union Square Ventures,Angel Investor,4,Climate Tech / Clean Energy,United States,North America,San Francisco,INV0039
R00448,S00279,JetEnergy,2021-01-07,2021,Q1,Series C,113.69,376.39,490.08,18.5,LocalGlobe,Corporate VC,1,Climate Tech / Clean Energy,United States,North America,San Francisco,INV0042
R00449,S00280,MetaCore,2022-06-04,2022,Q2,Pre-Seed,0.29,2.44,2.73,10.1,DST Global,Corporate VC,1,E-Commerce,United States,North America,San Francisco,INV0033
R00450,S00281,EdgeBeam,2020-09-03,2020,Q3,Seed,4.1,40.8,44.9,23.6,Benchmark,Venture Capital,4,Real Estate Tech,Brazil,South America,Belo Horizonte,INV0008
R00451,S00282,UltraFinance,2023-04-16,2023,Q2,Seed,2.49,10.85,13.34,16.3,Matrix Partners,Crowdfunding,1,Fintech,United States,North America,Chicago,INV0022
R00452,S00283,WaveEnergy,2022-01-16,2022,Q1,Pre-Seed,0.72,4.27,4.99,7.9,Salesforce Ventures,Corporate VC,1,Fintech,India,Asia,Hyderabad,INV0058
R00453,S00283,WaveEnergy,2020-09-30,2020,Q3,Series A,7.76,90.23,97.99,21.8,Kingsway Capital,Private Equity,4,Fintech,India,Asia,Hyderabad,INV0067
R00454,S00284,QuantumWare,2025-07-26,2025,Q3,Pre-Seed,0.31,0.95,1.26,7.6,Naspers / Prosus,Venture Capital,4,Climate Tech / Clean Energy,United States,North America,Denver,INV0066
R00455,S00284,QuantumWare,2021-04-30,2021,Q2,Series A,12.38,146.89,159.27,22.3,Blume Ventures,Venture Capital,1,Climate Tech / Clean Energy,United States,North America,Denver,INV0071
R00456,S00285,ProtoRobotics,2022-03-19,2022,Q1,Seed,1.07,9.13,10.2,12.0,Peak XV Partners (fka Sequoia India),Venture Capital,2,Cybersecurity,United States,North America,Seattle,INV0021
R00457,S00285,ProtoRobotics,2021-05-26,2021,Q2,Series B,14.85,108.94,123.79,20.9,Elevation Capital,Private Equity,3,Cybersecurity,United States,North America,Seattle,INV0036
R00458,S00286,PulseLabs,2021-02-11,2021,Q1,Pre-Seed,0.59,3.4,3.99,13.7,SBI Investment,Private Equity,3,Logistics & Supply Chain,South Africa,Africa,Johannesburg,INV0065
R00459,S00286,PulseLabs,2025-09-08,2025,Q3,Series A,16.83,118.84,135.67,25.6,Saudi Aramco Ventures,Angel Investor,4,Logistics & Supply Chain,South Africa,Africa,Johannesburg,INV0052
R00460,S00287,ZenoCloud,2024-12-18,2024,Q4,Pre-Seed,0.29,1.76,2.05,12.3,B Capital Group,Corporate VC,10,E-Commerce,Singapore,Asia,Singapore,INV0048
R00461,S00288,KiteEnergy,2022-07-08,2022,Q3,Pre-Seed,0.36,1.11,1.47,5.2,Nexus Venture Partners,Government/Sovereign Fund,7,Cybersecurity,China,Asia,Shenzhen,INV0072
R00462,S00289,Yieldfy,2025-04-22,2025,Q2,Pre-Seed,0.48,1.8,2.28,6.5,Intel Capital,Venture Capital,2,Artificial Intelligence,United States,North America,Boston,INV0056
R00463,S00290,Fluxverse,2020-04-11,2020,Q2,Seed,2.43,21.29,23.72,23.6,Kingsway Capital,Venture Capital,4,SaaS / Enterprise Software,United Kingdom,Europe,Bristol,INV0067
R00464,S00291,NeoCloud,2023-10-15,2023,Q4,Seed,3.44,19.02,22.46,16.0,Rakuten Capital,Angel Investor,6,Healthcare & Biotech,United States,North America,Denver,INV0063
R00465,S00291,NeoCloud,2022-12-30,2022,Q4,Series B,51.3,593.72,645.02,21.0,Antler,Corporate VC,4,Healthcare & Biotech,United States,North America,Denver,INV0027
R00466,S00291,NeoCloud,2020-09-27,2020,Q3,Series C,54.52,204.51,259.03,23.4,BlueYard Capital,Venture Capital,6,Healthcare & Biotech,United States,North America,Denver,INV0029
R00467,S00292,CloudDynamics,2021-04-22,2021,Q2,Seed,5.63,45.1,50.73,17.5,Ribbit Capital,Venture Capital,2,Logistics & Supply Chain,Mexico,South America,Monterrey,INV0016
R00468,S00293,SageSecurity,2025-07-24,2025,Q3,Pre-Seed,0.5,2.66,3.16,6.5,Y Combinator,Venture Capital,3,E-Commerce,India,Asia,Bangalore,INV0007
R00469,S00294,OnyxTech,2024-01-02,2024,Q1,Pre-Seed,0.45,2.02,2.47,8.3,LocalGlobe,Crowdfunding,2,Healthcare & Biotech,United Kingdom,Europe,Bristol,INV0042
R00470,S00295,GridLink,2021-06-26,2021,Q2,Seed,3.18,20.42,23.6,14.2,Sapphire Ventures,Angel Investor,6,Logistics & Supply Chain,United States,North America,Seattle,INV0035
R00471,S00296,EchoMind,2023-04-13,2023,Q2,Seed,1.61,5.87,7.48,11.4,LocalGlobe,Venture Capital,2,HR Tech,Argentina,South America,Buenos Aires,INV0042
R00472,S00296,EchoMind,2024-02-21,2024,Q1,Series A,20.61,157.73,178.34,15.8,Intel Capital,Accelerator,9,HR Tech,Argentina,South America,Buenos Aires,INV0056
R00473,S00297,HubLink,2023-05-28,2023,Q2,Pre-Seed,0.46,4.05,4.51,8.9,Google Ventures,Government/Sovereign Fund,5,Cybersecurity,United States,North America,Los Angeles,INV0059
R00474,S00298,FluxForge,2024-04-01,2024,Q2,Seed,0.9,7.61,8.51,14.0,SOSV,Crowdfunding,8,SaaS / Enterprise Software,Australia,Oceania,Melbourne,INV0025
R00475,S00299,AstraNet,2022-12-29,2022,Q4,Seed,1.14,8.22,9.36,12.9,Intel Capital,Private Equity,3,Healthcare & Biotech,China,Asia,Guangzhou,INV0056
R00476,S00299,AstraNet,2025-05-22,2025,Q2,Series A,25.17,217.4,242.57,27.9,B Capital Group,Corporate VC,3,Healthcare & Biotech,China,Asia,Guangzhou,INV0048
R00477,S00299,AstraNet,2022-01-21,2022,Q1,Series B,28.5,252.67,281.17,15.8,B Capital Group,Accelerator,3,Healthcare & Biotech,China,Asia,Guangzhou,INV0048
R00478,S00300,FluxSecurity,2025-09-05,2025,Q3,Pre-Seed,0.28,1.25,1.53,12.9,Google Ventures,Corporate VC,1,HR Tech,Brazil,South America,São Paulo,INV0059
R00479,S00301,RapidLabs,2020-10-19,2020,Q4,Pre-Seed,0.6,5.6,6.2,10.0,Partech,Venture Capital,2,Healthcare & Biotech,Israel,Middle East,Tel Aviv,INV0046
R00480,S00301,RapidLabs,2025-06-19,2025,Q2,Series A,15.02,119.92,134.94,28.9,Founders Fund,Venture Capital,1,Healthcare & Biotech,Israel,Middle East,Tel Aviv,INV0014
R00481,S00301,RapidLabs,2024-07-23,2024,Q3,Series C,287.32,1672.58,1959.9,15.9,Sequoia Capital,Venture Capital,2,Healthcare & Biotech,Israel,Middle East,Tel Aviv,INV0001
R00482,S00302,EchoAI,2025-08-17,2025,Q3,Seed,3.31,16.94,20.25,14.3,Point Nine Capital,Corporate VC,2,Fintech,Egypt,Africa,Cairo,INV0044
R00483,S00302,EchoAI,2021-06-16,2021,Q2,Series B,14.27,103.98,118.25,16.1,SoftBank Vision Fund,Corporate VC,1,Fintech,Egypt,Africa,Cairo,INV0005
R00484,S00303,EdgeForge,2025-06-07,2025,Q2,Seed,3.18,22.4,25.58,23.8,Balderton Capital,Venture Capital,7,Logistics & Supply Chain,Vietnam,Asia,Ho Chi Minh City,INV0031
R00485,S00303,EdgeForge,2024-05-02,2024,Q2,Series A,8.24,59.46,67.7,24.1,Seedcamp,Venture Capital,7,Logistics & Supply Chain,Vietnam,Asia,Ho Chi Minh City,INV0028
R00486,S00304,ApexWorks,2023-10-24,2023,Q4,Pre-Seed,0.7,3.33,4.03,7.4,Accel Partners,Venture Capital,2,Fintech,United States,North America,Seattle,INV0004
R00487,S00304,ApexWorks,2020-02-18,2020,Q1,Series A,12.68,56.69,69.37,22.2,Balderton Capital,Corporate VC,7,Fintech,United States,North America,Seattle,INV0031
R00488,S00304,ApexWorks,2021-05-19,2021,Q2,Series C,73.14,220.43,293.57,10.1,Temasek,Venture Capital,6,Fintech,United States,North America,Seattle,INV0049
R00489,S00305,IonEnergy,2025-02-08,2025,Q1,Pre-Seed,0.51,1.56,2.07,12.3,Redpoint Ventures,Venture Capital,5,E-Commerce,United States,North America,Boston,INV0038
R00490,S00306,TideCloud,2020-11-02,2020,Q4,Seed,2.65,25.63,28.28,14.8,Antler,Venture Capital,7,Fintech,Japan,Asia,Tokyo,INV0027
R00491,S00307,CoreFlow,2020-03-25,2020,Q1,Pre-Seed,0.68,4.24,4.92,9.1,SoftBank Vision Fund,Venture Capital,1,Healthcare & Biotech,Brazil,South America,São Paulo,INV0005
R00492,S00307,CoreFlow,2022-02-04,2022,Q1,Series A,17.72,194.39,212.11,25.3,Y Combinator,Corporate VC,3,Healthcare & Biotech,Brazil,South America,São Paulo,INV0007
R00493,S00307,CoreFlow,2025-07-25,2025,Q3,Series B,19.44,101.15,120.59,19.9,TLcom Capital,Venture Capital,6,Healthcare & Biotech,Brazil,South America,São Paulo,INV0068
R00494,S00308,TerraWare,2022-02-17,2022,Q1,Pre-Seed,1.92,10.98,12.9,14.3,Google Ventures,Venture Capital,3,Artificial Intelligence,Brazil,South America,Belo Horizonte,INV0059
R00495,S00309,RapidHealth,2025-06-01,2025,Q2,Pre-Seed,0.79,4.57,5.36,5.2,DST Global,Venture Capital,4,Healthcare & Biotech,United States,North America,Seattle,INV0033
R00496,S00309,RapidHealth,2024-01-23,2024,Q1,Series A,8.68,77.49,86.17,15.3,Headline,Corporate VC,6,Healthcare & Biotech,United States,North America,Seattle,INV0045
R00497,S00310,BoltX,2022-03-22,2022,Q1,Seed,1.67,5.53,7.2,17.1,Nexus Venture Partners,Angel Investor,2,Artificial Intelligence,India,Asia,Chennai,INV0072
R00498,S00311,BoltHub,2025-01-09,2025,Q1,Seed,2.77,19.13,21.9,16.4,Amazon Alexa Fund,Private Equity,6,Food & AgriTech,United States,North America,Austin,INV0061
R00499,S00312,VibePay,2023-12-07,2023,Q4,Pre-Seed,0.52,4.51,5.03,8.0,Samsung Ventures,Crowdfunding,4,E-Commerce,South Korea,Asia,Seoul,INV0055
R00500,S00313,JetDynamics,2025-06-16,2025,Q2,Seed,2.89,26.25,29.14,13.1,Bessemer Venture Partners,Venture Capital,1,Artificial Intelligence,United States,North America,San Francisco,INV0013
R00501,S00313,JetDynamics,2023-05-18,2023,Q2,Series B,10.22,121.38,131.6,24.9,Point Nine Capital,Venture Capital,7,Artificial Intelligence,United States,North America,San Francisco,INV0044
R00502,S00314,ApexSystems,2020-07-29,2020,Q3,Seed,0.77,4.87,5.64,14.0,NVIDIA NVentures,Venture Capital,3,Real Estate Tech,United Kingdom,Europe,Manchester,INV0060
R00503,S00315,PixelFinance,2021-02-14,2021,Q1,Seed,0.89,8.31,9.2,16.7,Atomico,Venture Capital,3,Real Estate Tech,United Kingdom,Europe,Cambridge,INV0032
R00504,S00315,PixelFinance,2025-07-26,2025,Q3,Series A,28.89,236.0,264.89,28.6,Seedcamp,Venture Capital,6,Real Estate Tech,United Kingdom,Europe,Cambridge,INV0028
R00505,S00315,PixelFinance,2020-03-01,2020,Q1,Series B,26.6,297.51,324.11,19.5,EQT Ventures,Venture Capital,3,Real Estate Tech,United Kingdom,Europe,Cambridge,INV0030
R00506,S00316,OrionCloud,2021-09-04,2021,Q3,Pre-Seed,0.68,2.54,3.22,14.7,Accel Partners,Family Office,3,SaaS / Enterprise Software,United States,North America,Seattle,INV0004
R00507,S00316,OrionCloud,2022-04-26,2022,Q2,Seed,3.34,17.57,20.91,17.2,Draper Associates,Venture Capital,11,SaaS / Enterprise Software,United States,North America,Seattle,INV0041
R00508,S00317,ZenSense,2025-07-05,2025,Q3,Seed,0.65,6.45,7.1,10.8,Seedcamp,Venture Capital,6,Fintech,Singapore,Asia,Singapore,INV0028
R00509,S00317,ZenSense,2022-04-17,2022,Q2,Series A,11.51,120.03,131.54,25.7,Saudi Aramco Ventures,Private Equity,2,Fintech,Singapore,Asia,Singapore,INV0052
R00510,S00318,IonTech,2024-11-22,2024,Q4,Seed,1.41,6.9,8.31,19.3,GIC,Crowdfunding,1,Gaming & Entertainment,India,Asia,Chennai,INV0050
R00511,S00318,IonTech,2022-10-26,2022,Q4,Series B,44.66,197.3,241.96,20.6,Chiratae Ventures,Venture Capital,5,Gaming & Entertainment,India,Asia,Chennai,INV0070
R00512,S00318,IonTech,2022-12-09,2022,Q4,Series C,139.21,914.7,1053.91,22.4,Founders Fund,Venture Capital,1,Gaming & Entertainment,India,Asia,Chennai,INV0014
R00513,S00319,GridBio,2020-01-11,2020,Q1,Pre-Seed,0.94,6.64,7.58,13.7,NVIDIA NVentures,Corporate VC,3,E-Commerce,Israel,Middle East,Jerusalem,INV0060
R00514,S00320,HubRobotics,2025-04-08,2025,Q2,Seed,1.44,8.52,9.96,14.7,IVP,Venture Capital,6,Climate Tech / Clean Energy,India,Asia,Pune,INV0034
R00515,S00321,IonAnalytics,2021-01-06,2021,Q1,Pre-Seed,0.34,2.06,2.4,10.3,Insight Partners,Accelerator,1,SaaS / Enterprise Software,India,Asia,Pune,INV0010
R00516,S00322,AlphaCloud,2024-06-03,2024,Q2,Pre-Seed,0.28,1.68,1.96,10.0,Alibaba Group,Accelerator,1,Fintech,Mexico,South America,Monterrey,INV0054
R00517,S00323,OnyxEnergy,2024-04-05,2024,Q2,Seed,4.24,24.77,29.01,15.1,Andreessen Horowitz (a16z),Accelerator,3,Fintech,Israel,Middle East,Tel Aviv,INV0002
R00518,S00323,OnyxEnergy,2025-07-04,2025,Q3,Series A,17.72,212.4,230.12,16.2,Elevation Capital,Corporate VC,5,Fintech,Israel,Middle East,Tel Aviv,INV0036
R00519,S00324,CyberHub,2023-08-08,2023,Q3,Pre-Seed,1.24,6.62,7.86,5.2,Bessemer Venture Partners,Venture Capital,2,Food & AgriTech,Australia,Oceania,Melbourne,INV0013
R00520,S00325,KiteDynamics,2021-05-14,2021,Q2,Pre-Seed,0.16,0.53,0.69,7.5,Accel Partners,Angel Investor,6,Artificial Intelligence,United Kingdom,Europe,London,INV0004
R00521,S00326,ProtoSense,2024-12-10,2024,Q4,Seed,2.54,22.42,24.96,19.4,Accel Partners,Angel Investor,7,Real Estate Tech,United Kingdom,Europe,Manchester,INV0004
R00522,S00327,VeloCore,2023-06-16,2023,Q2,Seed,1.32,6.55,7.87,10.4,Khosla Ventures,Venture Capital,6,E-Commerce,United States,North America,New York,INV0012
R00523,S00328,DawnLabs,2022-01-27,2022,Q1,Pre-Seed,0.9,4.97,5.87,14.2,Lightspeed Venture Partners,Crowdfunding,1,Healthcare & Biotech,United States,North America,Chicago,INV0006
R00524,S00329,VertexHub,2025-10-21,2025,Q4,Pre-Seed,0.72,5.87,6.59,11.6,NVIDIA NVentures,Angel Investor,4,Cybersecurity,United Kingdom,Europe,Manchester,INV0060
R00525,S00330,PulseSystems,2022-07-18,2022,Q3,Seed,2.7,19.54,22.24,14.3,Rakuten Capital,Corporate VC,2,Healthcare & Biotech,China,Asia,Hangzhou,INV0063
R00526,S00330,PulseSystems,2021-09-03,2021,Q3,Series B,54.36,278.91,333.27,27.4,Saudi Aramco Ventures,Venture Capital,2,Healthcare & Biotech,China,Asia,Hangzhou,INV0052
R00527,S00331,OrionLink,2025-02-08,2025,Q1,Seed,1.89,7.54,9.43,13.3,Matrix Partners,Venture Capital,2,Healthcare & Biotech,United States,North America,Miami,INV0022
R00528,S00331,OrionLink,2025-02-04,2025,Q1,Series B,96.22,509.54,605.76,28.2,Techstars,Corporate VC,4,Healthcare & Biotech,United States,North America,Miami,INV0024
R00529,S00331,OrionLink,2025-05-27,2025,Q2,Series C,34.02,234.84,268.86,23.0,Partech Africa,Venture Capital,4,Healthcare & Biotech,United States,North America,Miami,INV0069
R00530,S00332,BetaPlatform,2022-11-30,2022,Q4,Pre-Seed,0.6,5.05,5.65,10.9,Samsung Ventures,Venture Capital,2,Robotics & Automation,United States,North America,Miami,INV0055
R00531,S00332,BetaPlatform,2021-03-18,2021,Q1,Series A,10.99,61.16,72.15,25.5,Salesforce Ventures,Venture Capital,3,Robotics & Automation,United States,North America,Miami,INV0058
R00532,S00333,VeloPlatform,2025-04-13,2025,Q2,Seed,1.32,11.73,13.05,21.2,Founders Fund,Corporate VC,2,Healthcare & Biotech,United States,North America,Boston,INV0014
R00533,S00333,VeloPlatform,2022-03-23,2022,Q1,Series B,19.74,160.77,180.51,16.7,Norwest Venture Partners,Venture Capital,8,Healthcare & Biotech,United States,North America,Boston,INV0037
R00534,S00333,VeloPlatform,2020-06-30,2020,Q2,Series D,70.21,508.71,578.92,22.6,Amazon Alexa Fund,Government/Sovereign Fund,4,Healthcare & Biotech,United States,North America,Boston,INV0061
R00535,S00334,NovaX,2022-10-04,2022,Q4,Seed,0.5,4.08,4.58,11.4,Ribbit Capital,Venture Capital,3,Healthcare & Biotech,United States,North America,San Francisco,INV0016
R00536,S00335,VertexSystems,2023-07-12,2023,Q3,Seed,3.09,21.47,24.56,10.9,Nexus Venture Partners,Venture Capital,1,Artificial Intelligence,United States,North America,Chicago,INV0072
R00537,S00336,NovaAI,2024-05-05,2024,Q2,Seed,1.26,11.96,13.22,16.5,Greylock Partners,Venture Capital,5,Fintech,United States,North America,Boston,INV0018
R00538,S00337,Pixelio,2022-06-14,2022,Q2,Seed,0.58,4.4,4.98,24.0,Balderton Capital,Corporate VC,4,Healthcare & Biotech,China,Asia,Guangzhou,INV0031
R00539,S00338,XenoSecurity,2023-10-31,2023,Q4,Pre-Seed,0.27,1.71,1.98,13.8,SOSV,Angel Investor,3,SaaS / Enterprise Software,United States,North America,San Diego,INV0025
R00540,S00339,KiteBase,2023-10-18,2023,Q4,Pre-Seed,0.13,0.71,0.84,5.5,500 Global,Venture Capital,5,Gaming & Entertainment,India,Asia,Mumbai,INV0023
R00541,S00339,KiteBase,2023-07-21,2023,Q3,Series A,13.56,65.09,78.65,25.6,Alibaba Group,Venture Capital,2,Gaming & Entertainment,India,Asia,Mumbai,INV0054
R00542,S00340,VeloLink,2021-02-18,2021,Q1,Seed,1.27,4.96,6.23,15.0,Google Ventures,Venture Capital,2,Food & AgriTech,Japan,Asia,Osaka,INV0059
R00543,S00341,DeltaHealth,2023-12-18,2023,Q4,Pre-Seed,0.68,3.94,4.62,5.1,Kingsway Capital,Family Office,5,Artificial Intelligence,United States,North America,San Francisco,INV0067
R00544,S00342,ZenoSpace,2024-06-15,2024,Q2,Seed,1.64,8.03,9.67,12.1,Balderton Capital,Venture Capital,4,Edtech,United States,North America,Chicago,INV0031
R00545,S00342,ZenoSpace,2020-12-21,2020,Q4,Series B,36.27,416.88,453.15,29.2,LocalGlobe,Venture Capital,3,Edtech,United States,North America,Chicago,INV0042
R00546,S00342,ZenoSpace,2024-09-20,2024,Q3,Series C,160.73,1039.48,1200.21,12.1,Microsoft M12,Private Equity,2,Edtech,United States,North America,Chicago,INV0057
R00547,S00343,QuantumStack,2023-06-04,2023,Q2,Pre-Seed,0.34,2.03,2.37,8.1,TLcom Capital,Government/Sovereign Fund,5,HR Tech,South Korea,Asia,Seoul,INV0068
R00548,S00344,CoreStack,2022-09-07,2022,Q3,Seed,1.23,9.22,10.45,17.6,Naspers / Prosus,Private Equity,9,Artificial Intelligence,Brazil,South America,Rio de Janeiro,INV0066
R00549,S00344,CoreStack,2024-12-16,2024,Q4,Series B,32.04,172.89,204.93,19.9,Accel Partners,Private Equity,5,Artificial Intelligence,Brazil,South America,Rio de Janeiro,INV0004
R00550,S00344,CoreStack,2020-07-29,2020,Q3,Series C,132.34,397.7,530.04,16.3,Northzone,Government/Sovereign Fund,4,Artificial Intelligence,Brazil,South America,Rio de Janeiro,INV0047
R00551,S00345,NexusSense,2021-05-11,2021,Q2,Seed,5.03,16.05,21.08,14.8,Headline,Angel Investor,2,Fintech,Germany,Europe,Frankfurt,INV0045
R00552,S00345,NexusSense,2021-06-07,2021,Q2,Series A,12.65,71.57,84.22,17.3,Microsoft M12,Venture Capital,2,Fintech,Germany,Europe,Frankfurt,INV0057
R00553,S00346,HubWorks,2023-07-07,2023,Q3,Seed,0.96,5.84,6.8,12.5,Blume Ventures,Venture Capital,4,Artificial Intelligence,Turkey,Europe,Ankara,INV0071
R00554,S00347,ForgeSpace,2023-09-29,2023,Q3,Pre-Seed,0.43,4.13,4.56,9.0,Benchmark,Angel Investor,2,Fintech,China,Asia,Guangzhou,INV0008
R00555,S00348,NexusDynamics,2020-09-23,2020,Q3,Pre-Seed,1.43,12.98,14.41,8.8,EQT Ventures,Private Equity,8,Fintech,India,Asia,Delhi NCR,INV0030
R00556,S00349,HubPay,2022-01-09,2022,Q1,Pre-Seed,0.39,2.12,2.51,11.1,Tiger Global,Accelerator,2,Artificial Intelligence,Canada,North America,Toronto,INV0003
R00557,S00349,HubPay,2021-09-30,2021,Q3,Series A,16.05,148.77,164.82,19.4,Y Combinator,Corporate VC,5,Artificial Intelligence,Canada,North America,Toronto,INV0007
R00558,S00349,HubPay,2023-10-28,2023,Q4,Series B,10.0,92.71,102.71,18.1,Nexus Venture Partners,Venture Capital,9,Artificial Intelligence,Canada,North America,Toronto,INV0072
R00559,S00350,VibeStack,2020-07-28,2020,Q3,Pre-Seed,0.42,2.08,2.5,7.5,Chiratae Ventures,Private Equity,10,Web3 / Blockchain,United States,North America,New York,INV0070
R00560,S00351,DeltaSense,2021-02-22,2021,Q1,Pre-Seed,0.4,1.46,1.86,11.6,Union Square Ventures,Venture Capital,2,Healthcare & Biotech,United States,North America,Denver,INV0039
R00561,S00352,AstraDynamics,2022-04-07,2022,Q2,Seed,0.94,7.49,8.43,19.8,Intel Capital,Venture Capital,4,SaaS / Enterprise Software,Brazil,South America,Belo Horizonte,INV0056
R00562,S00353,TerraDynamics,2021-04-17,2021,Q2,Seed,1.51,4.54,6.05,20.7,Peak XV Partners (fka Sequoia India),Angel Investor,3,Edtech,United States,North America,San Diego,INV0021
R00563,S00354,DeltaFlow,2022-07-09,2022,Q3,Pre-Seed,2.17,20.57,22.74,9.6,Point Nine Capital,Angel Investor,3,Climate Tech / Clean Energy,United Kingdom,Europe,London,INV0044
R00564,S00354,DeltaFlow,2021-04-10,2021,Q2,Seed,0.88,6.66,7.54,11.4,Khosla Ventures,Venture Capital,2,Climate Tech / Clean Energy,United Kingdom,Europe,London,INV0012
R00565,S00355,CoreSecurity,2022-02-07,2022,Q1,Seed,1.08,9.23,10.31,11.6,SOSV,Accelerator,1,Real Estate Tech,India,Asia,Chennai,INV0025
R00566,S00356,EchoLabs,2020-04-23,2020,Q2,Seed,1.98,13.05,15.03,23.5,Insight Partners,Venture Capital,3,Fintech,Germany,Europe,Hamburg,INV0010
R00567,S00357,Dawnverse,2020-03-11,2020,Q1,Pre-Seed,0.12,1.19,1.31,11.5,SBI Investment,Corporate VC,2,Artificial Intelligence,Singapore,Asia,Singapore,INV0065
R00568,S00358,ProtoHealth,2021-10-13,2021,Q4,Seed,0.79,3.82,4.61,20.2,Samsung Ventures,Venture Capital,11,SaaS / Enterprise Software,Israel,Middle East,Haifa,INV0055
R00569,S00359,WaveWorks,2025-04-25,2025,Q2,Seed,0.6,3.52,4.12,11.3,Techstars,Private Equity,6,Social Media / Creator Economy,Argentina,South America,Buenos Aires,INV0024
R00570,S00359,WaveWorks,2021-05-17,2021,Q2,Series A,17.06,179.47,196.53,23.3,LocalGlobe,Crowdfunding,3,Social Media / Creator Economy,Argentina,South America,Buenos Aires,INV0042
R00571,S00360,Vertexly,2024-03-18,2024,Q1,Seed,2.45,23.14,25.59,15.7,Bessemer Venture Partners,Venture Capital,2,Fintech,France,Europe,Lyon,INV0013
R00572,S00360,Vertexly,2022-02-20,2022,Q1,Series A,8.56,38.97,47.53,21.3,Peak XV Partners (fka Sequoia India),Family Office,2,Fintech,France,Europe,Lyon,INV0021
R00573,S00361,ForgeLabs,2020-03-05,2020,Q1,Pre-Seed,0.52,3.11,3.63,5.4,Y Combinator,Family Office,3,SaaS / Enterprise Software,United Kingdom,Europe,Bristol,INV0007
R00574,S00361,ForgeLabs,2025-12-14,2025,Q4,Series A,18.99,194.9,213.89,18.7,Cherry Ventures,Crowdfunding,3,SaaS / Enterprise Software,United Kingdom,Europe,Bristol,INV0043
R00575,S00362,TideMind,2024-02-04,2024,Q1,Pre-Seed,0.76,2.91,3.67,7.9,GV (Google Ventures),Corporate VC,2,HR Tech,India,Asia,Delhi NCR,INV0011
R00576,S00362,TideMind,2021-04-29,2021,Q2,Series A,13.51,135.93,149.44,28.5,Mitsubishi UFJ Capital,Venture Capital,6,HR Tech,India,Asia,Delhi NCR,INV0064
R00577,S00363,ForgeForge,2025-02-17,2025,Q1,Seed,0.7,5.96,6.66,20.7,Index Ventures,Private Equity,6,Logistics & Supply Chain,India,Asia,Mumbai,INV0015
R00578,S00364,VeloMind,2023-06-25,2023,Q2,Seed,1.26,7.07,8.33,16.2,Rakuten Capital,Venture Capital,11,Web3 / Blockchain,China,Asia,Hangzhou,INV0063
R00579,S00364,VeloMind,2024-05-28,2024,Q2,Series A,26.77,124.77,151.54,16.7,B Capital Group,Angel Investor,3,Web3 / Blockchain,China,Asia,Hangzhou,INV0048
R00580,S00365,NovaRobotics,2025-04-10,2025,Q2,Pre-Seed,0.43,2.11,2.54,6.4,Microsoft M12,Venture Capital,3,Healthcare & Biotech,Japan,Asia,Osaka,INV0057
R00581,S00366,CoreWorks,2023-03-28,2023,Q1,Seed,3.41,31.7,35.11,24.0,Techstars,Crowdfunding,1,Fintech,India,Asia,Delhi NCR,INV0024
R00582,S00367,SageCore,2021-12-17,2021,Q4,Seed,1.34,11.76,13.1,10.7,Chiratae Ventures,Angel Investor,7,Logistics & Supply Chain,Brazil,South America,São Paulo,INV0070
R00583,S00368,NexusPay,2021-08-28,2021,Q3,Seed,1.69,5.08,6.77,18.3,Cherry Ventures,Venture Capital,2,Healthcare & Biotech,Colombia,South America,Bogotá,INV0043
R00584,S00369,UltraPay,2024-09-07,2024,Q3,Pre-Seed,0.49,1.6,2.09,12.0,Atomico,Venture Capital,4,SaaS / Enterprise Software,China,Asia,Beijing,INV0032
R00585,S00369,UltraPay,2021-09-15,2021,Q3,Seed,1.81,6.58,8.39,19.8,TLcom Capital,Corporate VC,3,SaaS / Enterprise Software,China,Asia,Beijing,INV0068
R00586,S00369,UltraPay,2025-09-03,2025,Q3,Series A,14.48,66.11,80.59,16.7,EQT Ventures,Venture Capital,2,SaaS / Enterprise Software,China,Asia,Beijing,INV0030
R00587,S00370,LumeTech,2022-06-14,2022,Q2,Pre-Seed,0.58,2.98,3.56,11.7,Headline,Private Equity,5,Social Media / Creator Economy,United Kingdom,Europe,Manchester,INV0045
R00588,S00370,LumeTech,2022-09-16,2022,Q3,Seed,2.17,20.3,22.47,18.3,Northzone,Venture Capital,3,Social Media / Creator Economy,United Kingdom,Europe,Manchester,INV0047
R00589,S00370,LumeTech,2023-04-06,2023,Q2,Series B,22.52,194.29,216.81,22.2,Saudi Aramco Ventures,Venture Capital,1,Social Media / Creator Economy,United Kingdom,Europe,Manchester,INV0052
R00590,S00371,XenoX,2024-11-12,2024,Q4,Seed,0.5,2.74,3.24,13.9,TLcom Capital,Crowdfunding,2,E-Commerce,United States,North America,Seattle,INV0068
R00591,S00372,XenoLabs,2024-10-19,2024,Q4,Seed,1.18,4.67,5.85,14.2,Point Nine Capital,Corporate VC,6,Social Media / Creator Economy,China,Asia,Shenzhen,INV0044
R00592,S00372,XenoLabs,2025-11-27,2025,Q4,Series A,8.16,57.45,65.61,18.4,Saudi Aramco Ventures,Government/Sovereign Fund,4,Social Media / Creator Economy,China,Asia,Shenzhen,INV0052
R00593,S00373,CyberLabs,2023-06-05,2023,Q2,Pre-Seed,0.8,6.25,7.05,9.7,Seedcamp,Angel Investor,6,E-Commerce,India,Asia,Hyderabad,INV0028
R00594,S00373,CyberLabs,2023-10-26,2023,Q4,Series A,9.76,67.44,77.2,28.4,Sapphire Ventures,Venture Capital,4,E-Commerce,India,Asia,Hyderabad,INV0035
R00595,S00374,DawnBio,2022-05-19,2022,Q2,Pre-Seed,0.35,1.31,1.66,5.5,Alibaba Group,Venture Capital,6,Fintech,Brazil,South America,São Paulo,INV0054
R00596,S00375,LumeHub,2020-11-15,2020,Q4,Pre-Seed,0.29,2.02,2.31,12.9,Alibaba Group,Venture Capital,1,SaaS / Enterprise Software,United States,North America,Austin,INV0054
R00597,S00376,DawnFlow,2020-01-14,2020,Q1,Seed,4.18,22.38,26.56,12.5,LocalGlobe,Crowdfunding,6,Artificial Intelligence,United States,North America,Miami,INV0042
R00598,S00376,DawnFlow,2022-01-11,2022,Q1,Series B,24.37,233.23,257.6,23.6,IVP,Private Equity,2,Artificial Intelligence,United States,North America,Miami,INV0034
R00599,S00377,ForgePay,2025-06-30,2025,Q2,Pre-Seed,0.89,5.36,6.25,12.1,Abu Dhabi Investment Authority,Angel Investor,3,SaaS / Enterprise Software,United States,North America,Denver,INV0051
R00600,S00378,CloudSystems,2020-08-21,2020,Q3,Seed,2.71,23.62,26.33,10.6,Chiratae Ventures,Venture Capital,6,SaaS / Enterprise Software,Germany,Europe,Berlin,INV0070
R00601,S00378,CloudSystems,2024-11-05,2024,Q4,Series A,5.9,50.58,56.48,20.0,Naspers / Prosus,Venture Capital,8,SaaS / Enterprise Software,Germany,Europe,Berlin,INV0066
R00602,S00378,CloudSystems,2023-11-22,2023,Q4,Series B,79.61,326.91,406.52,21.1,Y Combinator,Corporate VC,2,SaaS / Enterprise Software,Germany,Europe,Berlin,INV0007
R00603,S00379,UltraWare,2020-06-05,2020,Q2,Pre-Seed,0.61,2.69,3.3,12.6,Benchmark,Venture Capital,2,SaaS / Enterprise Software,United States,North America,San Diego,INV0008
R00604,S00380,UltraAnalytics,2020-06-28,2020,Q2,Seed,0.94,4.2,5.14,12.4,Antler,Venture Capital,9,Artificial Intelligence,United States,North America,San Diego,INV0027
R00605,S00380,UltraAnalytics,2020-09-09,2020,Q3,Series B,26.12,239.39,265.51,29.6,Plug and Play,Corporate VC,6,Artificial Intelligence,United States,North America,San Diego,INV0026
R00606,S00381,DeltaAI,2025-07-19,2025,Q3,Seed,0.85,6.62,7.47,12.9,Antler,Family Office,2,Edtech,United States,North America,New York,INV0027
R00607,S00382,Echoio,2025-11-15,2025,Q4,Seed,3.36,19.65,23.01,24.7,Redpoint Ventures,Angel Investor,4,Food & AgriTech,Indonesia,Asia,Surabaya,INV0038
R00608,S00383,OrionSense,2020-12-26,2020,Q4,Seed,1.68,8.76,10.44,15.1,Coatue Management,Venture Capital,6,Insurtech,India,Asia,Mumbai,INV0017
R00609,S00384,NovaBio,2022-05-17,2022,Q2,Seed,0.61,1.85,2.46,21.4,Saudi Aramco Ventures,Venture Capital,2,Artificial Intelligence,United States,North America,New York,INV0052
R00610,S00385,ForgeAI,2021-01-04,2021,Q1,Pre-Seed,0.42,4.06,4.48,9.0,Khosla Ventures,Accelerator,5,Gaming & Entertainment,India,Asia,Mumbai,INV0012
R00611,S00385,ForgeAI,2023-04-08,2023,Q2,Seed,1.12,7.92,9.04,16.7,500 Global,Venture Capital,2,Gaming & Entertainment,India,Asia,Mumbai,INV0023
R00612,S00385,ForgeAI,2023-01-18,2023,Q1,Series A,21.28,142.09,163.37,21.6,Elevation Capital,Venture Capital,2,Gaming & Entertainment,India,Asia,Mumbai,INV0036
R00613,S00386,CloudPay,2021-12-24,2021,Q4,Seed,3.05,26.43,29.48,18.2,Ribbit Capital,Venture Capital,2,Climate Tech / Clean Energy,Israel,Middle East,Jerusalem,INV0016
R00614,S00386,CloudPay,2025-09-05,2025,Q3,Series A,12.27,90.36,102.63,18.0,Point Nine Capital,Venture Capital,3,Climate Tech / Clean Energy,Israel,Middle East,Jerusalem,INV0044
R00615,S00387,HubEnergy,2022-05-12,2022,Q2,Pre-Seed,0.34,1.75,2.09,6.8,Microsoft M12,Private Equity,4,Real Estate Tech,Canada,North America,Montreal,INV0057
R00616,S00387,HubEnergy,2020-01-26,2020,Q1,Seed,2.1,20.73,22.83,13.8,Salesforce Ventures,Venture Capital,3,Real Estate Tech,Canada,North America,Montreal,INV0058
R00617,S00388,TerraCore,2022-12-18,2022,Q4,Pre-Seed,0.46,2.29,2.75,13.0,Accel Partners,Private Equity,8,HR Tech,Germany,Europe,Frankfurt,INV0004
R00618,S00389,HyperStack,2025-06-12,2025,Q2,Seed,6.41,24.5,30.91,15.8,Abu Dhabi Investment Authority,Crowdfunding,4,Web3 / Blockchain,France,Europe,Paris,INV0051
R00619,S00390,CyberX,2021-10-18,2021,Q4,Pre-Seed,0.41,3.74,4.15,10.6,Benchmark,Venture Capital,3,Healthcare & Biotech,Brazil,South America,Rio de Janeiro,INV0008
R00620,S00390,CyberX,2021-03-19,2021,Q1,Seed,2.39,19.49,21.88,17.0,Temasek,Venture Capital,3,Healthcare & Biotech,Brazil,South America,Rio de Janeiro,INV0049
R00621,S00391,RapidSpace,2022-09-28,2022,Q3,Pre-Seed,0.38,2.98,3.36,14.0,Greylock Partners,Corporate VC,5,Artificial Intelligence,United Kingdom,Europe,Cambridge,INV0018
R00622,S00392,CruxCloud,2025-09-17,2025,Q3,Pre-Seed,0.72,2.64,3.36,7.3,Seedcamp,Accelerator,7,Artificial Intelligence,Australia,Oceania,Melbourne,INV0028
R00623,S00393,Tidely,2021-09-07,2021,Q3,Seed,0.54,4.9,5.44,23.6,Northzone,Private Equity,1,E-Commerce,India,Asia,Pune,INV0047
R00624,S00393,Tidely,2024-08-11,2024,Q3,Series B,21.43,254.99,276.42,22.5,Coatue Management,Corporate VC,1,E-Commerce,India,Asia,Pune,INV0017
R00625,S00394,BetaEnergy,2022-06-13,2022,Q2,Pre-Seed,0.42,1.92,2.34,6.7,Union Square Ventures,Corporate VC,6,Healthcare & Biotech,Singapore,Asia,Singapore,INV0039
R00626,S00395,WaveCloud,2023-12-30,2023,Q4,Pre-Seed,0.41,1.32,1.73,13.7,500 Global,Accelerator,1,Climate Tech / Clean Energy,United Kingdom,Europe,Edinburgh,INV0023
R00627,S00396,BoltRobotics,2021-02-03,2021,Q1,Pre-Seed,0.5,3.89,4.39,12.6,Abu Dhabi Investment Authority,Venture Capital,6,SaaS / Enterprise Software,Canada,North America,Toronto,INV0051
R00628,S00397,OrionSecurity,2024-07-26,2024,Q3,Seed,1.48,7.88,9.36,16.1,Saudi Aramco Ventures,Venture Capital,1,Gaming & Entertainment,Canada,North America,Montreal,INV0052
R00629,S00397,OrionSecurity,2023-03-02,2023,Q1,Series A,7.01,82.7,89.71,26.8,Cherry Ventures,Venture Capital,2,Gaming & Entertainment,Canada,North America,Montreal,INV0043
R00630,S00397,OrionSecurity,2021-08-28,2021,Q3,Series C,31.48,165.33,196.81,12.6,Amazon Alexa Fund,Venture Capital,3,Gaming & Entertainment,Canada,North America,Montreal,INV0061
R00631,S00398,Nexusly,2023-05-25,2023,Q2,Pre-Seed,1.37,11.23,12.6,11.3,Ribbit Capital,Angel Investor,4,Artificial Intelligence,United States,North America,Los Angeles,INV0016
R00632,S00398,Nexusly,2024-01-13,2024,Q1,Seed,0.5,3.62,4.12,12.0,Amazon Alexa Fund,Accelerator,7,Artificial Intelligence,United States,North America,Los Angeles,INV0061
R00633,S00399,VibeBeam,2021-07-24,2021,Q3,Seed,0.75,4.0,4.75,16.4,Qualcomm Ventures,Government/Sovereign Fund,7,Robotics & Automation,India,Asia,Chennai,INV0062
R00634,S00400,UltraSecurity,2023-04-22,2023,Q2,Seed,0.75,5.67,6.42,19.1,SoftBank Vision Fund,Venture Capital,3,Artificial Intelligence,Indonesia,Asia,Surabaya,INV0005
R00635,S00401,DeltaCloud,2021-07-21,2021,Q3,Pre-Seed,0.46,3.39,3.85,6.5,Point Nine Capital,Venture Capital,1,Travel Tech,Israel,Middle East,Tel Aviv,INV0044
R00636,S00401,DeltaCloud,2022-11-09,2022,Q4,Seed,2.99,10.41,13.4,12.5,Battery Ventures,Venture Capital,1,Travel Tech,Israel,Middle East,Tel Aviv,INV0019
R00637,S00401,DeltaCloud,2021-02-04,2021,Q1,Series B,11.86,128.41,140.27,27.4,Union Square Ventures,Accelerator,2,Travel Tech,Israel,Middle East,Tel Aviv,INV0039
R00638,S00402,BetaNet,2025-02-13,2025,Q1,Seed,2.61,13.33,15.94,16.0,Qualcomm Ventures,Angel Investor,2,Food & AgriTech,Indonesia,Asia,Surabaya,INV0062
R00639,S00403,VeloBeam,2020-08-15,2020,Q3,Seed,1.56,13.93,15.49,22.6,Chiratae Ventures,Corporate VC,3,Edtech,Singapore,Asia,Singapore,INV0070
R00640,S00403,VeloBeam,2020-05-04,2020,Q2,Series A,22.41,225.33,247.74,23.9,GV (Google Ventures),Corporate VC,10,Edtech,Singapore,Asia,Singapore,INV0011
R00641,S00404,Fluxio,2025-03-01,2025,Q1,Seed,5.85,53.15,59.0,24.0,Abu Dhabi Investment Authority,Venture Capital,3,Fintech,UAE,Middle East,Abu Dhabi,INV0051
R00642,S00405,Vertexio,2025-06-12,2025,Q2,Seed,2.19,9.65,11.84,10.1,500 Global,Venture Capital,2,Web3 / Blockchain,Singapore,Asia,Singapore,INV0023
R00643,S00406,TerraLogic,2025-04-20,2025,Q2,Seed,3.1,15.22,18.32,11.0,General Catalyst,Angel Investor,4,Artificial Intelligence,South Korea,Asia,Busan,INV0009
R00644,S00407,DeltaLink,2022-11-21,2022,Q4,Pre-Seed,0.56,3.94,4.5,13.6,GIC,Angel Investor,6,Cybersecurity,United Kingdom,Europe,Manchester,INV0050
R00645,S00408,OrionBeam,2021-06-09,2021,Q2,Pre-Seed,0.29,1.02,1.31,8.1,DST Global,Venture Capital,2,Fintech,China,Asia,Guangzhou,INV0033
R00646,S00409,EdgeSense,2024-11-25,2024,Q4,Pre-Seed,0.74,2.87,3.61,9.2,Tencent,Venture Capital,6,Gaming & Entertainment,United States,North America,Chicago,INV0053
R00647,S00410,VertexPay,2024-03-13,2024,Q1,Pre-Seed,0.81,7.43,8.24,8.4,Atomico,Government/Sovereign Fund,3,Logistics & Supply Chain,United States,North America,San Diego,INV0032
R00648,S00411,ArcFlow,2022-09-07,2022,Q3,Seed,2.55,11.48,14.03,23.9,Founders Fund,Private Equity,2,Fintech,Brazil,South America,Rio de Janeiro,INV0014
R00649,S00412,HubFinance,2021-09-09,2021,Q3,Seed,2.44,17.39,19.83,20.4,BlueYard Capital,Accelerator,2,Fintech,United States,North America,Boston,INV0029
R00650,S00412,HubFinance,2023-10-28,2023,Q4,Series B,35.44,234.83,270.27,23.6,Sapphire Ventures,Venture Capital,2,Fintech,United States,North America,Boston,INV0035
R00651,S00413,MetaHub,2020-02-08,2020,Q1,Pre-Seed,0.87,5.49,6.36,7.6,BlueYard Capital,Angel Investor,8,Fintech,Kenya,Africa,Nairobi,INV0029
R00652,S00413,MetaHub,2024-02-28,2024,Q1,Series A,5.87,50.76,56.63,27.9,Tencent,Venture Capital,3,Fintech,Kenya,Africa,Nairobi,INV0053
R00653,S00414,BoltNet,2023-02-28,2023,Q1,Seed,1.31,4.18,5.49,10.3,Amazon Alexa Fund,Venture Capital,5,E-Commerce,United States,North America,San Diego,INV0061
R00654,S00414,BoltNet,2023-06-24,2023,Q2,Series B,29.73,226.56,256.29,19.4,DST Global,Corporate VC,6,E-Commerce,United States,North America,San Diego,INV0033
R00655,S00414,BoltNet,2026-03-14,2026,Q1,Series C,98.92,514.81,613.73,9.5,Samsung Ventures,Venture Capital,4,E-Commerce,United States,North America,San Diego,INV0055
R00656,S00415,ArcMind,2020-12-13,2020,Q4,Pre-Seed,2.25,10.87,13.12,9.7,Elevation Capital,Venture Capital,7,SaaS / Enterprise Software,UAE,Middle East,Abu Dhabi,INV0036
R00657,S00416,VeloX,2023-07-14,2023,Q3,Seed,2.36,13.82,16.18,18.0,BlueYard Capital,Venture Capital,3,Fintech,United Kingdom,Europe,Edinburgh,INV0029
R00658,S00417,VibeHub,2024-03-09,2024,Q1,Seed,2.4,12.42,14.82,11.6,Andreessen Horowitz (a16z),Venture Capital,5,Gaming & Entertainment,Germany,Europe,Berlin,INV0002
R00659,S00417,VibeHub,2021-01-03,2021,Q1,Series B,25.05,278.69,303.74,24.5,Chiratae Ventures,Corporate VC,11,Gaming & Entertainment,Germany,Europe,Berlin,INV0070
R00660,S00418,DawnPay,2025-08-02,2025,Q3,Pre-Seed,0.63,4.05,4.68,9.3,Peak XV Partners (fka Sequoia India),Private Equity,6,Food & AgriTech,United States,North America,Miami,INV0021
R00661,S00419,MetaDynamics,2024-08-09,2024,Q3,Pre-Seed,0.38,2.03,2.41,8.0,Tiger Global,Corporate VC,5,Climate Tech / Clean Energy,United States,North America,Austin,INV0003
R00662,S00419,MetaDynamics,2022-11-19,2022,Q4,Seed,2.41,19.16,21.57,13.7,Greylock Partners,Venture Capital,5,Climate Tech / Clean Energy,United States,North America,Austin,INV0018
R00663,S00420,EdgeHealth,2021-09-26,2021,Q3,Pre-Seed,0.3,1.1,1.4,13.9,SoftBank Vision Fund,Crowdfunding,3,Social Media / Creator Economy,United Kingdom,Europe,Cambridge,INV0005
R00664,S00420,EdgeHealth,2024-09-09,2024,Q3,Seed,0.86,6.01,6.87,19.3,DST Global,Venture Capital,5,Social Media / Creator Economy,United Kingdom,Europe,Cambridge,INV0033
R00665,S00421,CloudFinance,2024-11-17,2024,Q4,Pre-Seed,0.74,3.97,4.71,12.3,Benchmark,Family Office,3,Fintech,India,Asia,Chennai,INV0008
R00666,S00421,CloudFinance,2026-02-02,2026,Q1,Seed,1.34,11.82,13.16,16.4,Y Combinator,Family Office,3,Fintech,India,Asia,Chennai,INV0007
R00667,S00422,NeoTech,2021-11-25,2021,Q4,Pre-Seed,1.01,9.51,10.52,5.7,Lightspeed Venture Partners,Venture Capital,3,SaaS / Enterprise Software,France,Europe,Toulouse,INV0006
R00668,S00423,XenoTech,2025-09-19,2025,Q3,Pre-Seed,0.7,3.79,4.49,12.4,Point Nine Capital,Venture Capital,4,E-Commerce,India,Asia,Pune,INV0044
R00669,S00424,CloudLink,2021-06-27,2021,Q2,Seed,4.1,34.42,38.52,23.3,Khosla Ventures,Crowdfunding,8,Healthcare & Biotech,Canada,North America,Vancouver,INV0012
R00670,S00425,NovaBeam,2025-04-25,2025,Q2,Pre-Seed,0.44,4.1,4.54,14.8,Union Square Ventures,Venture Capital,3,Artificial Intelligence,India,Asia,Mumbai,INV0039
R00671,S00426,TideCore,2020-02-04,2020,Q1,Pre-Seed,0.32,2.17,2.49,9.5,Norwest Venture Partners,Angel Investor,2,SaaS / Enterprise Software,United States,North America,New York,INV0037
R00672,S00426,TideCore,2024-03-03,2024,Q1,Series A,5.75,24.05,29.8,26.7,Google Ventures,Angel Investor,6,SaaS / Enterprise Software,United States,North America,New York,INV0059
R00673,S00427,NovaFlow,2022-09-15,2022,Q3,Pre-Seed,0.24,2.2,2.44,12.1,Matrix Partners,Corporate VC,5,Climate Tech / Clean Energy,India,Asia,Hyderabad,INV0022
R00674,S00427,NovaFlow,2022-01-18,2022,Q1,Seed,1.53,7.71,9.24,22.6,B Capital Group,Angel Investor,1,Climate Tech / Clean Energy,India,Asia,Hyderabad,INV0048
R00675,S00427,NovaFlow,2020-02-27,2020,Q1,Series B,10.0,54.94,64.94,19.5,Norwest Venture Partners,Venture Capital,5,Climate Tech / Clean Energy,India,Asia,Hyderabad,INV0037
R00676,S00428,TerraRobotics,2024-05-21,2024,Q2,Pre-Seed,0.52,1.74,2.26,5.0,NVIDIA NVentures,Venture Capital,3,SaaS / Enterprise Software,Israel,Middle East,Tel Aviv,INV0060
R00677,S00429,AlphaSecurity,2022-02-08,2022,Q1,Pre-Seed,0.58,5.67,6.25,10.5,General Catalyst,Family Office,3,Gaming & Entertainment,Canada,North America,Vancouver,INV0009
R00678,S00429,AlphaSecurity,2024-12-18,2024,Q4,Series A,11.59,135.2,146.79,18.5,Insight Partners,Private Equity,4,Gaming & Entertainment,Canada,North America,Vancouver,INV0010
R00679,S00430,CruxEnergy,2022-12-08,2022,Q4,Seed,3.0,18.76,21.76,13.8,Alibaba Group,Venture Capital,1,Fintech,China,Asia,Shenzhen,INV0054
R00680,S00430,CruxEnergy,2022-02-02,2022,Q1,Series A,4.8,49.22,54.02,22.5,LocalGlobe,Venture Capital,2,Fintech,China,Asia,Shenzhen,INV0042
R00681,S00431,CloudStack,2024-04-17,2024,Q2,Seed,2.62,16.06,18.68,19.1,Saudi Aramco Ventures,Private Equity,6,Cybersecurity,India,Asia,Bangalore,INV0052
R00682,S00431,CloudStack,2020-03-28,2020,Q1,Series A,22.23,165.78,188.01,17.0,Blume Ventures,Angel Investor,4,Cybersecurity,India,Asia,Bangalore,INV0071
R00683,S00432,DataEnergy,2025-01-22,2025,Q1,Seed,2.53,22.74,25.27,19.8,Greylock Partners,Venture Capital,1,E-Commerce,Indonesia,Asia,Surabaya,INV0018
R00684,S00433,Xenoverse,2025-02-11,2025,Q1,Pre-Seed,1.25,11.11,12.36,6.4,Insight Partners,Angel Investor,4,SaaS / Enterprise Software,United States,North America,Austin,INV0010
R00685,S00433,Xenoverse,2025-12-23,2025,Q4,Series A,12.84,70.32,83.16,20.4,B Capital Group,Family Office,1,SaaS / Enterprise Software,United States,North America,Austin,INV0048
R00686,S00434,TideWare,2023-12-09,2023,Q4,Seed,2.16,11.36,13.52,21.4,Temasek,Angel Investor,2,Gaming & Entertainment,Germany,Europe,Munich,INV0049
R00687,S00434,TideWare,2021-11-20,2021,Q4,Series A,6.08,59.07,65.15,22.9,Sapphire Ventures,Venture Capital,2,Gaming & Entertainment,Germany,Europe,Munich,INV0035
R00688,S00435,SwiftSpace,2023-06-03,2023,Q2,Seed,1.38,13.11,14.49,13.9,Intel Capital,Venture Capital,2,E-Commerce,United Kingdom,Europe,Bristol,INV0056
R00689,S00435,SwiftSpace,2025-01-17,2025,Q1,Series A,8.92,100.31,109.23,29.4,Techstars,Private Equity,5,E-Commerce,United Kingdom,Europe,Bristol,INV0024
R00690,S00436,QuantumForge,2020-09-02,2020,Q3,Seed,1.27,10.03,11.3,12.9,Sapphire Ventures,Angel Investor,2,Fintech,United States,North America,Miami,INV0035
R00691,S00436,QuantumForge,2022-06-13,2022,Q2,Series B,21.95,216.48,238.43,18.6,Abu Dhabi Investment Authority,Venture Capital,4,Fintech,United States,North America,Miami,INV0051
R00692,S00436,QuantumForge,2023-10-03,2023,Q4,Series D,216.62,1366.36,1582.98,22.3,Naspers / Prosus,Private Equity,6,Fintech,United States,North America,Miami,INV0066
R00693,S00437,VibeSpace,2020-02-03,2020,Q1,Seed,2.68,15.07,17.75,19.2,Norwest Venture Partners,Angel Investor,3,Fintech,Kenya,Africa,Nairobi,INV0037
R00694,S00438,Quantumverse,2025-05-29,2025,Q2,Seed,0.64,6.39,7.03,22.0,Temasek,Venture Capital,5,Cybersecurity,United States,North America,San Diego,INV0049
R00695,S00439,RapidPay,2021-05-29,2021,Q2,Pre-Seed,0.68,6.27,6.95,6.9,NVIDIA NVentures,Venture Capital,3,Fintech,India,Asia,Bangalore,INV0060
R00696,S00440,MetaMind,2024-04-03,2024,Q2,Seed,1.71,9.68,11.39,23.5,Benchmark,Venture Capital,3,SaaS / Enterprise Software,Bangladesh,Asia,Dhaka,INV0008
R00697,S00441,NexusFinance,2025-08-08,2025,Q3,Seed,2.43,12.88,15.31,24.8,Saudi Aramco Ventures,Venture Capital,2,Healthcare & Biotech,United States,North America,Seattle,INV0052
R00698,S00442,WaveFlow,2023-11-17,2023,Q4,Seed,2.37,9.58,11.95,11.0,Benchmark,Venture Capital,3,Gaming & Entertainment,India,Asia,Hyderabad,INV0008
R00699,S00443,FluxX,2021-07-28,2021,Q3,Seed,5.29,18.17,23.46,19.5,500 Global,Venture Capital,4,Fintech,United Kingdom,Europe,Bristol,INV0023
R00700,S00443,FluxX,2023-11-05,2023,Q4,Series B,51.81,215.24,267.05,22.3,GV (Google Ventures),Private Equity,5,Fintech,United Kingdom,Europe,Bristol,INV0011
R00701,S00443,FluxX,2023-02-15,2023,Q1,Series D,64.83,466.4,531.23,12.3,Norwest Venture Partners,Private Equity,9,Fintech,United Kingdom,Europe,Bristol,INV0037
R00702,S00444,QuantumNet,2020-12-26,2020,Q4,Pre-Seed,0.56,3.65,4.21,7.7,Intel Capital,Venture Capital,2,Space Tech,United States,North America,Chicago,INV0056
R00703,S00444,QuantumNet,2020-10-23,2020,Q4,Seed,1.47,11.65,13.12,20.6,500 Global,Private Equity,1,Space Tech,United States,North America,Chicago,INV0023
R00704,S00445,QuantumSecurity,2022-12-03,2022,Q4,Pre-Seed,0.29,1.71,2.0,12.4,Samsung Ventures,Venture Capital,2,Legal Tech,India,Asia,Hyderabad,INV0055
R00705,S00446,ForgeLogic,2022-02-21,2022,Q1,Pre-Seed,0.84,6.8,7.64,11.9,Headline,Venture Capital,2,Gaming & Entertainment,United States,North America,Boston,INV0045
R00706,S00446,ForgeLogic,2020-02-27,2020,Q1,Series A,22.99,251.34,274.33,19.9,Khosla Ventures,Venture Capital,2,Gaming & Entertainment,United States,North America,Boston,INV0012
R00707,S00446,ForgeLogic,2023-01-04,2023,Q1,Series B,43.45,361.98,405.43,29.5,Index Ventures,Venture Capital,5,Gaming & Entertainment,United States,North America,Boston,INV0015
R00708,S00447,TideBase,2026-03-25,2026,Q1,Pre-Seed,0.13,1.08,1.21,13.7,Lightspeed Venture Partners,Accelerator,1,Cybersecurity,United States,North America,Chicago,INV0006
R00709,S00447,TideBase,2024-08-16,2024,Q3,Seed,2.01,10.64,12.65,22.4,Lightspeed Venture Partners,Private Equity,7,Cybersecurity,United States,North America,Chicago,INV0006
R00710,S00447,TideBase,2021-07-07,2021,Q3,Series A,6.29,42.97,49.26,18.6,Intel Capital,Government/Sovereign Fund,5,Cybersecurity,United States,North America,Chicago,INV0056
R00711,S00448,EdgeTech,2022-03-27,2022,Q1,Seed,1.59,9.52,11.11,14.0,Greylock Partners,Venture Capital,4,Real Estate Tech,Canada,North America,Vancouver,INV0018
R00712,S00449,AstraX,2021-09-18,2021,Q3,Pre-Seed,0.9,5.31,6.21,11.2,General Catalyst,Venture Capital,10,Fintech,India,Asia,Hyderabad,INV0009
R00713,S00450,Corely,2025-09-18,2025,Q3,Seed,1.84,16.04,17.88,10.7,Headline,Accelerator,1,Edtech,United Kingdom,Europe,Cambridge,INV0045
R00714,S00451,NovaNet,2024-10-13,2024,Q4,Seed,3.66,23.5,27.16,16.0,EQT Ventures,Private Equity,5,Cybersecurity,Indonesia,Asia,Surabaya,INV0030
R00715,S00452,UltraBeam,2025-05-18,2025,Q2,Seed,1.77,9.16,10.93,20.4,SoftBank Vision Fund,Venture Capital,3,Space Tech,Estonia,Europe,Tallinn,INV0005
R00716,S00452,UltraBeam,2025-04-14,2025,Q2,Series B,17.34,170.91,188.25,30.0,GV (Google Ventures),Corporate VC,7,Space Tech,Estonia,Europe,Tallinn,INV0011
R00717,S00453,Apexio,2023-03-18,2023,Q1,Seed,1.36,12.56,13.92,18.5,First Round Capital,Angel Investor,3,Fintech,Estonia,Europe,Tallinn,INV0040
R00718,S00453,Apexio,2021-05-14,2021,Q2,Series A,25.92,284.11,310.03,16.7,B Capital Group,Accelerator,1,Fintech,Estonia,Europe,Tallinn,INV0048
R00719,S00454,NexusBeam,2023-12-20,2023,Q4,Seed,1.77,9.68,11.45,17.4,First Round Capital,Accelerator,2,Web3 / Blockchain,Spain,Europe,Madrid,INV0040
R00720,S00454,NexusBeam,2023-11-14,2023,Q4,Series B,100.7,630.03,730.73,28.8,Blume Ventures,Angel Investor,8,Web3 / Blockchain,Spain,Europe,Madrid,INV0071
R00721,S00454,NexusBeam,2024-12-08,2024,Q4,Series D,50.0,337.17,387.17,24.8,Draper Associates,Corporate VC,6,Web3 / Blockchain,Spain,Europe,Madrid,INV0041
R00722,S00455,VertexSense,2024-06-24,2024,Q2,Pre-Seed,0.6,5.55,6.15,14.0,Chiratae Ventures,Venture Capital,6,Artificial Intelligence,Germany,Europe,Frankfurt,INV0070
R00723,S00455,VertexSense,2024-03-21,2024,Q1,Seed,0.89,3.22,4.11,11.8,Index Ventures,Government/Sovereign Fund,10,Artificial Intelligence,Germany,Europe,Frankfurt,INV0015
R00724,S00455,VertexSense,2022-05-24,2022,Q2,Series B,53.05,583.93,636.98,18.9,Lightspeed Venture Partners,Venture Capital,8,Artificial Intelligence,Germany,Europe,Frankfurt,INV0006
R00725,S00456,JetCore,2025-04-06,2025,Q2,Seed,5.13,19.54,24.67,18.6,Lightspeed Venture Partners,Venture Capital,3,Cybersecurity,China,Asia,Beijing,INV0006
R00726,S00457,SwiftMind,2024-01-27,2024,Q1,Seed,1.18,8.6,9.78,12.5,Plug and Play,Private Equity,3,Edtech,United States,North America,Los Angeles,INV0026
R00727,S00457,SwiftMind,2023-10-15,2023,Q4,Series B,23.48,241.07,264.55,16.9,500 Global,Accelerator,3,Edtech,United States,North America,Los Angeles,INV0023
R00728,S00457,SwiftMind,2022-03-05,2022,Q1,Series C,73.52,500.74,574.26,17.6,Google Ventures,Angel Investor,5,Edtech,United States,North America,Los Angeles,INV0059
R00729,S00458,NeoHealth,2023-12-22,2023,Q4,Seed,1.66,8.38,10.04,18.1,B Capital Group,Family Office,7,E-Commerce,Germany,Europe,Frankfurt,INV0048
R00730,S00459,GridPlatform,2021-09-26,2021,Q3,Seed,1.21,5.02,6.23,23.2,General Catalyst,Crowdfunding,1,Healthcare & Biotech,Singapore,Asia,Singapore,INV0009
R00731,S00459,GridPlatform,2022-04-03,2022,Q2,Series A,37.12,433.45,470.57,29.5,Blume Ventures,Family Office,4,Healthcare & Biotech,Singapore,Asia,Singapore,INV0071
R00732,S00459,GridPlatform,2022-06-09,2022,Q2,Series C,55.68,353.27,408.95,13.2,Bessemer Venture Partners,Private Equity,5,Healthcare & Biotech,Singapore,Asia,Singapore,INV0013
R00733,S00460,ZenSystems,2023-07-31,2023,Q3,Seed,1.41,11.01,12.42,11.8,Nexus Venture Partners,Venture Capital,8,Artificial Intelligence,France,Europe,Lyon,INV0072
R00734,S00460,ZenSystems,2023-10-04,2023,Q4,Series B,18.12,195.56,213.68,23.8,EQT Ventures,Private Equity,9,Artificial Intelligence,France,Europe,Lyon,INV0030
R00735,S00461,Ultraio,2021-11-10,2021,Q4,Seed,3.05,23.73,26.78,20.6,Elevation Capital,Private Equity,5,Fintech,United States,North America,Denver,INV0036
R00736,S00462,NovaHub,2022-10-29,2022,Q4,Seed,2.37,23.13,25.5,19.3,B Capital Group,Venture Capital,7,Artificial Intelligence,South Korea,Asia,Busan,INV0048
R00737,S00462,NovaHub,2021-12-19,2021,Q4,Series B,28.52,162.14,190.66,28.7,Saudi Aramco Ventures,Accelerator,3,Artificial Intelligence,South Korea,Asia,Busan,INV0052
R00738,S00463,ZenoAnalytics,2025-08-29,2025,Q3,Pre-Seed,0.91,9.07,9.98,10.3,Google Ventures,Venture Capital,3,Artificial Intelligence,France,Europe,Paris,INV0059
R00739,S00463,ZenoAnalytics,2022-05-22,2022,Q2,Seed,1.17,9.79,10.96,19.5,IVP,Government/Sovereign Fund,3,Artificial Intelligence,France,Europe,Paris,INV0034
R00740,S00463,ZenoAnalytics,2020-07-21,2020,Q3,Series B,41.42,348.67,390.09,28.6,Partech Africa,Venture Capital,3,Artificial Intelligence,France,Europe,Paris,INV0069
R00741,S00464,QuarkX,2023-03-02,2023,Q1,Seed,1.17,8.14,9.31,10.7,Naspers / Prosus,Angel Investor,1,SaaS / Enterprise Software,United States,North America,Los Angeles,INV0066
R00742,S00464,QuarkX,2024-06-26,2024,Q2,Series A,11.04,87.33,98.37,26.5,Abu Dhabi Investment Authority,Venture Capital,5,SaaS / Enterprise Software,United States,North America,Los Angeles,INV0051
R00743,S00465,KiteFlow,2022-04-10,2022,Q2,Pre-Seed,1.41,12.67,14.08,14.8,Chiratae Ventures,Venture Capital,3,Artificial Intelligence,Indonesia,Asia,Jakarta,INV0070
R00744,S00466,WaveAnalytics,2025-05-15,2025,Q2,Pre-Seed,0.33,2.0,2.33,12.6,Partech,Corporate VC,2,Artificial Intelligence,Australia,Oceania,Melbourne,INV0046
R00745,S00467,AlphaLink,2025-01-06,2025,Q1,Pre-Seed,0.29,2.71,3.0,12.3,Qualcomm Ventures,Crowdfunding,2,Healthcare & Biotech,UAE,Middle East,Abu Dhabi,INV0062
R00746,S00468,CoreHealth,2020-05-27,2020,Q2,Pre-Seed,0.47,4.13,4.6,11.1,Nexus Venture Partners,Venture Capital,3,Social Media / Creator Economy,Singapore,Asia,Singapore,INV0072
R00747,S00468,CoreHealth,2022-05-03,2022,Q2,Series A,7.37,88.29,95.66,25.5,BlueYard Capital,Venture Capital,4,Social Media / Creator Economy,Singapore,Asia,Singapore,INV0029
R00748,S00468,CoreHealth,2024-08-03,2024,Q3,Series B,17.16,197.09,214.25,15.9,NVIDIA NVentures,Venture Capital,1,Social Media / Creator Economy,Singapore,Asia,Singapore,INV0060
R00749,S00469,Kiteverse,2024-08-23,2024,Q3,Seed,1.56,7.84,9.4,23.2,Accel Partners,Angel Investor,5,Fintech,Kenya,Africa,Nairobi,INV0004
R00750,S00469,Kiteverse,2023-11-15,2023,Q4,Series B,18.3,116.4,134.7,18.6,BlueYard Capital,Family Office,1,Fintech,Kenya,Africa,Nairobi,INV0029
R00751,S00470,VeloForge,2020-02-06,2020,Q1,Seed,1.15,5.08,6.23,10.2,LocalGlobe,Angel Investor,5,Travel Tech,United States,North America,Austin,INV0042
R00752,S00470,VeloForge,2022-05-28,2022,Q2,Series A,8.17,43.46,51.63,20.6,Headline,Family Office,3,Travel Tech,United States,North America,Austin,INV0045
R00753,S00471,GridFinance,2020-04-11,2020,Q2,Seed,4.18,33.42,37.6,24.7,Rakuten Capital,Venture Capital,4,Healthcare & Biotech,India,Asia,Bangalore,INV0063
R00754,S00472,DeltaSecurity,2020-04-21,2020,Q2,Seed,1.3,4.64,5.94,23.2,Lightspeed Venture Partners,Venture Capital,6,Artificial Intelligence,Germany,Europe,Munich,INV0006
R00755,S00472,DeltaSecurity,2023-03-31,2023,Q1,Series B,57.49,258.08,315.57,17.2,Alibaba Group,Angel Investor,4,Artificial Intelligence,Germany,Europe,Munich,INV0054
R00756,S00473,ApexSpace,2021-02-17,2021,Q1,Seed,3.98,29.79,33.77,18.4,Amazon Alexa Fund,Angel Investor,4,Fintech,France,Europe,Lyon,INV0061
R00757,S00474,Terraly,2022-10-10,2022,Q4,Seed,0.94,7.99,8.93,17.7,EQT Ventures,Angel Investor,2,Artificial Intelligence,China,Asia,Guangzhou,INV0030
R00758,S00474,Terraly,2026-02-18,2026,Q1,Series A,28.06,201.72,229.78,29.1,Salesforce Ventures,Venture Capital,3,Artificial Intelligence,China,Asia,Guangzhou,INV0058
R00759,S00475,XenoLogic,2022-08-19,2022,Q3,Seed,1.34,7.85,9.19,11.6,LocalGlobe,Venture Capital,1,SaaS / Enterprise Software,Japan,Asia,Tokyo,INV0042
R00760,S00476,TideSystems,2020-07-02,2020,Q3,Pre-Seed,0.76,3.36,4.12,7.4,Greylock Partners,Venture Capital,9,Fintech,India,Asia,Hyderabad,INV0018
R00761,S00476,TideSystems,2025-07-22,2025,Q3,Seed,1.52,14.22,15.74,15.1,Google Ventures,Angel Investor,7,Fintech,India,Asia,Hyderabad,INV0059
R00762,S00477,ArcLabs,2023-04-14,2023,Q2,Seed,1.37,7.13,8.5,13.4,Battery Ventures,Accelerator,1,Cybersecurity,United Kingdom,Europe,Cambridge,INV0019
R00763,S00478,TerraSpace,2022-12-30,2022,Q4,Pre-Seed,0.34,2.87,3.21,13.7,Microsoft M12,Family Office,1,E-Commerce,China,Asia,Shenzhen,INV0057
R00764,S00478,TerraSpace,2023-12-25,2023,Q4,Series A,20.44,146.1,166.54,27.4,Headline,Corporate VC,3,E-Commerce,China,Asia,Shenzhen,INV0045
R00765,S00478,TerraSpace,2025-06-10,2025,Q2,Series B,35.35,369.4,404.75,24.1,Elevation Capital,Accelerator,2,E-Commerce,China,Asia,Shenzhen,INV0036
R00766,S00479,UltraLabs,2020-11-07,2020,Q4,Pre-Seed,0.39,3.25,3.64,5.9,Temasek,Venture Capital,4,Healthcare & Biotech,Kenya,Africa,Nairobi,INV0049
R00767,S00480,Zenio,2024-12-13,2024,Q4,Pre-Seed,0.44,1.42,1.86,12.2,Index Ventures,Angel Investor,4,Edtech,United States,North America,Los Angeles,INV0015
R00768,S00481,QuantumFlow,2020-12-30,2020,Q4,Pre-Seed,0.18,1.33,1.51,15.0,Founders Fund,Venture Capital,4,Web3 / Blockchain,Bangladesh,Asia,Dhaka,INV0014
R00769,S00482,OnyxMind,2020-11-11,2020,Q4,Seed,1.9,16.96,18.86,16.9,Blume Ventures,Angel Investor,1,Artificial Intelligence,United Kingdom,Europe,Manchester,INV0071
R00770,S00483,ArcLogic,2024-03-05,2024,Q1,Pre-Seed,0.44,3.56,4.0,5.6,Antler,Corporate VC,3,SaaS / Enterprise Software,India,Asia,Delhi NCR,INV0027
R00771,S00483,ArcLogic,2025-12-13,2025,Q4,Seed,1.36,9.5,10.86,14.0,Bessemer Venture Partners,Corporate VC,6,SaaS / Enterprise Software,India,Asia,Delhi NCR,INV0013
R00772,S00484,TerraCloud,2025-03-13,2025,Q1,Pre-Seed,0.4,2.5,2.9,7.7,Elevation Capital,Angel Investor,5,Artificial Intelligence,Germany,Europe,Frankfurt,INV0036
R00773,S00485,ZenoMind,2021-06-03,2021,Q2,Pre-Seed,0.41,3.3,3.71,6.6,Union Square Ventures,Government/Sovereign Fund,1,Fintech,United States,North America,Miami,INV0039
R00774,S00486,ArcStack,2020-11-07,2020,Q4,Seed,2.96,15.66,18.62,13.0,Union Square Ventures,Venture Capital,1,Artificial Intelligence,France,Europe,Lyon,INV0039
R00775,S00487,VeloWorks,2021-05-19,2021,Q2,Pre-Seed,0.55,2.3,2.85,14.6,500 Global,Angel Investor,4,E-Commerce,India,Asia,Mumbai,INV0023
R00776,S00487,VeloWorks,2026-03-05,2026,Q1,Series A,18.14,148.51,166.65,26.1,Sequoia Capital,Venture Capital,9,E-Commerce,India,Asia,Mumbai,INV0001
R00777,S00487,VeloWorks,2022-01-13,2022,Q1,Series C,132.52,852.9,985.42,22.3,Kingsway Capital,Venture Capital,2,E-Commerce,India,Asia,Mumbai,INV0067
R00778,S00488,ZenoTech,2023-01-28,2023,Q1,Pre-Seed,0.58,4.39,4.97,10.6,Qualcomm Ventures,Government/Sovereign Fund,4,Logistics & Supply Chain,United States,North America,Chicago,INV0062
R00779,S00489,MetaEnergy,2023-07-19,2023,Q3,Pre-Seed,0.33,1.43,1.76,10.3,Benchmark,Venture Capital,3,Fintech,Canada,North America,Vancouver,INV0008
R00780,S00489,MetaEnergy,2020-05-26,2020,Q2,Seed,3.17,13.69,16.86,14.7,Accel India,Venture Capital,4,Fintech,Canada,North America,Vancouver,INV0073
R00781,S00490,RuneAI,2022-04-17,2022,Q2,Pre-Seed,0.16,0.93,1.09,13.5,Balderton Capital,Venture Capital,3,Artificial Intelligence,Germany,Europe,Berlin,INV0031
R00782,S00491,ZenoDynamics,2024-12-26,2024,Q4,Seed,0.99,3.65,4.64,19.2,Saudi Aramco Ventures,Crowdfunding,1,Artificial Intelligence,Brazil,South America,Rio de Janeiro,INV0052
R00783,S00492,LumeLogic,2022-09-07,2022,Q3,Pre-Seed,0.35,2.06,2.41,14.6,Intel Capital,Corporate VC,1,SaaS / Enterprise Software,China,Asia,Hangzhou,INV0056
R00784,S00492,LumeLogic,2020-07-14,2020,Q3,Series A,9.86,92.19,102.05,28.4,Amazon Alexa Fund,Family Office,1,SaaS / Enterprise Software,China,Asia,Hangzhou,INV0061
R00785,S00493,QuantumEnergy,2025-03-27,2025,Q1,Seed,1.83,9.32,11.15,11.0,Accel Partners,Angel Investor,3,Climate Tech / Clean Energy,South Korea,Asia,Busan,INV0004
R00786,S00494,HyperForge,2023-04-21,2023,Q2,Seed,1.73,11.99,13.72,15.2,Lightspeed Venture Partners,Angel Investor,2,Fintech,United States,North America,Seattle,INV0006
R00787,S00495,OrionWorks,2023-03-25,2023,Q1,Seed,0.5,4.82,5.32,12.2,Tiger Global,Venture Capital,3,Healthcare & Biotech,China,Asia,Guangzhou,INV0003
R00788,S00496,PixelFlow,2020-08-26,2020,Q3,Pre-Seed,0.55,1.99,2.54,10.5,Point Nine Capital,Corporate VC,5,Logistics & Supply Chain,United States,North America,Denver,INV0044
R00789,S00496,PixelFlow,2023-04-12,2023,Q2,Seed,2.59,21.89,24.48,16.2,Benchmark,Venture Capital,5,Logistics & Supply Chain,United States,North America,Denver,INV0008
R00790,S00497,LumeMind,2023-01-01,2023,Q1,Seed,2.38,22.68,25.06,10.9,SoftBank Vision Fund,Private Equity,6,Web3 / Blockchain,India,Asia,Hyderabad,INV0005
R00791,S00498,LumeFlow,2023-02-15,2023,Q1,Pre-Seed,0.32,2.68,3.0,14.5,Union Square Ventures,Venture Capital,4,Fintech,France,Europe,Paris,INV0039
R00792,S00499,GridSense,2022-12-04,2022,Q4,Seed,0.6,4.96,5.56,22.4,Google Ventures,Venture Capital,3,Fintech,Singapore,Asia,Singapore,INV0059
R00793,S00499,GridSense,2025-12-24,2025,Q4,Series B,22.78,232.19,254.97,24.1,NEA,Venture Capital,2,Fintech,Singapore,Asia,Singapore,INV0020
R00794,S00500,Astraverse,2025-03-15,2025,Q1,Pre-Seed,0.21,1.46,1.67,10.8,Point Nine Capital,Accelerator,3,Artificial Intelligence,India,Asia,Hyderabad,INV0044
R00795,S00501,EchoSpace,2020-12-29,2020,Q4,Seed,2.77,23.88,26.65,23.2,Techstars,Angel Investor,11,Real Estate Tech,South Africa,Africa,Cape Town,INV0024
R00796,S00502,NeoMind,2021-10-26,2021,Q4,Pre-Seed,0.98,8.25,9.23,11.6,500 Global,Accelerator,1,Cybersecurity,South Korea,Asia,Seoul,INV0023
R00797,S00502,NeoMind,2026-03-11,2026,Q1,Series A,10.47,114.52,124.99,18.7,NVIDIA NVentures,Crowdfunding,7,Cybersecurity,South Korea,Asia,Seoul,INV0060
R00798,S00503,FluxFinance,2022-11-24,2022,Q4,Seed,3.0,9.07,12.07,14.3,IVP,Corporate VC,9,E-Commerce,United States,North America,Boston,INV0034
R00799,S00504,HyperX,2022-06-11,2022,Q2,Seed,2.55,12.5,15.05,14.2,500 Global,Accelerator,2,SaaS / Enterprise Software,Brazil,South America,Belo Horizonte,INV0023
R00800,S00505,KiteTech,2021-01-03,2021,Q1,Seed,1.89,14.49,16.38,10.8,IVP,Private Equity,3,Healthcare & Biotech,Spain,Europe,Barcelona,INV0034
R00801,S00505,KiteTech,2024-05-06,2024,Q2,Series B,28.56,252.85,281.41,19.4,Benchmark,Private Equity,1,Healthcare & Biotech,Spain,Europe,Barcelona,INV0008
R00802,S00506,HyperPay,2020-08-24,2020,Q3,Pre-Seed,0.27,0.92,1.19,14.2,Sapphire Ventures,Venture Capital,5,Fintech,United States,North America,Seattle,INV0035
R00803,S00507,AlphaLogic,2023-10-21,2023,Q4,Seed,2.35,22.67,25.02,16.3,Techstars,Family Office,7,Cybersecurity,United States,North America,Denver,INV0024
R00804,S00508,QuantumMind,2021-01-21,2021,Q1,Pre-Seed,1.24,10.39,11.63,5.1,EQT Ventures,Accelerator,4,E-Commerce,United States,North America,Los Angeles,INV0030
R00805,S00508,QuantumMind,2022-03-24,2022,Q1,Series A,15.09,147.81,162.9,28.3,Atomico,Government/Sovereign Fund,7,E-Commerce,United States,North America,Los Angeles,INV0032
R00806,S00509,ForgeCloud,2020-07-20,2020,Q3,Seed,4.57,39.41,43.98,19.2,Techstars,Accelerator,5,Fintech,China,Asia,Shenzhen,INV0024
R00807,S00510,UltraBase,2023-09-15,2023,Q3,Pre-Seed,0.67,2.32,2.99,5.9,Blume Ventures,Government/Sovereign Fund,2,Insurtech,Australia,Oceania,Melbourne,INV0071
R00808,S00511,OnyxAI,2023-05-04,2023,Q2,Pre-Seed,1.11,9.54,10.65,15.0,Tencent,Angel Investor,8,Robotics & Automation,Singapore,Asia,Singapore,INV0053
R00809,S00512,XenoSpace,2020-01-22,2020,Q1,Pre-Seed,0.74,5.59,6.33,9.6,Elevation Capital,Angel Investor,4,Artificial Intelligence,Australia,Oceania,Melbourne,INV0036
R00810,S00513,TerraEnergy,2021-07-20,2021,Q3,Seed,1.66,13.67,15.33,23.9,Partech Africa,Venture Capital,3,Food & AgriTech,Brazil,South America,Rio de Janeiro,INV0069
R00811,S00513,TerraEnergy,2024-08-07,2024,Q3,Series A,5.26,61.16,66.42,26.0,Salesforce Ventures,Venture Capital,4,Food & AgriTech,Brazil,South America,Rio de Janeiro,INV0058
R00812,S00513,TerraEnergy,2023-05-22,2023,Q2,Series B,15.45,79.95,95.4,18.5,Naspers / Prosus,Venture Capital,3,Food & AgriTech,Brazil,South America,Rio de Janeiro,INV0066
R00813,S00514,Zenoly,2022-04-20,2022,Q2,Pre-Seed,0.33,3.0,3.33,12.4,Nexus Venture Partners,Crowdfunding,4,Fintech,United States,North America,Miami,INV0072
R00814,S00514,Zenoly,2021-02-11,2021,Q1,Series A,5.75,45.72,51.47,17.7,Headline,Private Equity,2,Fintech,United States,North America,Miami,INV0045
R00815,S00514,Zenoly,2025-06-15,2025,Q2,Series B,42.46,288.84,331.3,20.8,Khosla Ventures,Venture Capital,1,Fintech,United States,North America,Miami,INV0012
R00816,S00515,VeloDynamics,2023-07-22,2023,Q3,Seed,2.83,25.36,28.19,15.8,SoftBank Vision Fund,Private Equity,2,E-Commerce,Kenya,Africa,Nairobi,INV0005
R00817,S00515,VeloDynamics,2021-10-13,2021,Q4,Series A,18.98,152.91,171.89,22.0,Microsoft M12,Private Equity,3,E-Commerce,Kenya,Africa,Nairobi,INV0057
R00818,S00516,KiteAnalytics,2026-02-19,2026,Q1,Pre-Seed,0.36,2.48,2.84,13.8,B Capital Group,Family Office,9,E-Commerce,United States,North America,Chicago,INV0048
R00819,S00517,ZenoHub,2025-03-17,2025,Q1,Seed,0.63,4.94,5.57,18.3,SBI Investment,Corporate VC,2,Healthcare & Biotech,United States,North America,Boston,INV0065
R00820,S00518,DataHub,2020-07-30,2020,Q3,Pre-Seed,0.21,2.08,2.29,13.1,LocalGlobe,Venture Capital,6,Gaming & Entertainment,Germany,Europe,Munich,INV0042
R00821,S00519,VibeMind,2023-07-06,2023,Q3,Pre-Seed,0.31,2.84,3.15,14.4,Atomico,Corporate VC,2,Artificial Intelligence,United States,North America,Los Angeles,INV0032
R00822,S00520,ZenTech,2025-01-10,2025,Q1,Pre-Seed,0.34,2.82,3.16,13.4,SBI Investment,Venture Capital,1,SaaS / Enterprise Software,Philippines,Asia,Manila,INV0065
R00823,S00521,PixelCloud,2023-01-18,2023,Q1,Seed,1.83,7.22,9.05,11.4,Intel Capital,Crowdfunding,2,Real Estate Tech,United Kingdom,Europe,Edinburgh,INV0056
R00824,S00521,PixelCloud,2025-01-20,2025,Q1,Series B,24.91,133.74,158.65,17.8,Bessemer Venture Partners,Venture Capital,3,Real Estate Tech,United Kingdom,Europe,Edinburgh,INV0013
R00825,S00522,BoltCloud,2022-02-09,2022,Q1,Pre-Seed,0.47,3.04,3.51,13.4,DST Global,Private Equity,4,Legal Tech,Israel,Middle East,Tel Aviv,INV0033
R00826,S00523,ForgeAnalytics,2022-11-20,2022,Q4,Seed,1.89,10.03,11.92,22.3,Tiger Global,Accelerator,6,Food & AgriTech,United States,North America,New York,INV0003
R00827,S00524,CyberFinance,2023-08-19,2023,Q3,Pre-Seed,1.39,13.56,14.95,9.3,Point Nine Capital,Corporate VC,3,Fintech,United States,North America,New York,INV0044
R00828,S00525,PulseStack,2025-04-18,2025,Q2,Pre-Seed,0.75,5.72,6.47,5.7,Chiratae Ventures,Government/Sovereign Fund,1,Fintech,Estonia,Europe,Tallinn,INV0070
R00829,S00525,PulseStack,2021-02-02,2021,Q1,Seed,2.66,19.09,21.75,19.8,Ribbit Capital,Venture Capital,3,Fintech,Estonia,Europe,Tallinn,INV0016
R00830,S00525,PulseStack,2021-10-01,2021,Q4,Series B,76.8,572.0,648.8,29.7,Qualcomm Ventures,Family Office,1,Fintech,Estonia,Europe,Tallinn,INV0062
R00831,S00526,JetBase,2020-08-20,2020,Q3,Pre-Seed,0.75,2.28,3.03,5.4,Atomico,Venture Capital,5,Food & AgriTech,Indonesia,Asia,Surabaya,INV0032
R00832,S00527,DataLabs,2021-06-19,2021,Q2,Pre-Seed,0.42,2.93,3.35,6.3,Techstars,Angel Investor,5,SaaS / Enterprise Software,United States,North America,Chicago,INV0024
R00833,S00528,ForgeEnergy,2020-05-01,2020,Q2,Pre-Seed,0.15,1.36,1.51,8.2,Rakuten Capital,Venture Capital,4,Artificial Intelligence,United States,North America,New York,INV0063
R00834,S00528,ForgeEnergy,2021-10-22,2021,Q4,Seed,1.06,8.25,9.31,15.7,Point Nine Capital,Venture Capital,3,Artificial Intelligence,United States,North America,New York,INV0044
R00835,S00528,ForgeEnergy,2021-05-27,2021,Q2,Series A,16.21,77.08,93.29,15.2,Lightspeed Venture Partners,Corporate VC,5,Artificial Intelligence,United States,North America,New York,INV0006
R00836,S00529,VibeForge,2021-05-10,2021,Q2,Pre-Seed,0.53,2.82,3.35,9.8,Andreessen Horowitz (a16z),Family Office,1,HR Tech,India,Asia,Bangalore,INV0002
R00837,S00529,VibeForge,2023-09-01,2023,Q3,Series A,15.52,98.55,114.07,23.6,Ribbit Capital,Venture Capital,6,HR Tech,India,Asia,Bangalore,INV0016
R00838,S00530,OrionPay,2021-04-06,2021,Q2,Seed,1.83,5.59,7.42,15.9,Northzone,Venture Capital,1,Artificial Intelligence,Brazil,South America,São Paulo,INV0047
R00839,S00530,OrionPay,2023-09-13,2023,Q3,Series A,13.1,110.33,123.43,19.4,GIC,Private Equity,5,Artificial Intelligence,Brazil,South America,São Paulo,INV0050
R00840,S00531,RuneDynamics,2024-08-18,2024,Q3,Pre-Seed,0.37,2.17,2.54,7.5,Benchmark,Venture Capital,7,HR Tech,India,Asia,Bangalore,INV0008
R00841,S00532,XenoAnalytics,2021-08-18,2021,Q3,Pre-Seed,0.34,1.53,1.87,7.2,BlueYard Capital,Venture Capital,2,Fintech,Philippines,Asia,Manila,INV0029
R00842,S00533,RuneLogic,2021-03-21,2021,Q1,Seed,4.28,23.9,28.18,20.6,Index Ventures,Accelerator,8,Fintech,Australia,Oceania,Sydney,INV0015
R00843,S00533,RuneLogic,2025-11-01,2025,Q4,Series B,24.21,179.68,203.89,17.5,Y Combinator,Angel Investor,2,Fintech,Australia,Oceania,Sydney,INV0007
R00844,S00533,RuneLogic,2025-05-27,2025,Q2,Series C,50.27,324.0,374.27,19.9,Plug and Play,Private Equity,5,Fintech,Australia,Oceania,Sydney,INV0026
R00845,S00534,AstraHealth,2025-09-24,2025,Q3,Seed,1.24,5.08,6.32,13.0,IVP,Family Office,2,Artificial Intelligence,United States,North America,Los Angeles,INV0034
R00846,S00534,AstraHealth,2023-09-28,2023,Q3,Series B,33.08,394.75,427.83,21.9,Bessemer Venture Partners,Angel Investor,5,Artificial Intelligence,United States,North America,Los Angeles,INV0013
R00847,S00534,AstraHealth,2022-06-06,2022,Q2,Series C,86.15,304.73,390.88,9.8,SoftBank Vision Fund,Angel Investor,3,Artificial Intelligence,United States,North America,Los Angeles,INV0005
R00848,S00535,MetaAnalytics,2021-05-23,2021,Q2,Seed,1.49,7.23,8.72,21.9,TLcom Capital,Venture Capital,7,Artificial Intelligence,India,Asia,Pune,INV0068
R00849,S00536,GridRobotics,2023-10-10,2023,Q4,Pre-Seed,0.59,3.14,3.73,14.2,Seedcamp,Venture Capital,3,E-Commerce,United States,North America,San Diego,INV0028
R00850,S00536,GridRobotics,2026-01-07,2026,Q1,Series A,13.62,142.54,156.16,22.2,Accel India,Venture Capital,3,E-Commerce,United States,North America,San Diego,INV0073
R00851,S00537,VertexEnergy,2024-03-17,2024,Q1,Pre-Seed,0.66,4.27,4.93,14.3,Tiger Global,Venture Capital,2,Artificial Intelligence,China,Asia,Guangzhou,INV0003
R00852,S00537,VertexEnergy,2024-11-14,2024,Q4,Series A,4.55,28.13,32.68,26.9,Northzone,Venture Capital,2,Artificial Intelligence,China,Asia,Guangzhou,INV0047
R00853,S00538,Kitefy,2020-07-16,2020,Q3,Seed,7.5,48.78,56.28,11.1,BlueYard Capital,Accelerator,6,Space Tech,India,Asia,Chennai,INV0029
R00854,S00538,Kitefy,2020-04-02,2020,Q2,Series A,20.66,170.28,190.94,20.7,Tencent,Family Office,6,Space Tech,India,Asia,Chennai,INV0053
R00855,S00539,NovaSystems,2024-07-30,2024,Q3,Seed,1.34,11.66,13.0,12.2,Union Square Ventures,Private Equity,2,Logistics & Supply Chain,United States,North America,Chicago,INV0039
R00856,S00539,NovaSystems,2020-07-30,2020,Q3,Series A,9.08,44.78,53.86,23.6,Alibaba Group,Venture Capital,1,Logistics & Supply Chain,United States,North America,Chicago,INV0054
R00857,S00539,NovaSystems,2026-01-13,2026,Q1,Series C,46.09,149.66,195.75,10.7,Founders Fund,Accelerator,5,Logistics & Supply Chain,United States,North America,Chicago,INV0014
R00858,S00540,AstraPlatform,2020-03-15,2020,Q1,Pre-Seed,0.3,1.34,1.64,7.4,Peak XV Partners (fka Sequoia India),Private Equity,3,SaaS / Enterprise Software,India,Asia,Mumbai,INV0021
R00859,S00540,AstraPlatform,2025-06-21,2025,Q2,Seed,2.02,19.24,21.26,22.7,Index Ventures,Venture Capital,1,SaaS / Enterprise Software,India,Asia,Mumbai,INV0015
R00860,S00540,AstraPlatform,2025-05-13,2025,Q2,Series A,33.96,219.67,253.63,22.8,Sequoia Capital,Angel Investor,4,SaaS / Enterprise Software,India,Asia,Mumbai,INV0001
R00861,S00541,RuneX,2023-01-15,2023,Q1,Pre-Seed,0.27,1.17,1.44,8.7,Seedcamp,Venture Capital,1,Artificial Intelligence,India,Asia,Mumbai,INV0028
R00862,S00542,Boltverse,2021-10-26,2021,Q4,Seed,0.87,7.31,8.18,16.0,Norwest Venture Partners,Venture Capital,2,SaaS / Enterprise Software,Egypt,Africa,Cairo,INV0037
R00863,S00543,RapidForge,2023-07-25,2023,Q3,Seed,2.63,23.79,26.42,16.2,Y Combinator,Angel Investor,5,Fintech,Vietnam,Asia,Ho Chi Minh City,INV0007
R00864,S00544,UltraLink,2024-01-26,2024,Q1,Seed,1.78,14.77,16.55,21.5,LocalGlobe,Corporate VC,3,Healthcare & Biotech,United States,North America,Boston,INV0042
R00865,S00544,UltraLink,2020-05-02,2020,Q2,Series A,15.62,113.22,128.84,18.7,Index Ventures,Angel Investor,3,Healthcare & Biotech,United States,North America,Boston,INV0015
R00866,S00545,QuantumBio,2024-04-18,2024,Q2,Seed,0.5,4.49,4.99,23.4,Plug and Play,Accelerator,6,Fintech,India,Asia,Pune,INV0026
R00867,S00546,EdgeSystems,2021-03-09,2021,Q1,Pre-Seed,0.85,4.09,4.94,11.0,Atomico,Venture Capital,1,Edtech,Singapore,Asia,Singapore,INV0032
R00868,S00546,EdgeSystems,2023-01-15,2023,Q1,Seed,1.34,5.79,7.13,23.0,GIC,Venture Capital,4,Edtech,Singapore,Asia,Singapore,INV0050
R00869,S00546,EdgeSystems,2022-07-23,2022,Q3,Series A,4.5,52.48,56.98,29.6,SOSV,Venture Capital,6,Edtech,Singapore,Asia,Singapore,INV0025
R00870,S00547,OrionFlow,2023-03-24,2023,Q1,Pre-Seed,0.46,1.63,2.09,9.2,Google Ventures,Family Office,6,Healthcare & Biotech,China,Asia,Beijing,INV0059
R00871,S00547,OrionFlow,2025-02-20,2025,Q1,Series A,21.89,87.77,109.66,24.1,GV (Google Ventures),Venture Capital,4,Healthcare & Biotech,China,Asia,Beijing,INV0011
R00872,S00548,ZenoLabs,2023-05-04,2023,Q2,Pre-Seed,1.61,7.34,8.95,12.8,Battery Ventures,Venture Capital,2,SaaS / Enterprise Software,United States,North America,Miami,INV0019
R00873,S00548,ZenoLabs,2022-06-13,2022,Q2,Seed,4.53,15.35,19.88,12.5,Seedcamp,Corporate VC,10,SaaS / Enterprise Software,United States,North America,Miami,INV0028
R00874,S00548,ZenoLabs,2022-06-26,2022,Q2,Series B,82.93,447.79,530.72,15.3,500 Global,Corporate VC,1,SaaS / Enterprise Software,United States,North America,Miami,INV0023
R00875,S00549,GridSystems,2026-01-25,2026,Q1,Seed,4.01,21.56,25.57,14.0,Seedcamp,Angel Investor,4,E-Commerce,United States,North America,San Francisco,INV0028
R00876,S00550,YieldStack,2020-02-26,2020,Q1,Seed,3.87,13.5,17.37,11.2,Amazon Alexa Fund,Venture Capital,2,Fintech,Argentina,South America,Buenos Aires,INV0061
R00877,S00551,AstraCloud,2023-09-24,2023,Q3,Seed,3.19,21.05,24.24,14.8,NVIDIA NVentures,Venture Capital,4,SaaS / Enterprise Software,Indonesia,Asia,Surabaya,INV0060
R00878,S00551,AstraCloud,2025-01-04,2025,Q1,Series A,8.05,54.95,63.0,18.4,LocalGlobe,Angel Investor,6,SaaS / Enterprise Software,Indonesia,Asia,Surabaya,INV0042
R00879,S00552,TerraPay,2022-01-19,2022,Q1,Pre-Seed,0.47,2.53,3.0,7.0,SBI Investment,Family Office,4,Edtech,United States,North America,Austin,INV0065
R00880,S00553,KiteLogic,2026-01-11,2026,Q1,Seed,1.35,10.24,11.59,19.7,Peak XV Partners (fka Sequoia India),Accelerator,3,SaaS / Enterprise Software,United States,North America,San Francisco,INV0021
R00881,S00553,KiteLogic,2025-12-29,2025,Q4,Series A,6.56,69.0,75.56,22.0,EQT Ventures,Angel Investor,3,SaaS / Enterprise Software,United States,North America,San Francisco,INV0030
R00882,S00554,ApexAnalytics,2020-11-16,2020,Q4,Seed,1.09,8.93,10.02,22.0,Balderton Capital,Venture Capital,3,Travel Tech,United Kingdom,Europe,London,INV0031
R00883,S00555,AlphaSystems,2022-10-13,2022,Q4,Seed,2.03,11.96,13.99,16.9,TLcom Capital,Venture Capital,3,E-Commerce,Netherlands,Europe,Rotterdam,INV0068
R00884,S00556,BetaAI,2020-05-28,2020,Q2,Seed,0.92,8.48,9.4,15.4,Point Nine Capital,Corporate VC,7,Artificial Intelligence,United States,North America,San Francisco,INV0044
R00885,S00557,SwiftCore,2024-11-30,2024,Q4,Pre-Seed,0.82,7.55,8.37,8.0,Greylock Partners,Angel Investor,5,Fintech,Germany,Europe,Berlin,INV0018
R00886,S00558,HyperBeam,2025-09-18,2025,Q3,Pre-Seed,0.55,3.05,3.6,12.0,NEA,Angel Investor,1,Fintech,United Kingdom,Europe,Manchester,INV0020
R00887,S00559,PulseBeam,2020-12-21,2020,Q4,Pre-Seed,0.67,3.36,4.03,9.1,Intel Capital,Private Equity,2,SaaS / Enterprise Software,India,Asia,Pune,INV0056
R00888,S00559,PulseBeam,2021-08-23,2021,Q3,Seed,1.16,10.67,11.83,22.6,Bessemer Venture Partners,Venture Capital,5,SaaS / Enterprise Software,India,Asia,Pune,INV0013
R00889,S00560,ZenoFlow,2020-04-10,2020,Q2,Pre-Seed,0.3,2.11,2.41,14.4,Bessemer Venture Partners,Corporate VC,4,Logistics & Supply Chain,United States,North America,Denver,INV0013
R00890,S00560,ZenoFlow,2021-03-19,2021,Q1,Seed,1.52,14.16,15.68,23.2,Qualcomm Ventures,Family Office,4,Logistics & Supply Chain,United States,North America,Denver,INV0062
R00891,S00561,ForgeBase,2022-12-21,2022,Q4,Pre-Seed,0.49,3.84,4.33,5.2,Balderton Capital,Private Equity,6,Artificial Intelligence,United States,North America,Los Angeles,INV0031
R00892,S00561,ForgeBase,2025-04-14,2025,Q2,Seed,3.03,28.44,31.47,19.0,LocalGlobe,Venture Capital,2,Artificial Intelligence,United States,North America,Los Angeles,INV0042
R00893,S00561,ForgeBase,2024-05-16,2024,Q2,Series B,10.0,91.12,101.12,27.6,Saudi Aramco Ventures,Angel Investor,4,Artificial Intelligence,United States,North America,Los Angeles,INV0052
R00894,S00562,CruxBio,2024-07-28,2024,Q3,Pre-Seed,0.96,6.45,7.41,5.3,Temasek,Accelerator,5,Social Media / Creator Economy,China,Asia,Guangzhou,INV0049
R00895,S00563,TideHub,2024-09-24,2024,Q3,Pre-Seed,0.22,1.65,1.87,10.7,DST Global,Venture Capital,3,Space Tech,Saudi Arabia,Middle East,Jeddah,INV0033
R00896,S00563,TideHub,2022-11-21,2022,Q4,Seed,1.32,5.68,7.0,13.8,TLcom Capital,Corporate VC,6,Space Tech,Saudi Arabia,Middle East,Jeddah,INV0068
R00897,S00563,TideHub,2024-09-22,2024,Q3,Series A,8.07,61.88,69.95,27.4,B Capital Group,Accelerator,4,Space Tech,Saudi Arabia,Middle East,Jeddah,INV0048
R00898,S00564,SwiftForge,2025-09-23,2025,Q3,Pre-Seed,1.1,3.59,4.69,8.4,Temasek,Private Equity,3,Artificial Intelligence,United Kingdom,Europe,Cambridge,INV0049
R00899,S00564,SwiftForge,2025-08-19,2025,Q3,Series A,16.39,189.45,205.84,25.1,Google Ventures,Venture Capital,3,Artificial Intelligence,United Kingdom,Europe,Cambridge,INV0059
R00900,S00564,SwiftForge,2024-02-27,2024,Q1,Series B,64.51,581.62,646.13,15.6,General Catalyst,Venture Capital,3,Artificial Intelligence,United Kingdom,Europe,Cambridge,INV0009
R00901,S00565,VeloBio,2024-10-28,2024,Q4,Pre-Seed,0.26,2.22,2.48,6.0,Ribbit Capital,Venture Capital,6,Healthcare & Biotech,Germany,Europe,Hamburg,INV0016
R00902,S00566,EdgeFlow,2020-11-25,2020,Q4,Seed,2.21,13.37,15.58,18.4,Point Nine Capital,Angel Investor,3,Logistics & Supply Chain,Nigeria,Africa,Nairobi,INV0044
R00903,S00567,WaveCore,2024-05-05,2024,Q2,Pre-Seed,0.25,1.24,1.49,9.3,Accel Partners,Venture Capital,5,Healthcare & Biotech,Canada,North America,Toronto,INV0004
R00904,S00568,ApexDynamics,2020-02-14,2020,Q1,Seed,1.35,13.24,14.59,22.3,SoftBank Vision Fund,Private Equity,1,SaaS / Enterprise Software,UAE,Middle East,Dubai,INV0005
R00905,S00569,FluxTech,2024-10-19,2024,Q4,Seed,1.7,16.47,18.17,16.9,Balderton Capital,Angel Investor,4,Gaming & Entertainment,United States,North America,Chicago,INV0031
R00906,S00569,FluxTech,2024-12-07,2024,Q4,Series B,26.96,163.99,190.95,23.0,GV (Google Ventures),Angel Investor,1,Gaming & Entertainment,United States,North America,Chicago,INV0011
R00907,S00570,CyberSecurity,2021-06-26,2021,Q2,Seed,1.28,5.56,6.84,22.4,Kingsway Capital,Venture Capital,6,Space Tech,China,Asia,Shenzhen,INV0067
R00908,S00571,WaveBeam,2023-08-12,2023,Q3,Seed,1.46,6.29,7.75,12.2,Mitsubishi UFJ Capital,Private Equity,2,Artificial Intelligence,United States,North America,Seattle,INV0064
R00909,S00571,WaveBeam,2022-03-30,2022,Q1,Series A,3.91,37.4,41.31,17.2,Bessemer Venture Partners,Crowdfunding,3,Artificial Intelligence,United States,North America,Seattle,INV0013
R00910,S00572,DataX,2026-01-11,2026,Q1,Seed,1.19,6.21,7.4,18.3,General Catalyst,Venture Capital,2,Fintech,United Kingdom,Europe,Cambridge,INV0009
R00911,S00572,DataX,2021-04-10,2021,Q2,Series A,12.33,93.9,106.23,21.2,First Round Capital,Accelerator,5,Fintech,United Kingdom,Europe,Cambridge,INV0040
R00912,S00573,UltraCloud,2022-11-27,2022,Q4,Pre-Seed,0.11,0.48,0.59,8.5,Sapphire Ventures,Venture Capital,6,Logistics & Supply Chain,United States,North America,Seattle,INV0035
R00913,S00573,UltraCloud,2023-06-04,2023,Q2,Series A,20.65,210.16,230.81,24.3,Lightspeed Venture Partners,Venture Capital,2,Logistics & Supply Chain,United States,North America,Seattle,INV0006
R00914,S00573,UltraCloud,2020-06-20,2020,Q2,Series C,112.4,672.22,784.62,20.3,Antler,Private Equity,6,Logistics & Supply Chain,United States,North America,Seattle,INV0027
R00915,S00574,ProtoDynamics,2026-01-27,2026,Q1,Pre-Seed,0.55,4.16,4.71,7.1,IVP,Venture Capital,1,Fintech,India,Asia,Pune,INV0034
R00916,S00574,ProtoDynamics,2020-05-04,2020,Q2,Series A,19.96,173.59,193.55,24.5,B Capital Group,Venture Capital,6,Fintech,India,Asia,Pune,INV0048
R00917,S00575,FluxAI,2020-01-28,2020,Q1,Pre-Seed,0.47,4.06,4.53,13.3,Alibaba Group,Corporate VC,6,Climate Tech / Clean Energy,United States,North America,Austin,INV0054
R00918,S00576,HyperWorks,2023-10-07,2023,Q4,Seed,1.64,12.19,13.83,20.4,Matrix Partners,Angel Investor,2,E-Commerce,United States,North America,Los Angeles,INV0022
R00919,S00577,UltraBio,2022-09-02,2022,Q3,Pre-Seed,0.47,2.88,3.35,11.4,SBI Investment,Venture Capital,2,Artificial Intelligence,China,Asia,Shenzhen,INV0065
R00920,S00578,TideFinance,2025-04-11,2025,Q2,Pre-Seed,0.52,2.39,2.91,5.2,Greylock Partners,Venture Capital,1,Artificial Intelligence,Japan,Asia,Tokyo,INV0018
R00921,S00578,TideFinance,2024-02-10,2024,Q1,Series A,12.64,88.89,101.53,25.9,Intel Capital,Venture Capital,2,Artificial Intelligence,Japan,Asia,Tokyo,INV0056
R00922,S00579,CruxLink,2020-04-08,2020,Q2,Seed,1.97,10.81,12.78,21.9,Founders Fund,Venture Capital,4,Cybersecurity,Indonesia,Asia,Jakarta,INV0014
R00923,S00579,CruxLink,2022-08-02,2022,Q3,Series A,12.43,50.96,63.39,21.5,Partech,Angel Investor,3,Cybersecurity,Indonesia,Asia,Jakarta,INV0046
R00924,S00580,VibeTech,2020-07-06,2020,Q3,Seed,2.83,26.16,28.99,16.4,Amazon Alexa Fund,Corporate VC,5,Edtech,United States,North America,Chicago,INV0061
R00925,S00580,VibeTech,2023-05-23,2023,Q2,Series B,48.8,361.42,410.22,19.0,NEA,Venture Capital,3,Edtech,United States,North America,Chicago,INV0020
R00926,S00580,VibeTech,2024-11-12,2024,Q4,Series C,69.23,289.56,358.79,20.6,Sapphire Ventures,Corporate VC,3,Edtech,United States,North America,Chicago,INV0035
R00927,S00581,ZenMind,2023-04-12,2023,Q2,Seed,1.3,6.78,8.08,11.6,Antler,Corporate VC,3,Fintech,United States,North America,Chicago,INV0027
R00928,S00581,ZenMind,2023-02-01,2023,Q1,Series B,51.06,494.21,545.27,16.4,Matrix Partners,Angel Investor,3,Fintech,United States,North America,Chicago,INV0022
R00929,S00582,SageTech,2022-10-01,2022,Q4,Pre-Seed,0.18,1.15,1.33,8.7,Nexus Venture Partners,Venture Capital,5,Healthcare & Biotech,Kenya,Africa,Nairobi,INV0072
R00930,S00583,Veloverse,2021-03-23,2021,Q1,Seed,1.15,5.51,6.66,20.4,Khosla Ventures,Corporate VC,1,Artificial Intelligence,China,Asia,Shenzhen,INV0012
R00931,S00583,Veloverse,2020-09-26,2020,Q3,Series B,120.0,724.0,844.0,16.8,BlueYard Capital,Angel Investor,3,Artificial Intelligence,China,Asia,Shenzhen,INV0029
R00932,S00584,Alphaio,2023-08-06,2023,Q3,Pre-Seed,0.58,3.38,3.96,12.4,Blume Ventures,Venture Capital,2,Gaming & Entertainment,United States,North America,Chicago,INV0071
R00933,S00584,Alphaio,2021-07-02,2021,Q3,Seed,0.57,4.39,4.96,18.7,Temasek,Government/Sovereign Fund,9,Gaming & Entertainment,United States,North America,Chicago,INV0049
R00934,S00584,Alphaio,2024-10-05,2024,Q4,Series B,12.16,95.92,108.08,20.8,Mitsubishi UFJ Capital,Venture Capital,5,Gaming & Entertainment,United States,North America,Chicago,INV0064
R00935,S00585,DeltaBase,2024-04-14,2024,Q2,Pre-Seed,0.42,3.16,3.58,12.1,Qualcomm Ventures,Family Office,2,Fintech,Vietnam,Asia,Ho Chi Minh City,INV0062
R00936,S00585,DeltaBase,2022-10-11,2022,Q4,Series A,16.7,160.74,177.44,28.3,Abu Dhabi Investment Authority,Private Equity,1,Fintech,Vietnam,Asia,Ho Chi Minh City,INV0051
R00937,S00586,AstraBase,2023-05-16,2023,Q2,Seed,1.55,14.85,16.4,15.2,Redpoint Ventures,Venture Capital,4,Logistics & Supply Chain,India,Asia,Pune,INV0038
R00938,S00587,DeltaLogic,2021-07-25,2021,Q3,Pre-Seed,0.62,3.01,3.63,6.9,Battery Ventures,Venture Capital,5,Fintech,United States,North America,New York,INV0019
R00939,S00588,PixelDynamics,2020-10-06,2020,Q4,Seed,2.43,10.14,12.57,20.0,First Round Capital,Venture Capital,2,Social Media / Creator Economy,China,Asia,Shanghai,INV0040
R00940,S00589,Swiftverse,2023-01-15,2023,Q1,Seed,0.63,3.0,3.63,20.5,Atomico,Venture Capital,1,Artificial Intelligence,United Kingdom,Europe,Manchester,INV0032
R00941,S00589,Swiftverse,2023-11-29,2023,Q4,Series A,6.18,65.18,71.36,18.8,Salesforce Ventures,Government/Sovereign Fund,4,Artificial Intelligence,United Kingdom,Europe,Manchester,INV0058
R00942,S00590,OrionMind,2023-02-16,2023,Q1,Pre-Seed,0.84,3.89,4.73,7.5,Antler,Private Equity,4,E-Commerce,India,Asia,Mumbai,INV0027
R00943,S00590,OrionMind,2021-03-01,2021,Q1,Seed,3.67,23.52,27.19,10.5,Naspers / Prosus,Angel Investor,5,E-Commerce,India,Asia,Mumbai,INV0066
R00944,S00591,LumeSense,2025-11-21,2025,Q4,Seed,2.94,14.77,17.71,11.8,Battery Ventures,Venture Capital,9,Fintech,France,Europe,Paris,INV0019
R00945,S00591,LumeSense,2020-09-16,2020,Q3,Series B,49.52,433.39,482.91,23.0,Union Square Ventures,Angel Investor,3,Fintech,France,Europe,Paris,INV0039
R00946,S00592,CoreSystems,2023-02-20,2023,Q1,Seed,3.11,27.67,30.78,18.7,Antler,Corporate VC,7,E-Commerce,Netherlands,Europe,Amsterdam,INV0027
R00947,S00592,CoreSystems,2023-07-19,2023,Q3,Series A,4.19,36.52,40.71,19.3,Sapphire Ventures,Venture Capital,6,E-Commerce,Netherlands,Europe,Amsterdam,INV0035
R00948,S00592,CoreSystems,2024-03-21,2024,Q1,Series B,31.29,152.33,183.62,25.7,Cherry Ventures,Angel Investor,3,E-Commerce,Netherlands,Europe,Amsterdam,INV0043
R00949,S00593,IonBeam,2021-11-19,2021,Q4,Seed,1.17,6.08,7.25,22.7,Amazon Alexa Fund,Corporate VC,1,Artificial Intelligence,Germany,Europe,Berlin,INV0061
R00950,S00593,IonBeam,2020-06-29,2020,Q2,Series A,11.03,83.7,94.73,29.4,Samsung Ventures,Government/Sovereign Fund,7,Artificial Intelligence,Germany,Europe,Berlin,INV0055
R00951,S00593,IonBeam,2022-08-14,2022,Q3,Series C,53.31,422.35,475.66,20.4,Antler,Venture Capital,1,Artificial Intelligence,Germany,Europe,Berlin,INV0027
R00952,S00594,UltraPlatform,2023-02-13,2023,Q1,Pre-Seed,0.73,6.63,7.36,9.3,B Capital Group,Government/Sovereign Fund,7,Fintech,United States,North America,San Diego,INV0048
R00953,S00594,UltraPlatform,2022-04-08,2022,Q2,Seed,1.14,6.45,7.59,22.5,Bessemer Venture Partners,Private Equity,6,Fintech,United States,North America,San Diego,INV0013
R00954,S00595,ProtoAI,2021-08-25,2021,Q3,Pre-Seed,0.47,3.55,4.02,7.0,Accel Partners,Venture Capital,5,Robotics & Automation,China,Asia,Beijing,INV0004
R00955,S00595,ProtoAI,2020-12-01,2020,Q4,Series A,23.84,179.65,203.49,22.1,LocalGlobe,Venture Capital,2,Robotics & Automation,China,Asia,Beijing,INV0042
R00956,S00595,ProtoAI,2022-11-07,2022,Q4,Series B,28.28,176.07,204.35,20.9,Techstars,Venture Capital,1,Robotics & Automation,China,Asia,Beijing,INV0024
R00957,S00596,LumeRobotics,2025-12-08,2025,Q4,Seed,1.62,15.73,17.35,14.8,First Round Capital,Venture Capital,1,Healthcare & Biotech,China,Asia,Guangzhou,INV0040
R00958,S00596,LumeRobotics,2024-03-18,2024,Q1,Series B,10.0,75.61,85.61,17.6,Lightspeed Venture Partners,Venture Capital,10,Healthcare & Biotech,China,Asia,Guangzhou,INV0006
R00959,S00596,LumeRobotics,2020-01-27,2020,Q1,Series D,269.35,1754.66,2024.01,13.5,General Catalyst,Corporate VC,4,Healthcare & Biotech,China,Asia,Guangzhou,INV0009
R00960,S00597,ApexPay,2020-07-01,2020,Q3,Seed,0.73,3.49,4.22,20.5,Coatue Management,Venture Capital,6,Edtech,United States,North America,San Francisco,INV0017
R00961,S00597,ApexPay,2025-01-14,2025,Q1,Series A,45.0,445.6,490.6,16.8,500 Global,Private Equity,1,Edtech,United States,North America,San Francisco,INV0023
R00962,S00598,MetaWorks,2023-01-26,2023,Q1,Seed,1.98,15.51,17.49,10.1,Amazon Alexa Fund,Venture Capital,3,Artificial Intelligence,Nigeria,Africa,Nairobi,INV0061
R00963,S00599,OnyxX,2024-01-18,2024,Q1,Seed,0.91,8.97,9.88,11.4,IVP,Venture Capital,10,Fintech,India,Asia,Pune,INV0034
R00964,S00599,OnyxX,2025-05-13,2025,Q2,Series A,6.14,35.39,41.53,29.0,Temasek,Crowdfunding,4,Fintech,India,Asia,Pune,INV0049
R00965,S00600,EdgeNet,2023-05-27,2023,Q2,Pre-Seed,0.76,4.94,5.7,12.4,Kingsway Capital,Angel Investor,4,Artificial Intelligence,United States,North America,Miami,INV0067
R00966,S00600,EdgeNet,2023-02-11,2023,Q1,Series A,7.34,51.27,58.61,19.5,Headline,Venture Capital,5,Artificial Intelligence,United States,North America,Miami,INV0045
R00967,S00600,EdgeNet,2023-08-24,2023,Q3,Series B,32.03,133.61,165.64,26.9,LocalGlobe,Venture Capital,6,Artificial Intelligence,United States,North America,Miami,INV0042
R00968,S00601,AstraPay,2025-07-05,2025,Q3,Pre-Seed,0.92,7.97,8.89,6.5,EQT Ventures,Family Office,2,Web3 / Blockchain,UAE,Middle East,Dubai,INV0030
R00969,S00602,EchoStack,2023-08-07,2023,Q3,Seed,1.33,8.78,10.11,20.9,Amazon Alexa Fund,Government/Sovereign Fund,5,Artificial Intelligence,Indonesia,Asia,Jakarta,INV0061
R00970,S00602,EchoStack,2021-02-19,2021,Q1,Series B,35.61,264.85,300.46,29.7,500 Global,Corporate VC,2,Artificial Intelligence,Indonesia,Asia,Jakarta,INV0023
R00971,S00602,EchoStack,2021-01-11,2021,Q1,Series D,164.23,1053.86,1218.09,21.7,Accel India,Venture Capital,4,Artificial Intelligence,Indonesia,Asia,Jakarta,INV0073
R00972,S00603,MetaRobotics,2022-01-24,2022,Q1,Pre-Seed,0.29,2.37,2.66,6.0,Intel Capital,Venture Capital,4,Artificial Intelligence,Nigeria,Africa,Nairobi,INV0056
R00973,S00604,TideLabs,2021-08-05,2021,Q3,Pre-Seed,0.19,1.14,1.33,7.1,Abu Dhabi Investment Authority,Family Office,2,SaaS / Enterprise Software,Mexico,South America,Monterrey,INV0051
R00974,S00604,TideLabs,2020-12-02,2020,Q4,Series A,14.28,76.53,90.81,28.0,B Capital Group,Private Equity,2,SaaS / Enterprise Software,Mexico,South America,Monterrey,INV0048
R00975,S00605,CruxLogic,2023-06-29,2023,Q2,Seed,2.82,15.57,18.39,17.3,SOSV,Angel Investor,4,Space Tech,United States,North America,Miami,INV0025
R00976,S00606,MetaStack,2026-03-05,2026,Q1,Pre-Seed,0.84,5.24,6.08,10.8,EQT Ventures,Private Equity,6,Climate Tech / Clean Energy,United States,North America,New York,INV0030
R00977,S00607,OnyxCloud,2025-04-30,2025,Q2,Pre-Seed,0.53,3.65,4.18,11.5,Chiratae Ventures,Crowdfunding,9,SaaS / Enterprise Software,India,Asia,Chennai,INV0070
R00978,S00607,OnyxCloud,2025-07-08,2025,Q3,Seed,1.37,5.93,7.3,24.3,Peak XV Partners (fka Sequoia India),Government/Sovereign Fund,1,SaaS / Enterprise Software,India,Asia,Chennai,INV0021
R00979,S00608,RapidHub,2022-01-26,2022,Q1,Seed,2.33,7.96,10.29,16.6,Techstars,Venture Capital,7,Healthcare & Biotech,France,Europe,Lyon,INV0024
R00980,S00609,HyperPlatform,2023-07-23,2023,Q3,Pre-Seed,0.46,2.25,2.71,12.1,Rakuten Capital,Venture Capital,2,Edtech,United States,North America,Denver,INV0063
R00981,S00610,ApexMind,2022-06-20,2022,Q2,Seed,3.08,22.21,25.29,17.4,Benchmark,Angel Investor,3,Gaming & Entertainment,France,Europe,Lyon,INV0008
R00982,S00611,KiteHealth,2020-10-20,2020,Q4,Seed,0.72,6.73,7.45,21.9,Google Ventures,Corporate VC,1,Healthcare & Biotech,China,Asia,Shanghai,INV0059
R00983,S00611,KiteHealth,2025-08-21,2025,Q3,Series B,23.56,120.61,144.17,19.3,Sapphire Ventures,Family Office,3,Healthcare & Biotech,China,Asia,Shanghai,INV0035
R00984,S00612,CyberRobotics,2021-06-01,2021,Q2,Seed,2.81,16.28,19.09,14.3,Antler,Venture Capital,2,Healthcare & Biotech,Canada,North America,Montreal,INV0027
R00985,S00613,ArcSpace,2023-02-22,2023,Q1,Seed,2.61,21.55,24.16,23.0,Union Square Ventures,Accelerator,5,Edtech,United States,North America,Seattle,INV0039
R00986,S00614,TideForge,2022-08-05,2022,Q3,Pre-Seed,0.66,3.38,4.04,7.1,First Round Capital,Angel Investor,4,Fintech,France,Europe,Toulouse,INV0040
R00987,S00615,RuneMind,2021-04-20,2021,Q2,Pre-Seed,0.87,4.7,5.57,14.9,Rakuten Capital,Venture Capital,3,SaaS / Enterprise Software,Germany,Europe,Munich,INV0063
R00988,S00616,PulseHealth,2025-06-14,2025,Q2,Seed,1.26,11.55,12.81,20.9,Northzone,Venture Capital,9,Artificial Intelligence,South Korea,Asia,Seoul,INV0047
R00989,S00616,PulseHealth,2026-02-03,2026,Q1,Series B,45.23,201.53,246.76,26.9,First Round Capital,Venture Capital,2,Artificial Intelligence,South Korea,Asia,Seoul,INV0040
R00990,S00617,RapidFinance,2020-05-25,2020,Q2,Pre-Seed,0.5,3.26,3.76,13.1,Founders Fund,Angel Investor,6,Web3 / Blockchain,China,Asia,Hangzhou,INV0014
R00991,S00618,IonLabs,2025-06-06,2025,Q2,Seed,1.68,11.35,13.03,13.7,500 Global,Accelerator,4,Fintech,India,Asia,Delhi NCR,INV0023
R00992,S00618,IonLabs,2022-01-27,2022,Q1,Series A,4.48,23.66,28.14,27.0,Microsoft M12,Corporate VC,8,Fintech,India,Asia,Delhi NCR,INV0057
R00993,S00618,IonLabs,2020-08-12,2020,Q3,Series B,29.72,342.43,372.15,28.8,Blume Ventures,Crowdfunding,6,Fintech,India,Asia,Delhi NCR,INV0071
R00994,S00619,IonSystems,2021-09-02,2021,Q3,Seed,2.18,16.51,18.69,15.3,Kingsway Capital,Venture Capital,5,Healthcare & Biotech,United States,North America,New York,INV0067
R00995,S00619,IonSystems,2024-10-10,2024,Q4,Series B,10.0,68.29,78.29,15.1,Andreessen Horowitz (a16z),Venture Capital,6,Healthcare & Biotech,United States,North America,New York,INV0002
R00996,S00620,Cyberverse,2024-07-25,2024,Q3,Pre-Seed,0.23,2.14,2.37,7.0,Tiger Global,Venture Capital,5,Climate Tech / Clean Energy,United Kingdom,Europe,Manchester,INV0003
R00997,S00620,Cyberverse,2021-03-06,2021,Q1,Seed,2.19,15.48,17.67,18.8,Elevation Capital,Accelerator,1,Climate Tech / Clean Energy,United Kingdom,Europe,Manchester,INV0036
R00998,S00621,PulseTech,2020-03-26,2020,Q1,Pre-Seed,0.85,7.5,8.35,14.9,Battery Ventures,Corporate VC,1,Cybersecurity,Canada,North America,Vancouver,INV0019
R00999,S00621,PulseTech,2023-11-07,2023,Q4,Seed,2.41,7.97,10.38,18.0,Atomico,Venture Capital,5,Cybersecurity,Canada,North America,Vancouver,INV0032
R01000,S00622,JetBeam,2022-09-03,2022,Q3,Seed,0.91,8.58,9.49,24.4,Balderton Capital,Corporate VC,8,E-Commerce,United States,North America,San Diego,INV0031
R01001,S00622,JetBeam,2026-02-19,2026,Q1,Series A,15.15,86.73,101.88,25.4,Northzone,Corporate VC,4,E-Commerce,United States,North America,San Diego,INV0047
R01002,S00623,QuarkSystems,2023-04-11,2023,Q2,Seed,1.71,9.65,11.36,18.7,Techstars,Venture Capital,1,Climate Tech / Clean Energy,China,Asia,Hangzhou,INV0024
R01003,S00623,QuarkSystems,2024-05-13,2024,Q2,Series A,11.25,70.56,81.81,19.5,Redpoint Ventures,Venture Capital,2,Climate Tech / Clean Energy,China,Asia,Hangzhou,INV0038
R01004,S00623,QuarkSystems,2025-09-19,2025,Q3,Series C,86.22,412.08,498.3,11.2,Khosla Ventures,Venture Capital,3,Climate Tech / Clean Energy,China,Asia,Hangzhou,INV0012
R01005,S00624,OnyxBase,2022-08-16,2022,Q3,Pre-Seed,0.73,7.04,7.77,6.1,Kingsway Capital,Corporate VC,6,Space Tech,Bangladesh,Asia,Dhaka,INV0067
R01006,S00625,CyberPlatform,2020-07-05,2020,Q3,Pre-Seed,0.93,5.26,6.19,13.0,Nexus Venture Partners,Private Equity,2,Edtech,United States,North America,San Francisco,INV0072
R01007,S00626,DawnEnergy,2021-05-09,2021,Q2,Seed,3.22,10.85,14.07,24.2,IVP,Corporate VC,3,Insurtech,United States,North America,San Francisco,INV0034
R01008,S00626,DawnEnergy,2022-02-21,2022,Q1,Series A,13.45,118.19,131.64,17.7,NVIDIA NVentures,Family Office,2,Insurtech,United States,North America,San Francisco,INV0060
R01009,S00627,TerraTech,2025-09-20,2025,Q3,Seed,3.21,16.88,20.09,19.2,Alibaba Group,Venture Capital,4,Fintech,United Kingdom,Europe,Bristol,INV0054
R01010,S00628,SagePlatform,2023-02-01,2023,Q1,Pre-Seed,1.6,8.99,10.59,14.3,Insight Partners,Venture Capital,3,SaaS / Enterprise Software,United States,North America,Denver,INV0010
R01011,S00629,WavePay,2024-08-11,2024,Q3,Seed,3.68,17.55,21.23,11.0,Saudi Aramco Ventures,Government/Sovereign Fund,4,SaaS / Enterprise Software,Colombia,South America,Bogotá,INV0052
R01012,S00629,WavePay,2025-09-12,2025,Q3,Series B,33.17,376.42,409.59,24.2,Techstars,Government/Sovereign Fund,10,SaaS / Enterprise Software,Colombia,South America,Bogotá,INV0024
R01013,S00630,PixelRobotics,2022-03-15,2022,Q1,Pre-Seed,0.66,4.61,5.27,12.0,Google Ventures,Venture Capital,1,HR Tech,Philippines,Asia,Manila,INV0059
R01014,S00630,PixelRobotics,2020-02-07,2020,Q1,Series A,9.93,76.06,85.99,18.0,DST Global,Crowdfunding,5,HR Tech,Philippines,Asia,Manila,INV0033
R01015,S00631,BetaFinance,2023-03-22,2023,Q1,Seed,1.39,6.47,7.86,24.8,Benchmark,Venture Capital,3,Artificial Intelligence,Philippines,Asia,Manila,INV0008
R01016,S00632,EchoTech,2025-02-27,2025,Q1,Pre-Seed,0.6,5.3,5.9,5.3,Alibaba Group,Venture Capital,9,Gaming & Entertainment,United Kingdom,Europe,Manchester,INV0054
R01017,S00633,HyperCore,2021-02-28,2021,Q1,Pre-Seed,0.78,2.41,3.19,10.2,General Catalyst,Venture Capital,10,SaaS / Enterprise Software,India,Asia,Mumbai,INV0009
R01018,S00633,HyperCore,2021-10-20,2021,Q4,Series A,12.13,57.22,69.35,20.1,Microsoft M12,Private Equity,1,SaaS / Enterprise Software,India,Asia,Mumbai,INV0057
R01019,S00633,HyperCore,2025-03-26,2025,Q1,Series B,48.66,518.8,567.46,25.5,General Catalyst,Corporate VC,1,SaaS / Enterprise Software,India,Asia,Mumbai,INV0009
R01020,S00634,SwiftWorks,2024-05-25,2024,Q2,Seed,1.21,6.47,7.68,22.2,Point Nine Capital,Venture Capital,3,Healthcare & Biotech,Sweden,Europe,Gothenburg,INV0044
R01021,S00634,SwiftWorks,2024-06-27,2024,Q2,Series B,20.89,234.27,255.16,15.8,Matrix Partners,Venture Capital,2,Healthcare & Biotech,Sweden,Europe,Gothenburg,INV0022
R01022,S00635,AstraBio,2022-11-25,2022,Q4,Seed,1.47,5.87,7.34,18.6,500 Global,Venture Capital,4,Cybersecurity,Israel,Middle East,Haifa,INV0023
R01023,S00636,Cyberio,2021-11-29,2021,Q4,Pre-Seed,0.56,5.11,5.67,11.7,Antler,Venture Capital,2,Artificial Intelligence,United States,North America,Seattle,INV0027
R01024,S00637,ArcRobotics,2020-11-23,2020,Q4,Seed,1.3,5.01,6.31,19.2,Peak XV Partners (fka Sequoia India),Private Equity,7,Space Tech,India,Asia,Bangalore,INV0021
R01025,S00638,CoreBeam,2023-02-04,2023,Q1,Pre-Seed,0.74,6.88,7.62,9.0,NVIDIA NVentures,Venture Capital,6,Fintech,United States,North America,San Francisco,INV0060
R01026,S00639,NovaCore,2022-10-10,2022,Q4,Pre-Seed,0.93,7.63,8.56,5.5,Temasek,Angel Investor,2,E-Commerce,India,Asia,Chennai,INV0049
R01027,S00640,Hubly,2020-10-17,2020,Q4,Pre-Seed,1.11,7.02,8.13,5.8,Google Ventures,Venture Capital,4,SaaS / Enterprise Software,Netherlands,Europe,Rotterdam,INV0059
R01028,S00640,Hubly,2025-07-09,2025,Q3,Seed,1.62,8.38,10.0,12.6,Alibaba Group,Accelerator,6,SaaS / Enterprise Software,Netherlands,Europe,Rotterdam,INV0054
R01029,S00641,CruxBeam,2023-11-13,2023,Q4,Seed,1.4,7.72,9.12,21.6,Sequoia Capital,Corporate VC,5,Fintech,United States,North America,Seattle,INV0001
R01030,S00642,AlphaX,2020-07-08,2020,Q3,Seed,2.72,19.36,22.08,10.4,Lightspeed Venture Partners,Angel Investor,4,Cybersecurity,India,Asia,Mumbai,INV0006
R01031,S00643,YieldEnergy,2020-06-07,2020,Q2,Seed,1.36,4.31,5.67,14.9,Qualcomm Ventures,Venture Capital,4,Artificial Intelligence,United Kingdom,Europe,Cambridge,INV0062
R01032,S00643,YieldEnergy,2025-03-06,2025,Q1,Series A,14.68,138.66,153.34,16.7,SoftBank Vision Fund,Accelerator,10,Artificial Intelligence,United Kingdom,Europe,Cambridge,INV0005
R01033,S00644,EdgeWare,2020-01-08,2020,Q1,Seed,3.55,19.15,22.7,21.8,B Capital Group,Angel Investor,1,SaaS / Enterprise Software,Canada,North America,Toronto,INV0048
R01034,S00645,Hyperfy,2023-02-18,2023,Q1,Pre-Seed,0.38,2.97,3.35,5.9,Coatue Management,Family Office,10,Artificial Intelligence,India,Asia,Mumbai,INV0017
R01035,S00646,ArcLink,2021-01-09,2021,Q1,Seed,1.7,13.36,15.06,16.3,Sequoia Capital,Angel Investor,6,Cybersecurity,Germany,Europe,Munich,INV0001
R01036,S00646,ArcLink,2020-02-13,2020,Q1,Series A,17.59,125.44,143.03,18.4,Ribbit Capital,Venture Capital,4,Cybersecurity,Germany,Europe,Munich,INV0016
R01037,S00646,ArcLink,2021-04-25,2021,Q2,Series C,35.91,204.9,240.81,11.7,Khosla Ventures,Angel Investor,1,Cybersecurity,Germany,Europe,Munich,INV0012
R01038,S00647,XenoHub,2024-02-28,2024,Q1,Seed,2.98,9.53,12.51,23.1,EQT Ventures,Accelerator,5,Fintech,India,Asia,Pune,INV0030
R01039,S00648,Pixelly,2020-07-07,2020,Q3,Pre-Seed,0.34,2.46,2.8,12.4,Tiger Global,Venture Capital,6,Food & AgriTech,United States,North America,Chicago,INV0003
R01040,S00648,Pixelly,2025-12-13,2025,Q4,Seed,1.05,7.87,8.92,19.7,Benchmark,Venture Capital,3,Food & AgriTech,United States,North America,Chicago,INV0008
R01041,S00649,NovaAnalytics,2020-12-15,2020,Q4,Pre-Seed,0.23,1.64,1.87,14.9,General Catalyst,Private Equity,8,E-Commerce,Australia,Oceania,Sydney,INV0009
R01042,S00650,UltraLogic,2024-11-05,2024,Q4,Pre-Seed,0.36,1.73,2.09,7.8,Plug and Play,Corporate VC,3,E-Commerce,United States,North America,Denver,INV0026
R01043,S00651,QuarkAnalytics,2025-12-25,2025,Q4,Seed,1.9,15.04,16.94,13.5,Accel Partners,Angel Investor,3,Social Media / Creator Economy,China,Asia,Shenzhen,INV0004
R01044,S00652,JetX,2022-11-01,2022,Q4,Seed,1.53,5.04,6.57,18.3,Intel Capital,Venture Capital,3,Space Tech,United States,North America,Los Angeles,INV0056
R01045,S00652,JetX,2021-11-19,2021,Q4,Series B,65.43,720.05,785.48,28.3,Partech,Government/Sovereign Fund,5,Space Tech,United States,North America,Los Angeles,INV0046
R01046,S00652,JetX,2020-10-02,2020,Q4,Series D,235.89,1681.1,1916.99,13.4,Chiratae Ventures,Venture Capital,3,Space Tech,United States,North America,Los Angeles,INV0070
R01047,S00653,CruxMind,2024-06-15,2024,Q2,Pre-Seed,1.15,6.27,7.42,14.3,Accel India,Venture Capital,10,Web3 / Blockchain,China,Asia,Beijing,INV0073
R01048,S00654,VibeCore,2020-06-16,2020,Q2,Seed,0.56,1.85,2.41,13.4,Redpoint Ventures,Venture Capital,3,Cybersecurity,United States,North America,Seattle,INV0038
R01049,S00655,DawnHealth,2023-02-15,2023,Q1,Seed,3.75,22.8,26.55,21.2,B Capital Group,Angel Investor,3,Food & AgriTech,Estonia,Europe,Tallinn,INV0048
R01050,S00656,QuarkBase,2023-03-31,2023,Q1,Seed,4.09,16.61,20.7,13.0,Qualcomm Ventures,Venture Capital,5,Real Estate Tech,India,Asia,Mumbai,INV0062
R01051,S00657,VeloBase,2022-03-09,2022,Q1,Pre-Seed,0.4,1.34,1.74,9.2,SOSV,Angel Investor,1,Fintech,United States,North America,Seattle,INV0025
R01052,S00657,VeloBase,2020-02-23,2020,Q1,Series A,26.38,204.44,230.82,23.4,BlueYard Capital,Venture Capital,7,Fintech,United States,North America,Seattle,INV0029
R01053,S00657,VeloBase,2021-07-05,2021,Q3,Series B,36.3,277.18,313.48,24.7,Ribbit Capital,Private Equity,2,Fintech,United States,North America,Seattle,INV0016
R01054,S00658,XenoSystems,2024-07-16,2024,Q3,Seed,1.2,3.88,5.08,20.1,Lightspeed Venture Partners,Angel Investor,5,Healthcare & Biotech,United States,North America,Miami,INV0006
R01055,S00658,XenoSystems,2023-06-24,2023,Q2,Series B,46.23,502.14,548.37,26.4,Microsoft M12,Venture Capital,1,Healthcare & Biotech,United States,North America,Miami,INV0057
R01056,S00659,RapidRobotics,2024-08-18,2024,Q3,Pre-Seed,0.21,1.19,1.4,9.2,Y Combinator,Venture Capital,4,Fintech,Netherlands,Europe,Rotterdam,INV0007
R01057,S00660,ArcAnalytics,2026-02-08,2026,Q1,Seed,1.03,10.18,11.21,15.8,Draper Associates,Angel Investor,1,E-Commerce,United States,North America,Miami,INV0041
R01058,S00660,ArcAnalytics,2022-08-16,2022,Q3,Series A,5.69,44.38,50.07,24.2,Y Combinator,Family Office,3,E-Commerce,United States,North America,Miami,INV0007
R01059,S00661,ProtoBio,2024-10-16,2024,Q4,Pre-Seed,0.86,3.02,3.88,5.2,Union Square Ventures,Accelerator,8,Logistics & Supply Chain,Turkey,Europe,Ankara,INV0039
R01060,S00661,ProtoBio,2025-07-03,2025,Q3,Series A,11.62,87.54,99.16,20.6,Alibaba Group,Corporate VC,7,Logistics & Supply Chain,Turkey,Europe,Ankara,INV0054
R01061,S00661,ProtoBio,2020-01-12,2020,Q1,Series B,51.42,316.62,368.04,17.2,Accel India,Family Office,1,Logistics & Supply Chain,Turkey,Europe,Ankara,INV0073
R01062,S00662,KiteSystems,2020-05-20,2020,Q2,Pre-Seed,0.71,6.62,7.33,5.8,Saudi Aramco Ventures,Private Equity,1,Fintech,China,Asia,Shanghai,INV0052
R01063,S00662,KiteSystems,2022-04-10,2022,Q2,Series A,6.94,61.34,68.28,27.8,Balderton Capital,Private Equity,4,Fintech,China,Asia,Shanghai,INV0031
R01064,S00663,Apexly,2022-07-29,2022,Q3,Seed,1.88,10.99,12.87,25.0,Accel Partners,Angel Investor,7,Climate Tech / Clean Energy,United States,North America,San Francisco,INV0004
R01065,S00663,Apexly,2025-01-08,2025,Q1,Series A,36.67,155.32,191.99,15.2,LocalGlobe,Corporate VC,1,Climate Tech / Clean Energy,United States,North America,San Francisco,INV0042
R01066,S00663,Apexly,2023-07-07,2023,Q3,Series C,69.91,292.59,362.5,24.6,Amazon Alexa Fund,Venture Capital,6,Climate Tech / Clean Energy,United States,North America,San Francisco,INV0061
R01067,S00664,PixelBase,2021-03-16,2021,Q1,Pre-Seed,1.29,12.72,14.01,9.3,BlueYard Capital,Family Office,2,Fintech,United States,North America,Boston,INV0029
R01068,S00665,MetaLabs,2022-04-29,2022,Q2,Pre-Seed,0.26,0.84,1.1,9.8,Chiratae Ventures,Corporate VC,4,Space Tech,Nigeria,Africa,Nairobi,INV0070
R01069,S00665,MetaLabs,2025-11-30,2025,Q4,Seed,2.73,17.25,19.98,18.0,Coatue Management,Government/Sovereign Fund,5,Space Tech,Nigeria,Africa,Nairobi,INV0017
R01070,S00666,Astraio,2022-09-04,2022,Q3,Pre-Seed,0.17,0.84,1.01,13.2,Alibaba Group,Accelerator,6,E-Commerce,India,Asia,Bangalore,INV0054
R01071,S00667,ForgeBeam,2023-02-07,2023,Q1,Seed,1.47,12.41,13.88,14.4,SBI Investment,Venture Capital,4,Healthcare & Biotech,Mexico,South America,Mexico City,INV0065
R01072,S00667,ForgeBeam,2022-11-05,2022,Q4,Series B,60.61,330.1,390.71,26.4,Elevation Capital,Government/Sovereign Fund,10,Healthcare & Biotech,Mexico,South America,Mexico City,INV0036
R01073,S00667,ForgeBeam,2024-04-06,2024,Q2,Series C,30.0,235.97,265.97,16.0,LocalGlobe,Angel Investor,1,Healthcare & Biotech,Mexico,South America,Mexico City,INV0042
R01074,S00668,NexusSystems,2025-02-22,2025,Q1,Pre-Seed,0.37,2.76,3.13,6.4,Blume Ventures,Private Equity,3,HR Tech,Estonia,Europe,Tallinn,INV0071
R01075,S00668,NexusSystems,2020-01-23,2020,Q1,Seed,1.58,13.85,15.43,11.1,Temasek,Angel Investor,4,HR Tech,Estonia,Europe,Tallinn,INV0049
R01076,S00669,ApexCloud,2023-10-15,2023,Q4,Seed,3.63,14.6,18.23,18.9,Techstars,Venture Capital,5,E-Commerce,United States,North America,San Diego,INV0024
R01077,S00669,ApexCloud,2025-08-29,2025,Q3,Series A,29.07,322.08,351.15,21.9,Sequoia Capital,Venture Capital,2,E-Commerce,United States,North America,San Diego,INV0001
R01078,S00670,SwiftTech,2024-06-23,2024,Q2,Seed,1.6,9.38,10.98,14.3,Blume Ventures,Accelerator,1,Healthcare & Biotech,India,Asia,Chennai,INV0071
R01079,S00671,VertexStack,2023-01-17,2023,Q1,Pre-Seed,0.53,3.94,4.47,8.0,Union Square Ventures,Corporate VC,3,Cybersecurity,United Kingdom,Europe,Manchester,INV0039
R01080,S00671,VertexStack,2023-05-28,2023,Q2,Series A,5.5,24.89,30.39,19.9,BlueYard Capital,Venture Capital,4,Cybersecurity,United Kingdom,Europe,Manchester,INV0029
R01081,S00671,VertexStack,2023-12-18,2023,Q4,Series C,49.82,306.81,356.63,24.5,Draper Associates,Venture Capital,1,Cybersecurity,United Kingdom,Europe,Manchester,INV0041
R01082,S00672,NeoCore,2020-09-26,2020,Q3,Pre-Seed,0.23,1.95,2.18,8.3,Insight Partners,Corporate VC,1,Social Media / Creator Economy,China,Asia,Beijing,INV0010
R01083,S00673,CyberBase,2021-05-13,2021,Q2,Pre-Seed,0.68,6.26,6.94,11.1,Saudi Aramco Ventures,Angel Investor,7,Social Media / Creator Economy,Spain,Europe,Madrid,INV0052
R01084,S00673,CyberBase,2024-11-17,2024,Q4,Series A,9.48,48.9,58.38,28.5,Lightspeed Venture Partners,Corporate VC,3,Social Media / Creator Economy,Spain,Europe,Madrid,INV0006
R01085,S00674,XenoAI,2024-04-20,2024,Q2,Seed,0.91,8.68,9.59,14.7,Temasek,Venture Capital,1,Artificial Intelligence,Israel,Middle East,Haifa,INV0049
R01086,S00675,OnyxBio,2024-04-15,2024,Q2,Seed,1.89,12.02,13.91,25.0,Cherry Ventures,Corporate VC,6,Healthcare & Biotech,Germany,Europe,Frankfurt,INV0043
R01087,S00676,Yieldly,2023-12-27,2023,Q4,Seed,1.08,8.07,9.15,22.0,Tiger Global,Venture Capital,1,Healthcare & Biotech,India,Asia,Delhi NCR,INV0003
R01088,S00677,VibeLink,2025-05-17,2025,Q2,Pre-Seed,0.9,4.8,5.7,13.8,SOSV,Angel Investor,1,Web3 / Blockchain,United States,North America,San Diego,INV0025
R01089,S00678,AstraLabs,2020-05-06,2020,Q2,Pre-Seed,0.73,5.34,6.07,14.6,Partech,Venture Capital,5,Food & AgriTech,France,Europe,Toulouse,INV0046
R01090,S00678,AstraLabs,2020-05-26,2020,Q2,Series A,11.43,102.43,113.86,28.7,Peak XV Partners (fka Sequoia India),Family Office,2,Food & AgriTech,France,Europe,Toulouse,INV0021
R01091,S00678,AstraLabs,2022-02-03,2022,Q1,Series B,25.83,212.96,238.79,19.9,Norwest Venture Partners,Corporate VC,3,Food & AgriTech,France,Europe,Toulouse,INV0037
R01092,S00679,Kitely,2025-11-13,2025,Q4,Pre-Seed,0.62,4.66,5.28,7.8,Microsoft M12,Angel Investor,2,Healthcare & Biotech,United States,North America,Los Angeles,INV0057
R01093,S00679,Kitely,2021-07-07,2021,Q3,Series A,33.11,352.19,385.3,19.3,Tiger Global,Accelerator,6,Healthcare & Biotech,United States,North America,Los Angeles,INV0003
R01094,S00679,Kitely,2025-10-19,2025,Q4,Series C,64.64,429.16,493.8,11.6,EQT Ventures,Government/Sovereign Fund,4,Healthcare & Biotech,United States,North America,Los Angeles,INV0030
R01095,S00680,HubHealth,2020-11-15,2020,Q4,Pre-Seed,0.46,3.19,3.65,10.8,Kingsway Capital,Corporate VC,3,Gaming & Entertainment,Canada,North America,Montreal,INV0067
R01096,S00681,QuarkCloud,2024-09-30,2024,Q3,Seed,1.14,7.63,8.77,14.3,IVP,Angel Investor,2,Cybersecurity,United States,North America,Denver,INV0034
R01097,S00682,VibeAnalytics,2025-04-06,2025,Q2,Seed,0.7,3.7,4.4,11.4,Plug and Play,Venture Capital,2,Artificial Intelligence,Canada,North America,Vancouver,INV0026
R01098,S00682,VibeAnalytics,2022-07-04,2022,Q3,Series B,13.68,66.54,80.22,28.4,Qualcomm Ventures,Angel Investor,3,Artificial Intelligence,Canada,North America,Vancouver,INV0062
R01099,S00683,BetaPay,2025-03-03,2025,Q1,Seed,3.03,11.85,14.88,20.1,Techstars,Venture Capital,4,E-Commerce,India,Asia,Chennai,INV0024
R01100,S00684,VertexX,2021-10-05,2021,Q4,Pre-Seed,0.34,2.81,3.15,10.9,Peak XV Partners (fka Sequoia India),Private Equity,3,Artificial Intelligence,United States,North America,New York,INV0021
R01101,S00685,FluxDynamics,2024-06-29,2024,Q2,Pre-Seed,0.42,1.76,2.18,7.2,Saudi Aramco Ventures,Venture Capital,5,Artificial Intelligence,Singapore,Asia,Singapore,INV0052
R01102,S00685,FluxDynamics,2024-10-19,2024,Q4,Seed,7.5,69.38,76.88,15.6,IVP,Corporate VC,6,Artificial Intelligence,Singapore,Asia,Singapore,INV0034
R01103,S00686,Astrafy,2025-07-18,2025,Q3,Seed,1.87,16.22,18.09,16.4,Cherry Ventures,Family Office,2,Logistics & Supply Chain,United Kingdom,Europe,Bristol,INV0043
R01104,S00686,Astrafy,2024-12-05,2024,Q4,Series A,10.7,112.64,123.34,18.4,Insight Partners,Venture Capital,2,Logistics & Supply Chain,United Kingdom,Europe,Bristol,INV0010
R01105,S00687,BoltStack,2025-03-04,2025,Q1,Seed,2.63,25.96,28.59,23.7,Blume Ventures,Family Office,6,Fintech,India,Asia,Delhi NCR,INV0071
R01106,S00688,WaveRobotics,2020-12-10,2020,Q4,Seed,1.31,10.52,11.83,22.7,Blume Ventures,Corporate VC,3,SaaS / Enterprise Software,Indonesia,Asia,Jakarta,INV0071
R01107,S00688,WaveRobotics,2025-03-29,2025,Q1,Series B,29.29,346.6,375.89,28.8,Antler,Crowdfunding,4,SaaS / Enterprise Software,Indonesia,Asia,Jakarta,INV0027
R01108,S00689,VeloTech,2022-06-19,2022,Q2,Pre-Seed,0.71,6.65,7.36,11.5,Abu Dhabi Investment Authority,Private Equity,2,E-Commerce,Australia,Oceania,Sydney,INV0051
R01109,S00689,VeloTech,2020-03-27,2020,Q1,Series A,15.58,129.03,144.61,26.5,Tencent,Venture Capital,3,E-Commerce,Australia,Oceania,Sydney,INV0053
R01110,S00690,XenoWorks,2020-08-06,2020,Q3,Seed,1.34,10.66,12.0,23.9,GV (Google Ventures),Accelerator,1,Artificial Intelligence,United States,North America,Austin,INV0011
R01111,S00690,XenoWorks,2026-02-22,2026,Q1,Series A,7.58,34.01,41.59,25.2,Matrix Partners,Corporate VC,4,Artificial Intelligence,United States,North America,Austin,INV0022
R01112,S00691,NovaWorks,2022-10-27,2022,Q4,Pre-Seed,0.48,1.94,2.42,6.8,Techstars,Corporate VC,3,Healthcare & Biotech,United Kingdom,Europe,Manchester,INV0024
R01113,S00692,TerraLink,2022-04-27,2022,Q2,Seed,1.11,7.45,8.56,17.6,Plug and Play,Angel Investor,2,Fintech,Brazil,South America,Belo Horizonte,INV0026
R01114,S00693,ApexCore,2022-02-28,2022,Q1,Pre-Seed,0.8,4.19,4.99,9.7,Abu Dhabi Investment Authority,Venture Capital,2,SaaS / Enterprise Software,Estonia,Europe,Tallinn,INV0051
R01115,S00694,RuneWare,2020-08-04,2020,Q3,Seed,3.93,22.42,26.35,20.1,Elevation Capital,Angel Investor,5,Artificial Intelligence,China,Asia,Hangzhou,INV0036
R01116,S00694,RuneWare,2021-06-19,2021,Q2,Series A,12.28,69.95,82.23,17.5,Khosla Ventures,Angel Investor,6,Artificial Intelligence,China,Asia,Hangzhou,INV0012
R01117,S00695,ProtoPay,2025-11-20,2025,Q4,Seed,5.31,40.09,45.4,23.0,General Catalyst,Venture Capital,3,Food & AgriTech,Indonesia,Asia,Surabaya,INV0009
R01118,S00695,ProtoPay,2025-03-25,2025,Q1,Series B,120.0,634.77,754.77,18.3,Alibaba Group,Accelerator,5,Food & AgriTech,Indonesia,Asia,Surabaya,INV0054
R01119,S00695,ProtoPay,2020-07-26,2020,Q3,Series D,233.47,1393.41,1626.88,11.1,Cherry Ventures,Accelerator,4,Food & AgriTech,Indonesia,Asia,Surabaya,INV0043
R01120,S00696,IonLogic,2023-02-02,2023,Q1,Pre-Seed,0.49,3.68,4.17,9.4,Sapphire Ventures,Venture Capital,2,Artificial Intelligence,United States,North America,Seattle,INV0035
R01121,S00697,IonNet,2024-11-18,2024,Q4,Pre-Seed,0.43,2.99,3.42,8.9,TLcom Capital,Venture Capital,2,Food & AgriTech,United States,North America,New York,INV0068
R01122,S00697,IonNet,2025-04-20,2025,Q2,Series A,20.31,116.61,136.92,27.8,Benchmark,Venture Capital,2,Food & AgriTech,United States,North America,New York,INV0008
R01123,S00698,NovaSecurity,2024-11-16,2024,Q4,Pre-Seed,1.83,5.57,7.4,6.1,Y Combinator,Corporate VC,7,E-Commerce,India,Asia,Mumbai,INV0007
R01124,S00698,NovaSecurity,2024-11-23,2024,Q4,Seed,2.63,18.46,21.09,18.7,Khosla Ventures,Venture Capital,5,E-Commerce,India,Asia,Mumbai,INV0012
R01125,S00699,Cloudfy,2022-05-19,2022,Q2,Seed,2.52,14.81,17.33,23.9,B Capital Group,Family Office,4,E-Commerce,Australia,Oceania,Sydney,INV0048
R01126,S00700,TideStack,2020-11-10,2020,Q4,Pre-Seed,0.7,6.82,7.52,11.4,Tencent,Venture Capital,4,Climate Tech / Clean Energy,Netherlands,Europe,Amsterdam,INV0053
R01127,S00700,TideStack,2020-09-04,2020,Q3,Series A,13.55,151.7,165.25,19.1,General Catalyst,Venture Capital,2,Climate Tech / Clean Energy,Netherlands,Europe,Amsterdam,INV0009
R01128,S00701,DawnCore,2022-01-14,2022,Q1,Pre-Seed,0.13,0.67,0.8,8.5,Sequoia Capital,Corporate VC,7,Healthcare & Biotech,United Kingdom,Europe,Edinburgh,INV0001
R01129,S00702,EchoPlatform,2020-12-11,2020,Q4,Seed,1.35,12.97,14.32,21.5,Atomico,Family Office,4,Artificial Intelligence,Sweden,Europe,Gothenburg,INV0032
R01130,S00702,EchoPlatform,2021-01-29,2021,Q1,Series B,41.87,474.08,515.95,26.7,BlueYard Capital,Angel Investor,2,Artificial Intelligence,Sweden,Europe,Gothenburg,INV0029
R01131,S00702,EchoPlatform,2020-11-21,2020,Q4,Series D,135.81,676.21,812.02,19.7,B Capital Group,Accelerator,4,Artificial Intelligence,Sweden,Europe,Gothenburg,INV0048
R01132,S00703,ForgeSystems,2025-09-30,2025,Q3,Pre-Seed,0.27,1.12,1.39,5.3,Headline,Corporate VC,2,Artificial Intelligence,United States,North America,Austin,INV0045
R01133,S00703,ForgeSystems,2023-07-05,2023,Q3,Series A,7.16,66.08,73.24,16.5,Y Combinator,Private Equity,3,Artificial Intelligence,United States,North America,Austin,INV0007
R01134,S00703,ForgeSystems,2020-07-23,2020,Q3,Series C,68.79,276.47,345.26,22.8,Salesforce Ventures,Angel Investor,4,Artificial Intelligence,United States,North America,Austin,INV0058
R01135,S00704,LumeSpace,2022-10-02,2022,Q4,Pre-Seed,0.2,1.12,1.32,13.5,Techstars,Corporate VC,3,Cybersecurity,United States,North America,New York,INV0024
R01136,S00705,QuantumCloud,2021-03-11,2021,Q1,Seed,2.07,14.42,16.49,10.7,Benchmark,Angel Investor,5,Healthcare & Biotech,Germany,Europe,Hamburg,INV0008
R01137,S00705,QuantumCloud,2023-05-29,2023,Q2,Series A,3.65,14.95,18.6,27.0,Sapphire Ventures,Corporate VC,6,Healthcare & Biotech,Germany,Europe,Hamburg,INV0035
R01138,S00705,QuantumCloud,2021-08-08,2021,Q3,Series C,94.51,535.77,630.28,22.5,Amazon Alexa Fund,Venture Capital,7,Healthcare & Biotech,Germany,Europe,Hamburg,INV0061
R01139,S00706,OrionSystems,2021-10-25,2021,Q4,Seed,3.58,35.72,39.3,23.4,Partech Africa,Venture Capital,1,SaaS / Enterprise Software,Netherlands,Europe,Rotterdam,INV0069
R01140,S00706,OrionSystems,2023-02-05,2023,Q1,Series B,17.34,76.99,94.33,29.3,Draper Associates,Private Equity,2,SaaS / Enterprise Software,Netherlands,Europe,Rotterdam,INV0041
R01141,S00707,XenoPay,2023-08-08,2023,Q3,Seed,2.68,20.49,23.17,17.0,Balderton Capital,Corporate VC,2,Healthcare & Biotech,Germany,Europe,Munich,INV0031
R01142,S00708,Betaly,2023-01-22,2023,Q1,Pre-Seed,0.21,0.69,0.9,13.5,Plug and Play,Venture Capital,6,SaaS / Enterprise Software,United Kingdom,Europe,Edinburgh,INV0026
R01143,S00709,YieldPay,2022-05-25,2022,Q2,Pre-Seed,0.5,1.59,2.09,14.9,Union Square Ventures,Accelerator,3,Cybersecurity,India,Asia,Mumbai,INV0039
R01144,S00710,YieldX,2022-08-27,2022,Q3,Pre-Seed,0.37,1.7,2.07,5.8,EQT Ventures,Venture Capital,3,Healthcare & Biotech,United States,North America,Miami,INV0030
R01145,S00710,YieldX,2023-10-30,2023,Q4,Series A,6.65,76.5,83.15,28.0,LocalGlobe,Venture Capital,2,Healthcare & Biotech,United States,North America,Miami,INV0042
R01146,S00711,VertexBase,2022-11-19,2022,Q4,Seed,7.5,52.2,59.7,20.3,GIC,Government/Sovereign Fund,2,Logistics & Supply Chain,China,Asia,Shanghai,INV0050
R01147,S00712,YieldLogic,2022-06-19,2022,Q2,Seed,0.72,6.96,7.68,17.0,NVIDIA NVentures,Accelerator,4,Space Tech,China,Asia,Guangzhou,INV0060
R01148,S00713,ApexFlow,2020-11-06,2020,Q4,Pre-Seed,0.18,1.62,1.8,14.3,Battery Ventures,Family Office,4,Travel Tech,United States,North America,Denver,INV0019
R01149,S00713,ApexFlow,2022-09-30,2022,Q3,Series A,5.53,60.17,65.7,21.6,LocalGlobe,Venture Capital,2,Travel Tech,United States,North America,Denver,INV0042
R01150,S00714,WaveBase,2023-05-19,2023,Q2,Pre-Seed,0.46,1.68,2.14,13.5,Lightspeed Venture Partners,Family Office,5,Food & AgriTech,Indonesia,Asia,Jakarta,INV0006
R01151,S00715,DawnRobotics,2020-12-31,2020,Q4,Pre-Seed,0.31,3.09,3.4,6.4,NVIDIA NVentures,Government/Sovereign Fund,8,Artificial Intelligence,Canada,North America,Toronto,INV0060
R01152,S00716,VeloSystems,2021-09-19,2021,Q3,Pre-Seed,0.62,2.28,2.9,14.6,LocalGlobe,Corporate VC,6,Artificial Intelligence,United States,North America,San Diego,INV0042
R01153,S00717,BoltFlow,2020-08-18,2020,Q3,Seed,1.8,7.89,9.69,22.0,Lightspeed Venture Partners,Venture Capital,10,Edtech,United States,North America,Chicago,INV0006
R01154,S00717,BoltFlow,2024-05-29,2024,Q2,Series B,31.14,276.48,307.62,16.9,Temasek,Angel Investor,3,Edtech,United States,North America,Chicago,INV0049
R01155,S00718,ApexRobotics,2022-05-06,2022,Q2,Seed,1.57,5.45,7.02,14.0,LocalGlobe,Venture Capital,2,Logistics & Supply Chain,Saudi Arabia,Middle East,Jeddah,INV0042
R01156,S00718,ApexRobotics,2023-08-07,2023,Q3,Series A,12.66,79.52,92.18,22.2,BlueYard Capital,Venture Capital,1,Logistics & Supply Chain,Saudi Arabia,Middle East,Jeddah,INV0029
R01157,S00719,VeloRobotics,2023-05-24,2023,Q2,Seed,1.38,6.79,8.17,24.8,Benchmark,Private Equity,2,Edtech,Saudi Arabia,Middle East,Riyadh,INV0008
R01158,S00719,VeloRobotics,2023-09-25,2023,Q3,Series A,29.22,198.48,227.7,23.3,Amazon Alexa Fund,Venture Capital,3,Edtech,Saudi Arabia,Middle East,Riyadh,INV0061
R01159,S00720,TerraSense,2023-11-18,2023,Q4,Pre-Seed,0.47,4.02,4.49,11.3,Norwest Venture Partners,Corporate VC,2,Robotics & Automation,United States,North America,Chicago,INV0037
R01160,S00720,TerraSense,2025-06-22,2025,Q2,Seed,0.75,2.27,3.02,11.1,SoftBank Vision Fund,Venture Capital,2,Robotics & Automation,United States,North America,Chicago,INV0005
R01161,S00721,DawnSystems,2025-12-20,2025,Q4,Seed,1.9,7.82,9.72,21.1,B Capital Group,Accelerator,8,E-Commerce,United States,North America,San Diego,INV0048
R01162,S00722,OnyxBeam,2025-12-25,2025,Q4,Pre-Seed,0.45,3.71,4.16,7.0,Elevation Capital,Venture Capital,5,Insurtech,France,Europe,Lyon,INV0036
R01163,S00722,OnyxBeam,2025-09-08,2025,Q3,Series A,9.01,101.55,110.56,28.1,Index Ventures,Venture Capital,5,Insurtech,France,Europe,Lyon,INV0015
R01164,S00722,OnyxBeam,2024-10-06,2024,Q4,Series C,80.56,243.89,324.45,17.7,Battery Ventures,Angel Investor,1,Insurtech,France,Europe,Lyon,INV0019
R01165,S00723,AlphaMind,2020-06-26,2020,Q2,Pre-Seed,0.29,1.55,1.84,5.2,Kingsway Capital,Venture Capital,1,Edtech,Indonesia,Asia,Jakarta,INV0067
R01166,S00724,CloudHub,2020-10-30,2020,Q4,Pre-Seed,1.07,7.68,8.75,11.7,Y Combinator,Corporate VC,4,Fintech,United States,North America,San Francisco,INV0007
R01167,S00725,AlphaBio,2022-07-11,2022,Q3,Pre-Seed,0.85,5.12,5.97,12.6,Redpoint Ventures,Accelerator,3,Insurtech,France,Europe,Lyon,INV0038
R01168,S00726,TerraSecurity,2021-06-27,2021,Q2,Pre-Seed,0.21,0.68,0.89,13.5,Salesforce Ventures,Private Equity,7,Climate Tech / Clean Energy,United States,North America,Austin,INV0058
R01169,S00727,IonLink,2020-04-26,2020,Q2,Pre-Seed,0.47,4.32,4.79,14.9,Saudi Aramco Ventures,Angel Investor,2,Real Estate Tech,United States,North America,Miami,INV0052
R01170,S00727,IonLink,2020-06-19,2020,Q2,Series A,8.65,52.46,61.11,26.8,Techstars,Private Equity,3,Real Estate Tech,United States,North America,Miami,INV0024
R01171,S00727,IonLink,2020-01-07,2020,Q1,Series B,56.95,442.67,499.62,29.8,Bessemer Venture Partners,Corporate VC,1,Real Estate Tech,United States,North America,Miami,INV0013
R01172,S00728,EchoFinance,2026-03-14,2026,Q1,Seed,1.45,10.46,11.91,15.7,500 Global,Venture Capital,3,Cybersecurity,Mexico,South America,Monterrey,INV0023
R01173,S00729,CoreMind,2023-12-28,2023,Q4,Seed,1.1,3.62,4.72,15.7,SoftBank Vision Fund,Corporate VC,3,SaaS / Enterprise Software,China,Asia,Shanghai,INV0005
R01174,S00730,SwiftSystems,2025-03-19,2025,Q1,Seed,1.5,8.44,9.94,24.2,NVIDIA NVentures,Angel Investor,2,Fintech,South Korea,Asia,Seoul,INV0060
R01175,S00730,SwiftSystems,2026-02-23,2026,Q1,Series B,24.6,165.13,189.73,17.5,Insight Partners,Corporate VC,5,Fintech,South Korea,Asia,Seoul,INV0010
R01176,S00731,VeloAI,2021-09-17,2021,Q3,Pre-Seed,0.32,1.66,1.98,12.7,Samsung Ventures,Accelerator,4,HR Tech,Thailand,Asia,Bangkok,INV0055
R01177,S00731,VeloAI,2023-07-18,2023,Q3,Seed,4.71,36.17,40.88,23.2,Rakuten Capital,Angel Investor,6,HR Tech,Thailand,Asia,Bangkok,INV0063
R01178,S00732,ForgeTech,2026-02-25,2026,Q1,Seed,1.37,10.95,12.32,11.9,Norwest Venture Partners,Accelerator,5,Climate Tech / Clean Energy,South Africa,Africa,Cape Town,INV0037
R01179,S00733,VibeSense,2025-05-13,2025,Q2,Pre-Seed,0.41,4.08,4.49,7.1,Y Combinator,Venture Capital,6,Artificial Intelligence,United States,North America,Seattle,INV0007
R01180,S00733,VibeSense,2024-10-04,2024,Q4,Series A,31.03,290.46,321.49,25.8,Insight Partners,Venture Capital,4,Artificial Intelligence,United States,North America,Seattle,INV0010
R01181,S00734,KiteCore,2024-08-02,2024,Q3,Seed,6.8,60.08,66.88,10.9,IVP,Government/Sovereign Fund,3,Space Tech,Israel,Middle East,Haifa,INV0034
R01182,S00735,HubBeam,2024-11-22,2024,Q4,Pre-Seed,0.42,1.92,2.34,15.0,Alibaba Group,Venture Capital,2,Web3 / Blockchain,Israel,Middle East,Haifa,INV0054
R01183,S00735,HubBeam,2024-08-22,2024,Q3,Series A,9.58,93.18,102.76,21.5,Tencent,Family Office,2,Web3 / Blockchain,Israel,Middle East,Haifa,INV0053
R01184,S00736,ZenEnergy,2021-12-17,2021,Q4,Pre-Seed,0.35,3.14,3.49,7.9,Antler,Government/Sovereign Fund,1,Gaming & Entertainment,United States,North America,Chicago,INV0027
R01185,S00737,SageBio,2023-06-23,2023,Q2,Pre-Seed,0.63,5.11,5.74,13.2,Accel Partners,Angel Investor,5,Fintech,United States,North America,Miami,INV0004
R01186,S00737,SageBio,2022-05-21,2022,Q2,Seed,2.6,11.37,13.97,14.8,Elevation Capital,Venture Capital,5,Fintech,United States,North America,Miami,INV0036
R01187,S00738,MetaLogic,2023-08-28,2023,Q3,Seed,4.55,27.54,32.09,19.8,Norwest Venture Partners,Angel Investor,3,Artificial Intelligence,Netherlands,Europe,Rotterdam,INV0037
R01188,S00739,SageSystems,2026-02-15,2026,Q1,Pre-Seed,0.72,4.73,5.45,9.6,Partech,Angel Investor,4,Fintech,Israel,Middle East,Tel Aviv,INV0046
R01189,S00740,Sageio,2022-03-26,2022,Q1,Pre-Seed,0.43,1.42,1.85,14.4,Partech,Venture Capital,1,SaaS / Enterprise Software,Singapore,Asia,Singapore,INV0046
R01190,S00740,Sageio,2025-06-11,2025,Q2,Seed,2.23,16.52,18.75,12.7,Kingsway Capital,Crowdfunding,5,SaaS / Enterprise Software,Singapore,Asia,Singapore,INV0067
R01191,S00741,PixelBio,2022-11-28,2022,Q4,Seed,2.35,13.18,15.53,13.1,First Round Capital,Accelerator,7,Fintech,South Africa,Africa,Johannesburg,INV0040
R01192,S00742,Zenfy,2024-01-11,2024,Q1,Pre-Seed,0.39,1.89,2.28,8.2,Y Combinator,Venture Capital,3,Healthcare & Biotech,Switzerland,Europe,Zurich,INV0007
R01193,S00742,Zenfy,2020-06-17,2020,Q2,Series A,15.97,173.42,189.39,18.3,Greylock Partners,Venture Capital,5,Healthcare & Biotech,Switzerland,Europe,Zurich,INV0018
R01194,S00743,Pixelfy,2025-06-19,2025,Q2,Seed,4.44,13.81,18.25,18.2,Redpoint Ventures,Angel Investor,4,Climate Tech / Clean Energy,France,Europe,Paris,INV0038
R01195,S00744,WaveLabs,2021-12-17,2021,Q4,Pre-Seed,0.77,7.02,7.79,7.9,DST Global,Venture Capital,2,Climate Tech / Clean Energy,United States,North America,Seattle,INV0033
R01196,S00744,WaveLabs,2022-05-07,2022,Q2,Seed,5.92,19.13,25.05,10.9,Ribbit Capital,Family Office,1,Climate Tech / Clean Energy,United States,North America,Seattle,INV0016
R01197,S00745,AlphaFinance,2020-11-15,2020,Q4,Seed,2.51,8.3,10.81,19.6,Plug and Play,Venture Capital,5,HR Tech,United States,North America,Chicago,INV0026
R01198,S00745,AlphaFinance,2025-07-27,2025,Q3,Series B,30.14,270.54,300.68,26.2,Nexus Venture Partners,Venture Capital,1,HR Tech,United States,North America,Chicago,INV0072
R01199,S00746,RapidSense,2022-11-07,2022,Q4,Seed,3.41,20.16,23.57,11.2,Greylock Partners,Angel Investor,1,Cybersecurity,United States,North America,Los Angeles,INV0018
R01200,S00746,RapidSense,2024-11-18,2024,Q4,Series A,14.05,106.87,120.92,22.9,LocalGlobe,Venture Capital,1,Cybersecurity,United States,North America,Los Angeles,INV0042
R01201,S00747,Novaio,2020-04-29,2020,Q2,Seed,3.58,11.12,14.7,18.9,Partech Africa,Corporate VC,4,Real Estate Tech,Japan,Asia,Osaka,INV0069
R01202,S00748,KitePlatform,2023-04-04,2023,Q2,Pre-Seed,0.37,1.28,1.65,10.1,Andreessen Horowitz (a16z),Venture Capital,5,Logistics & Supply Chain,China,Asia,Guangzhou,INV0002
R01203,S00749,KiteStack,2022-08-06,2022,Q3,Seed,1.76,16.63,18.39,21.2,Antler,Angel Investor,1,E-Commerce,Singapore,Asia,Singapore,INV0027
R01204,S00749,KiteStack,2022-02-11,2022,Q1,Series B,19.12,215.32,234.44,28.2,Abu Dhabi Investment Authority,Family Office,5,E-Commerce,Singapore,Asia,Singapore,INV0051
R01205,S00750,Apexverse,2022-01-12,2022,Q1,Pre-Seed,0.31,1.94,2.25,12.5,Plug and Play,Private Equity,2,Social Media / Creator Economy,Germany,Europe,Hamburg,INV0026
R01206,S00750,Apexverse,2020-09-16,2020,Q3,Seed,1.18,4.86,6.04,20.6,Amazon Alexa Fund,Venture Capital,2,Social Media / Creator Economy,Germany,Europe,Hamburg,INV0061
R01207,S00750,Apexverse,2021-05-22,2021,Q2,Series A,3.0,15.64,18.64,18.0,Blume Ventures,Corporate VC,3,Social Media / Creator Economy,Germany,Europe,Hamburg,INV0071
R01208,S00751,WaveLink,2020-10-29,2020,Q4,Seed,1.91,9.12,11.03,21.0,SoftBank Vision Fund,Accelerator,4,Cybersecurity,United States,North America,Seattle,INV0005
R01209,S00752,TerraFinance,2020-07-09,2020,Q3,Seed,1.58,5.71,7.29,20.5,SoftBank Vision Fund,Venture Capital,2,Healthcare & Biotech,China,Asia,Beijing,INV0005
R01210,S00753,Arcfy,2023-10-24,2023,Q4,Pre-Seed,0.64,4.05,4.69,5.8,Abu Dhabi Investment Authority,Venture Capital,4,Healthcare & Biotech,United States,North America,Miami,INV0051
R01211,S00754,TerraAnalytics,2025-04-03,2025,Q2,Seed,1.47,7.63,9.1,18.7,LocalGlobe,Venture Capital,3,Fintech,United States,North America,New York,INV0042
R01212,S00754,TerraAnalytics,2022-04-14,2022,Q2,Series B,22.39,118.21,140.6,25.4,Greylock Partners,Venture Capital,2,Fintech,United States,North America,New York,INV0018
R01213,S00754,TerraAnalytics,2024-06-11,2024,Q2,Series D,112.15,592.47,704.62,19.1,Khosla Ventures,Angel Investor,4,Fintech,United States,North America,New York,INV0012
R01214,S00755,BetaDynamics,2020-05-02,2020,Q2,Seed,3.56,34.15,37.71,14.6,Chiratae Ventures,Crowdfunding,3,Fintech,China,Asia,Guangzhou,INV0070
R01215,S00755,BetaDynamics,2023-07-12,2023,Q3,Series A,12.83,146.0,158.83,20.3,SOSV,Angel Investor,2,Fintech,China,Asia,Guangzhou,INV0025
R01216,S00755,BetaDynamics,2022-12-24,2022,Q4,Series B,42.34,498.93,541.27,29.3,Cherry Ventures,Venture Capital,7,Fintech,China,Asia,Guangzhou,INV0043
R01217,S00756,Hyperly,2022-11-14,2022,Q4,Pre-Seed,0.33,1.36,1.69,11.5,Ribbit Capital,Venture Capital,1,Healthcare & Biotech,Chile,South America,Santiago,INV0016
R01218,S00756,Hyperly,2023-05-23,2023,Q2,Series A,21.07,158.19,179.26,15.7,Northzone,Venture Capital,3,Healthcare & Biotech,Chile,South America,Santiago,INV0047
R01219,S00757,ForgeFinance,2020-03-13,2020,Q1,Seed,4.34,22.64,26.98,24.7,IVP,Accelerator,8,Cybersecurity,France,Europe,Toulouse,INV0034
R01220,S00758,VibeNet,2025-07-07,2025,Q3,Seed,3.88,23.16,27.04,18.3,500 Global,Venture Capital,1,Gaming & Entertainment,United States,North America,San Diego,INV0023
R01221,S00758,VibeNet,2021-08-31,2021,Q3,Series B,18.13,123.51,141.64,21.5,SOSV,Angel Investor,6,Gaming & Entertainment,United States,North America,San Diego,INV0025
R01222,S00759,ProtoBase,2023-11-12,2023,Q4,Pre-Seed,0.26,0.85,1.11,8.8,SoftBank Vision Fund,Venture Capital,2,Logistics & Supply Chain,Switzerland,Europe,Zurich,INV0005
R01223,S00760,Protofy,2026-01-06,2026,Q1,Pre-Seed,0.34,3.24,3.58,9.2,Greylock Partners,Venture Capital,5,Fintech,United Kingdom,Europe,London,INV0018
R01224,S00761,PulseAnalytics,2021-03-01,2021,Q1,Seed,1.81,7.09,8.9,14.9,Accel India,Angel Investor,1,Fintech,United Kingdom,Europe,Edinburgh,INV0073
R01225,S00762,EchoWorks,2020-08-02,2020,Q3,Pre-Seed,1.04,10.17,11.21,10.9,Redpoint Ventures,Venture Capital,4,Cybersecurity,United States,North America,San Francisco,INV0038
R01226,S00763,SwiftCloud,2023-04-05,2023,Q2,Pre-Seed,0.48,4.77,5.25,13.4,Coatue Management,Venture Capital,1,Fintech,India,Asia,Delhi NCR,INV0017
R01227,S00764,TerraHub,2024-10-20,2024,Q4,Seed,0.81,6.69,7.5,22.4,Abu Dhabi Investment Authority,Family Office,6,Artificial Intelligence,Estonia,Europe,Tallinn,INV0051
R01228,S00765,Orionverse,2023-09-27,2023,Q3,Pre-Seed,0.83,7.34,8.17,8.9,Coatue Management,Venture Capital,1,Edtech,United States,North America,Austin,INV0017
R01229,S00766,OrionStack,2021-03-22,2021,Q1,Seed,0.95,5.09,6.04,24.3,Seedcamp,Private Equity,3,Artificial Intelligence,United States,North America,Chicago,INV0028
R01230,S00767,FluxWare,2022-06-22,2022,Q2,Seed,7.5,49.7,57.2,12.6,Naspers / Prosus,Angel Investor,8,E-Commerce,United States,North America,Chicago,INV0066
R01231,S00768,NeoPay,2023-08-01,2023,Q3,Pre-Seed,0.35,2.43,2.78,11.5,Partech,Venture Capital,2,Artificial Intelligence,Israel,Middle East,Tel Aviv,INV0046
R01232,S00768,NeoPay,2023-06-06,2023,Q2,Series A,8.83,79.78,88.61,22.2,Cherry Ventures,Corporate VC,2,Artificial Intelligence,Israel,Middle East,Tel Aviv,INV0043
R01233,S00769,HubSystems,2025-03-11,2025,Q1,Pre-Seed,1.24,10.96,12.2,7.7,Battery Ventures,Venture Capital,5,Fintech,India,Asia,Pune,INV0019
R01234,S00770,RuneCloud,2022-11-17,2022,Q4,Pre-Seed,0.93,4.44,5.37,9.4,Alibaba Group,Venture Capital,1,Fintech,Brazil,South America,Belo Horizonte,INV0054
R01235,S00770,RuneCloud,2021-01-23,2021,Q1,Seed,2.13,9.12,11.25,17.1,NEA,Private Equity,3,Fintech,Brazil,South America,Belo Horizonte,INV0020
R01236,S00771,GridLogic,2023-10-11,2023,Q4,Seed,7.04,48.24,55.28,11.0,Mitsubishi UFJ Capital,Venture Capital,6,Artificial Intelligence,India,Asia,Delhi NCR,INV0064
R01237,S00771,GridLogic,2025-04-24,2025,Q2,Series A,7.06,32.46,39.52,23.7,Ribbit Capital,Accelerator,5,Artificial Intelligence,India,Asia,Delhi NCR,INV0016
R01238,S00771,GridLogic,2023-09-03,2023,Q3,Series C,30.0,193.25,223.25,18.9,Seedcamp,Venture Capital,2,Artificial Intelligence,India,Asia,Delhi NCR,INV0028
R01239,S00772,NovaLink,2023-02-06,2023,Q1,Pre-Seed,0.55,1.91,2.46,5.0,Khosla Ventures,Angel Investor,2,HR Tech,United States,North America,Miami,INV0012
R01240,S00773,SageWorks,2025-09-05,2025,Q3,Pre-Seed,0.31,1.35,1.66,8.2,LocalGlobe,Venture Capital,3,Climate Tech / Clean Energy,United Kingdom,Europe,London,INV0042
R01241,S00774,CruxStack,2023-04-06,2023,Q2,Pre-Seed,0.4,2.04,2.44,13.9,Matrix Partners,Angel Investor,6,Logistics & Supply Chain,Germany,Europe,Frankfurt,INV0022
R01242,S00774,CruxStack,2022-10-06,2022,Q4,Seed,0.9,3.68,4.58,20.9,Battery Ventures,Corporate VC,3,Logistics & Supply Chain,Germany,Europe,Frankfurt,INV0019
R01243,S00775,HubHub,2022-11-07,2022,Q4,Seed,2.09,20.54,22.63,14.5,Peak XV Partners (fka Sequoia India),Corporate VC,3,Edtech,Thailand,Asia,Bangkok,INV0021
R01244,S00776,HubForge,2026-01-16,2026,Q1,Seed,3.02,16.9,19.92,20.9,Northzone,Venture Capital,1,Artificial Intelligence,United States,North America,San Francisco,INV0047
R01245,S00777,PulseFlow,2020-11-23,2020,Q4,Pre-Seed,0.47,4.43,4.9,11.5,500 Global,Crowdfunding,2,Cybersecurity,Estonia,Europe,Tallinn,INV0023
R01246,S00778,SageX,2025-06-05,2025,Q2,Seed,1.99,13.02,15.01,23.9,Saudi Aramco Ventures,Corporate VC,9,Cybersecurity,United States,North America,Chicago,INV0052
R01247,S00778,SageX,2021-04-04,2021,Q2,Series B,23.78,186.29,210.07,28.0,Elevation Capital,Angel Investor,1,Cybersecurity,United States,North America,Chicago,INV0036
R01248,S00778,SageX,2024-09-26,2024,Q3,Series D,59.96,456.62,516.58,17.3,Partech,Accelerator,1,Cybersecurity,United States,North America,Chicago,INV0046
R01249,S00779,NeoLabs,2022-05-08,2022,Q2,Pre-Seed,0.75,4.28,5.03,5.6,BlueYard Capital,Private Equity,1,Fintech,United States,North America,San Francisco,INV0029
R01250,S00779,NeoLabs,2021-08-20,2021,Q3,Series A,4.1,19.22,23.32,17.8,GV (Google Ventures),Angel Investor,3,Fintech,United States,North America,San Francisco,INV0011
R01251,S00780,YieldAI,2020-03-22,2020,Q1,Pre-Seed,1.26,11.04,12.3,5.0,Elevation Capital,Angel Investor,6,Gaming & Entertainment,United States,North America,New York,INV0036
R01252,S00780,YieldAI,2025-07-05,2025,Q3,Seed,1.54,11.68,13.22,15.1,Union Square Ventures,Venture Capital,3,Gaming & Entertainment,United States,North America,New York,INV0039
R01253,S00781,Onyxio,2020-10-27,2020,Q4,Seed,1.61,8.87,10.48,13.9,Samsung Ventures,Venture Capital,3,SaaS / Enterprise Software,United States,North America,Seattle,INV0055
R01254,S00782,VertexFlow,2024-11-13,2024,Q4,Seed,0.5,4.33,4.83,18.1,Ribbit Capital,Angel Investor,4,Artificial Intelligence,Egypt,Africa,Cairo,INV0016
R01255,S00782,VertexFlow,2020-11-14,2020,Q4,Series A,14.81,81.37,96.18,21.6,Founders Fund,Corporate VC,4,Artificial Intelligence,Egypt,Africa,Cairo,INV0014
R01256,S00782,VertexFlow,2023-07-11,2023,Q3,Series B,41.68,458.22,499.9,19.3,Index Ventures,Angel Investor,5,Artificial Intelligence,Egypt,Africa,Cairo,INV0015
R01257,S00783,HubDynamics,2022-10-25,2022,Q4,Pre-Seed,0.52,2.86,3.38,11.8,Coatue Management,Accelerator,7,Healthcare & Biotech,India,Asia,Delhi NCR,INV0017
R01258,S00783,HubDynamics,2021-10-12,2021,Q4,Seed,1.9,16.54,18.44,17.3,Alibaba Group,Private Equity,7,Healthcare & Biotech,India,Asia,Delhi NCR,INV0054
R01259,S00784,JetLink,2025-03-18,2025,Q1,Pre-Seed,0.49,3.83,4.32,9.2,Ribbit Capital,Venture Capital,6,Fintech,United States,North America,Seattle,INV0016
R01260,S00785,AstraForge,2020-03-09,2020,Q1,Seed,1.02,9.97,10.99,17.8,Benchmark,Venture Capital,6,Artificial Intelligence,India,Asia,Delhi NCR,INV0008
R01261,S00785,AstraForge,2021-02-16,2021,Q1,Series B,31.53,369.29,400.82,16.8,Salesforce Ventures,Angel Investor,6,Artificial Intelligence,India,Asia,Delhi NCR,INV0058
R01262,S00786,CloudForge,2021-09-26,2021,Q3,Seed,1.18,9.52,10.7,15.2,LocalGlobe,Venture Capital,2,Artificial Intelligence,Colombia,South America,Bogotá,INV0042
R01263,S00786,CloudForge,2020-10-11,2020,Q4,Series B,15.35,105.8,121.15,18.6,Kingsway Capital,Accelerator,4,Artificial Intelligence,Colombia,South America,Bogotá,INV0067
R01264,S00787,PulseCore,2020-04-27,2020,Q2,Pre-Seed,1.46,8.29,9.75,14.4,Y Combinator,Angel Investor,2,Healthcare & Biotech,United States,North America,San Diego,INV0007
R01265,S00787,PulseCore,2022-11-14,2022,Q4,Seed,3.22,29.5,32.72,24.5,Partech,Venture Capital,9,Healthcare & Biotech,United States,North America,San Diego,INV0046
R01266,S00788,Dataverse,2021-08-15,2021,Q3,Seed,3.71,23.16,26.87,17.0,Bessemer Venture Partners,Venture Capital,4,Artificial Intelligence,Singapore,Asia,Singapore,INV0013
R01267,S00789,DataFlow,2024-10-06,2024,Q4,Pre-Seed,0.32,1.44,1.76,12.3,First Round Capital,Venture Capital,4,E-Commerce,India,Asia,Delhi NCR,INV0040
R01268,S00790,EchoSystems,2022-06-24,2022,Q2,Pre-Seed,0.67,4.27,4.94,13.0,TLcom Capital,Angel Investor,6,Cybersecurity,United States,North America,Chicago,INV0068
R01269,S00791,PixelSpace,2020-10-05,2020,Q4,Seed,1.37,9.48,10.85,21.3,Norwest Venture Partners,Angel Investor,5,Fintech,Indonesia,Asia,Jakarta,INV0037
R01270,S00792,CloudWorks,2024-05-31,2024,Q2,Pre-Seed,1.03,3.53,4.56,12.4,Battery Ventures,Accelerator,2,Healthcare & Biotech,United Kingdom,Europe,London,INV0019
R01271,S00793,AlphaAnalytics,2022-12-29,2022,Q4,Pre-Seed,0.79,3.25,4.04,14.8,Alibaba Group,Private Equity,3,Healthcare & Biotech,Germany,Europe,Frankfurt,INV0054
R01272,S00794,Rapidfy,2023-08-09,2023,Q3,Pre-Seed,0.77,6.52,7.29,13.4,Qualcomm Ventures,Family Office,4,Healthcare & Biotech,India,Asia,Bangalore,INV0062
R01273,S00795,GridSpace,2020-10-03,2020,Q4,Seed,1.45,13.58,15.03,12.2,Index Ventures,Venture Capital,4,Healthcare & Biotech,Singapore,Asia,Singapore,INV0015
R01274,S00796,SageSense,2022-11-05,2022,Q4,Seed,1.92,9.38,11.3,17.3,Abu Dhabi Investment Authority,Venture Capital,2,Cybersecurity,United States,North America,San Francisco,INV0051
R01275,S00796,SageSense,2021-12-30,2021,Q4,Series A,9.98,94.31,104.29,20.6,Accel Partners,Venture Capital,2,Cybersecurity,United States,North America,San Francisco,INV0004
R01276,S00797,AstraWare,2025-03-13,2025,Q1,Pre-Seed,0.33,2.06,2.39,9.2,SBI Investment,Crowdfunding,2,Web3 / Blockchain,Canada,North America,Toronto,INV0065
R01277,S00798,CoreForge,2022-06-10,2022,Q2,Seed,1.94,16.15,18.09,13.4,Battery Ventures,Venture Capital,5,Real Estate Tech,United States,North America,Seattle,INV0019
R01278,S00798,CoreForge,2025-03-23,2025,Q1,Series B,41.47,410.34,451.81,25.8,Y Combinator,Venture Capital,2,Real Estate Tech,United States,North America,Seattle,INV0007
R01279,S00799,QuarkBio,2024-07-21,2024,Q3,Pre-Seed,0.63,3.27,3.9,10.7,Intel Capital,Venture Capital,3,Insurtech,India,Asia,Mumbai,INV0056
R01280,S00800,Runefy,2024-10-17,2024,Q4,Pre-Seed,0.57,5.18,5.75,10.4,Tencent,Venture Capital,2,Gaming & Entertainment,United States,North America,Austin,INV0053
R01281,S00800,Runefy,2022-04-16,2022,Q2,Series A,13.32,83.42,96.74,28.6,General Catalyst,Corporate VC,2,Gaming & Entertainment,United States,North America,Austin,INV0009
R01282,S00801,ZenLink,2023-12-11,2023,Q4,Pre-Seed,0.63,3.96,4.59,5.1,Balderton Capital,Crowdfunding,2,SaaS / Enterprise Software,Japan,Asia,Osaka,INV0031
R01283,S00801,ZenLink,2020-03-02,2020,Q1,Seed,1.1,9.36,10.46,13.1,LocalGlobe,Venture Capital,1,SaaS / Enterprise Software,Japan,Asia,Osaka,INV0042
R01284,S00802,FluxSense,2022-10-12,2022,Q4,Pre-Seed,0.53,4.25,4.78,9.4,EQT Ventures,Family Office,1,Fintech,India,Asia,Hyderabad,INV0030
R01285,S00803,CyberDynamics,2024-03-19,2024,Q1,Seed,1.03,5.85,6.88,15.2,Andreessen Horowitz (a16z),Venture Capital,3,SaaS / Enterprise Software,United States,North America,Miami,INV0002
R01286,S00804,VertexMind,2023-10-04,2023,Q4,Pre-Seed,0.36,1.25,1.61,14.1,Draper Associates,Private Equity,1,HR Tech,China,Asia,Beijing,INV0041
R01287,S00805,CyberLink,2023-11-09,2023,Q4,Seed,2.73,25.25,27.98,23.0,NEA,Accelerator,5,Fintech,Vietnam,Asia,Hanoi,INV0020
R01288,S00806,PulseEnergy,2025-01-27,2025,Q1,Seed,2.36,22.46,24.82,13.4,Norwest Venture Partners,Angel Investor,3,Cybersecurity,South Korea,Asia,Seoul,INV0037
R01289,S00807,XenoHealth,2023-03-04,2023,Q1,Pre-Seed,0.47,3.58,4.05,8.8,500 Global,Angel Investor,4,Fintech,India,Asia,Chennai,INV0023
R01290,S00807,XenoHealth,2025-09-09,2025,Q3,Series A,16.58,153.53,170.11,24.4,Andreessen Horowitz (a16z),Government/Sovereign Fund,4,Fintech,India,Asia,Chennai,INV0002
R01291,S00808,SageAnalytics,2021-12-20,2021,Q4,Pre-Seed,0.3,1.56,1.86,11.1,Accel Partners,Venture Capital,1,Gaming & Entertainment,Canada,North America,Montreal,INV0004
R01292,S00809,CyberAnalytics,2023-10-03,2023,Q4,Seed,1.67,14.41,16.08,14.8,Point Nine Capital,Venture Capital,4,SaaS / Enterprise Software,South Africa,Africa,Johannesburg,INV0044
R01293,S00810,LumeLabs,2024-11-23,2024,Q4,Seed,1.27,6.93,8.2,13.8,Qualcomm Ventures,Venture Capital,4,Edtech,United States,North America,Seattle,INV0062
R01294,S00811,YieldCore,2024-12-24,2024,Q4,Seed,0.94,3.79,4.73,11.2,Accel India,Venture Capital,11,Artificial Intelligence,United States,North America,Miami,INV0073
R01295,S00812,CyberWare,2023-10-03,2023,Q4,Pre-Seed,0.9,4.59,5.49,8.8,Atomico,Corporate VC,5,Logistics & Supply Chain,United States,North America,Los Angeles,INV0032
R01296,S00813,ForgeSense,2024-05-30,2024,Q2,Seed,1.66,6.84,8.5,12.9,LocalGlobe,Venture Capital,3,SaaS / Enterprise Software,Australia,Oceania,Melbourne,INV0042
R01297,S00813,ForgeSense,2024-11-05,2024,Q4,Series B,24.61,207.34,231.95,20.3,Accel Partners,Corporate VC,2,SaaS / Enterprise Software,Australia,Oceania,Melbourne,INV0004
R01298,S00813,ForgeSense,2023-09-07,2023,Q3,Series C,49.8,238.64,288.44,10.3,Cherry Ventures,Venture Capital,5,SaaS / Enterprise Software,Australia,Oceania,Melbourne,INV0043
R01299,S00814,PulseForge,2022-08-06,2022,Q3,Seed,1.1,9.79,10.89,11.5,Accel India,Venture Capital,2,E-Commerce,United States,North America,Miami,INV0073
R01300,S00814,PulseForge,2022-11-28,2022,Q4,Series A,10.83,86.34,97.17,20.8,Accel Partners,Family Office,2,E-Commerce,United States,North America,Miami,INV0004
R01301,S00815,HubCloud,2020-03-29,2020,Q1,Pre-Seed,0.44,3.37,3.81,5.2,Google Ventures,Family Office,1,Fintech,Australia,Oceania,Sydney,INV0059
R01302,S00815,HubCloud,2023-10-28,2023,Q4,Series A,19.45,92.32,111.77,20.8,Elevation Capital,Crowdfunding,8,Fintech,Australia,Oceania,Sydney,INV0036
R01303,S00816,ProtoFlow,2024-03-29,2024,Q1,Seed,0.86,4.03,4.89,16.6,TLcom Capital,Venture Capital,5,Artificial Intelligence,United States,North America,Los Angeles,INV0068
R01304,S00817,EdgeCore,2025-11-04,2025,Q4,Seed,2.62,8.65,11.27,23.3,Benchmark,Venture Capital,7,E-Commerce,Estonia,Europe,Tallinn,INV0008
R01305,S00817,EdgeCore,2022-02-05,2022,Q1,Series A,10.53,88.45,98.98,26.4,Battery Ventures,Corporate VC,4,E-Commerce,Estonia,Europe,Tallinn,INV0019
R01306,S00817,EdgeCore,2024-06-29,2024,Q2,Series C,128.78,420.3,549.08,19.5,Partech Africa,Angel Investor,2,E-Commerce,Estonia,Europe,Tallinn,INV0069
R01307,S00818,YieldForge,2024-06-01,2024,Q2,Pre-Seed,0.31,2.53,2.84,11.6,Tiger Global,Angel Investor,5,Cybersecurity,Australia,Oceania,Sydney,INV0003
R01308,S00819,QuarkMind,2020-07-26,2020,Q3,Pre-Seed,0.84,5.47,6.31,8.7,Plug and Play,Corporate VC,5,Legal Tech,Spain,Europe,Madrid,INV0026
R01309,S00820,NeoPlatform,2024-07-02,2024,Q3,Pre-Seed,0.42,1.82,2.24,8.2,Blume Ventures,Corporate VC,3,Real Estate Tech,United States,North America,Seattle,INV0071
R01310,S00820,NeoPlatform,2022-06-18,2022,Q2,Seed,0.63,3.32,3.95,14.2,Tencent,Venture Capital,3,Real Estate Tech,United States,North America,Seattle,INV0053
R01311,S00821,NovaDynamics,2023-07-14,2023,Q3,Pre-Seed,0.91,6.83,7.74,9.3,Salesforce Ventures,Angel Investor,3,Gaming & Entertainment,Israel,Middle East,Haifa,INV0058
R01312,S00821,NovaDynamics,2020-05-04,2020,Q2,Series A,12.99,67.7,80.69,28.7,Bessemer Venture Partners,Angel Investor,9,Gaming & Entertainment,Israel,Middle East,Haifa,INV0013
R01313,S00822,AstraFinance,2025-08-29,2025,Q3,Pre-Seed,0.31,2.99,3.3,5.9,Norwest Venture Partners,Private Equity,3,SaaS / Enterprise Software,United States,North America,New York,INV0037
R01314,S00822,AstraFinance,2026-03-25,2026,Q1,Series A,8.41,44.17,52.58,24.2,First Round Capital,Angel Investor,3,SaaS / Enterprise Software,United States,North America,New York,INV0040
R01315,S00822,AstraFinance,2021-07-06,2021,Q3,Series C,37.47,228.17,265.64,10.6,Nexus Venture Partners,Private Equity,4,SaaS / Enterprise Software,United States,North America,New York,INV0072
R01316,S00823,RuneCore,2023-04-25,2023,Q2,Seed,2.44,23.5,25.94,24.1,Microsoft M12,Venture Capital,3,Edtech,United States,North America,New York,INV0057
R01317,S00823,RuneCore,2026-03-22,2026,Q1,Series A,4.73,27.17,31.9,26.6,Bessemer Venture Partners,Venture Capital,11,Edtech,United States,North America,New York,INV0013
R01318,S00823,RuneCore,2022-03-18,2022,Q1,Series B,17.54,209.83,227.37,18.3,Intel Capital,Venture Capital,2,Edtech,United States,North America,New York,INV0056
R01319,S00824,SageEnergy,2024-04-10,2024,Q2,Pre-Seed,1.16,9.1,10.26,13.9,Plug and Play,Venture Capital,5,Space Tech,India,Asia,Chennai,INV0026
R01320,S00825,MetaNet,2020-05-04,2020,Q2,Seed,1.94,16.29,18.23,11.5,IVP,Venture Capital,5,Logistics & Supply Chain,China,Asia,Shanghai,INV0034
R01321,S00826,CloudNet,2021-05-12,2021,Q2,Pre-Seed,0.89,8.06,8.95,10.6,Cherry Ventures,Venture Capital,3,Artificial Intelligence,China,Asia,Guangzhou,INV0043
R01322,S00826,CloudNet,2021-07-28,2021,Q3,Seed,2.17,15.85,18.02,12.6,Plug and Play,Venture Capital,4,Artificial Intelligence,China,Asia,Guangzhou,INV0026
R01323,S00826,CloudNet,2022-06-13,2022,Q2,Series A,3.0,30.8,33.8,22.3,NVIDIA NVentures,Angel Investor,2,Artificial Intelligence,China,Asia,Guangzhou,INV0060
R01324,S00827,PixelHealth,2021-01-06,2021,Q1,Pre-Seed,0.2,1.13,1.33,6.1,B Capital Group,Accelerator,3,Fintech,China,Asia,Beijing,INV0048
R01325,S00828,Boltly,2025-09-10,2025,Q3,Seed,1.31,10.64,11.95,18.9,Ribbit Capital,Accelerator,5,Artificial Intelligence,UAE,Middle East,Abu Dhabi,INV0016
R01326,S00829,CyberCloud,2020-12-12,2020,Q4,Seed,2.04,8.94,10.98,20.4,General Catalyst,Family Office,3,Fintech,Singapore,Asia,Singapore,INV0009
R01327,S00830,Nexusfy,2026-03-10,2026,Q1,Pre-Seed,0.51,2.99,3.5,14.8,Naspers / Prosus,Corporate VC,10,Artificial Intelligence,China,Asia,Shanghai,INV0066
R01328,S00831,Novaverse,2021-11-06,2021,Q4,Seed,2.79,11.7,14.49,18.3,Atomico,Venture Capital,5,Gaming & Entertainment,China,Asia,Hangzhou,INV0032
R01329,S00832,SageSpace,2021-05-12,2021,Q2,Seed,0.96,4.59,5.55,20.7,Cherry Ventures,Family Office,3,SaaS / Enterprise Software,Sweden,Europe,Stockholm,INV0043
R01330,S00832,SageSpace,2023-08-18,2023,Q3,Series B,13.29,54.76,68.05,21.0,Lightspeed Venture Partners,Venture Capital,5,SaaS / Enterprise Software,Sweden,Europe,Stockholm,INV0006
R01331,S00833,ProtoSecurity,2024-08-18,2024,Q3,Seed,0.65,3.9,4.55,15.2,Nexus Venture Partners,Venture Capital,6,Climate Tech / Clean Energy,Israel,Middle East,Jerusalem,INV0072
R01332,S00833,ProtoSecurity,2020-02-17,2020,Q1,Series A,3.51,40.29,43.8,26.1,Cherry Ventures,Corporate VC,5,Climate Tech / Clean Energy,Israel,Middle East,Jerusalem,INV0043
R01333,S00834,YieldSecurity,2020-08-09,2020,Q3,Pre-Seed,0.48,4.74,5.22,8.6,Index Ventures,Family Office,4,E-Commerce,United States,North America,San Diego,INV0015
R01334,S00835,DeltaTech,2023-08-19,2023,Q3,Seed,2.19,15.92,18.11,15.4,Google Ventures,Corporate VC,2,Climate Tech / Clean Energy,United States,North America,Denver,INV0059
R01335,S00835,DeltaTech,2020-06-25,2020,Q2,Series A,4.98,23.17,28.15,17.8,Atomico,Crowdfunding,6,Climate Tech / Clean Energy,United States,North America,Denver,INV0032
R01336,S00835,DeltaTech,2020-11-30,2020,Q4,Series B,37.64,223.93,261.57,27.5,Balderton Capital,Venture Capital,9,Climate Tech / Clean Energy,United States,North America,Denver,INV0031
R01337,S00836,ApexForge,2023-12-12,2023,Q4,Pre-Seed,0.27,1.0,1.27,14.0,Intel Capital,Corporate VC,7,E-Commerce,United States,North America,New York,INV0056
R01338,S00837,FluxCloud,2021-04-29,2021,Q2,Seed,2.78,15.81,18.59,11.6,Union Square Ventures,Corporate VC,4,Fintech,China,Asia,Shanghai,INV0039
R01339,S00837,FluxCloud,2022-03-17,2022,Q1,Series A,8.84,52.71,61.55,15.5,Index Ventures,Corporate VC,3,Fintech,China,Asia,Shanghai,INV0015
R01340,S00838,NexusLink,2024-04-21,2024,Q2,Pre-Seed,0.2,1.35,1.55,14.8,Accel India,Angel Investor,1,Logistics & Supply Chain,Germany,Europe,Frankfurt,INV0073
R01341,S00838,NexusLink,2024-01-07,2024,Q1,Series A,26.82,185.36,212.18,15.4,Antler,Family Office,5,Logistics & Supply Chain,Germany,Europe,Frankfurt,INV0027
R01342,S00838,NexusLink,2020-04-02,2020,Q2,Series B,50.58,475.12,525.7,21.0,Headline,Corporate VC,5,Logistics & Supply Chain,Germany,Europe,Frankfurt,INV0045
R01343,S00839,ProtoHub,2024-03-29,2024,Q1,Seed,1.93,16.15,18.08,20.7,Mitsubishi UFJ Capital,Venture Capital,5,Artificial Intelligence,United States,North America,Austin,INV0064
R01344,S00839,ProtoHub,2024-06-21,2024,Q2,Series A,17.18,156.47,173.65,20.2,Alibaba Group,Accelerator,8,Artificial Intelligence,United States,North America,Austin,INV0054
R01345,S00840,DataSystems,2023-07-29,2023,Q3,Pre-Seed,0.76,2.85,3.61,5.9,500 Global,Venture Capital,5,Gaming & Entertainment,China,Asia,Beijing,INV0023
R01346,S00841,NexusCloud,2020-12-02,2020,Q4,Seed,1.44,8.34,9.78,13.9,Founders Fund,Venture Capital,5,Artificial Intelligence,United States,North America,Los Angeles,INV0014
R01347,S00842,YieldDynamics,2022-12-26,2022,Q4,Seed,2.05,19.68,21.73,13.6,Cherry Ventures,Angel Investor,6,Cybersecurity,South Korea,Asia,Seoul,INV0043
R01348,S00843,OnyxPay,2026-03-15,2026,Q1,Seed,1.5,11.74,13.24,15.4,Salesforce Ventures,Family Office,1,Climate Tech / Clean Energy,United Kingdom,Europe,Edinburgh,INV0058
R01349,S00844,AstraSecurity,2024-02-20,2024,Q1,Pre-Seed,0.55,4.72,5.27,8.1,Redpoint Ventures,Private Equity,2,Artificial Intelligence,United States,North America,Miami,INV0038
R01350,S00845,DataSpace,2020-11-28,2020,Q4,Seed,0.9,4.3,5.2,20.9,Coatue Management,Private Equity,4,SaaS / Enterprise Software,Germany,Europe,Frankfurt,INV0017
R01351,S00846,MetaPlatform,2023-05-14,2023,Q2,Seed,2.39,21.66,24.05,12.4,Partech Africa,Family Office,3,Fintech,United States,North America,Seattle,INV0069
R01352,S00846,MetaPlatform,2026-02-22,2026,Q1,Series A,7.49,66.21,73.7,19.5,Kingsway Capital,Venture Capital,3,Fintech,United States,North America,Seattle,INV0067
R01353,S00847,VibeLabs,2022-12-22,2022,Q4,Seed,3.65,26.68,30.33,14.8,Union Square Ventures,Private Equity,2,Edtech,United States,North America,Denver,INV0039
R01354,S00847,VibeLabs,2021-03-19,2021,Q1,Series A,8.22,96.04,104.26,21.2,Seedcamp,Venture Capital,2,Edtech,United States,North America,Denver,INV0028
R01355,S00848,DawnPlatform,2021-09-02,2021,Q3,Seed,0.86,3.99,4.85,18.4,Y Combinator,Venture Capital,3,Climate Tech / Clean Energy,Australia,Oceania,Melbourne,INV0007
R01356,S00849,PixelCore,2024-03-28,2024,Q1,Pre-Seed,0.57,4.65,5.22,9.5,Greylock Partners,Venture Capital,2,Artificial Intelligence,India,Asia,Chennai,INV0018
R01357,S00849,PixelCore,2022-03-12,2022,Q1,Seed,2.46,17.56,20.02,23.5,Headline,Private Equity,3,Artificial Intelligence,India,Asia,Chennai,INV0045
R01358,S00849,PixelCore,2024-08-17,2024,Q3,Series B,44.26,504.77,549.03,25.2,Balderton Capital,Angel Investor,5,Artificial Intelligence,India,Asia,Chennai,INV0031
R01359,S00850,PulseBase,2021-09-04,2021,Q3,Seed,2.4,11.37,13.77,11.2,Alibaba Group,Accelerator,1,Artificial Intelligence,Switzerland,Europe,Zurich,INV0054
R01360,S00850,PulseBase,2024-10-01,2024,Q4,Series A,21.64,87.76,109.4,29.2,Headline,Venture Capital,7,Artificial Intelligence,Switzerland,Europe,Zurich,INV0045
R01361,S00851,NeoSystems,2025-07-18,2025,Q3,Pre-Seed,0.3,2.29,2.59,9.1,Naspers / Prosus,Venture Capital,1,Healthcare & Biotech,China,Asia,Beijing,INV0066
R01362,S00852,ZenX,2020-01-13,2020,Q1,Seed,2.4,22.6,25.0,20.7,500 Global,Accelerator,3,Healthcare & Biotech,France,Europe,Lyon,INV0023
R01363,S00852,ZenX,2025-03-24,2025,Q1,Series A,9.16,102.34,111.5,27.3,SOSV,Venture Capital,5,Healthcare & Biotech,France,Europe,Lyon,INV0025
R01364,S00853,KiteSense,2021-07-21,2021,Q3,Pre-Seed,1.07,6.13,7.2,11.3,GIC,Accelerator,3,Gaming & Entertainment,United States,North America,Miami,INV0050
R01365,S00853,KiteSense,2022-02-10,2022,Q1,Series A,5.37,23.38,28.75,21.2,SBI Investment,Angel Investor,2,Gaming & Entertainment,United States,North America,Miami,INV0065
R01366,S00854,YieldHub,2026-02-05,2026,Q1,Pre-Seed,0.44,2.24,2.68,10.8,Google Ventures,Venture Capital,3,Edtech,South Africa,Africa,Johannesburg,INV0059
R01367,S00855,QuantumAI,2025-08-07,2025,Q3,Pre-Seed,0.21,1.63,1.84,9.4,Saudi Aramco Ventures,Venture Capital,8,Insurtech,United Kingdom,Europe,Manchester,INV0052
R01368,S00856,VertexCore,2025-03-03,2025,Q1,Seed,0.75,4.71,5.46,21.7,Partech,Venture Capital,2,E-Commerce,United States,North America,Boston,INV0046
R01369,S00856,VertexCore,2021-12-30,2021,Q4,Series A,43.36,408.5,451.86,24.4,Coatue Management,Venture Capital,2,E-Commerce,United States,North America,Boston,INV0017
R01370,S00856,VertexCore,2021-11-18,2021,Q4,Series C,173.25,1213.02,1386.27,12.0,Temasek,Angel Investor,3,E-Commerce,United States,North America,Boston,INV0049
R01371,S00857,ZenoCore,2021-05-27,2021,Q2,Pre-Seed,0.14,1.03,1.17,10.2,Norwest Venture Partners,Venture Capital,11,Healthcare & Biotech,UAE,Middle East,Dubai,INV0037
R01372,S00857,ZenoCore,2025-12-18,2025,Q4,Seed,1.21,5.85,7.06,12.1,Elevation Capital,Venture Capital,2,Healthcare & Biotech,UAE,Middle East,Dubai,INV0036
R01373,S00858,EchoHealth,2020-01-15,2020,Q1,Pre-Seed,0.46,1.61,2.07,12.9,DST Global,Government/Sovereign Fund,4,Robotics & Automation,Vietnam,Asia,Ho Chi Minh City,INV0033
R01374,S00859,Rapidly,2021-07-09,2021,Q3,Seed,1.3,11.28,12.58,21.9,Northzone,Venture Capital,6,Fintech,Egypt,Africa,Cairo,INV0047
R01375,S00859,Rapidly,2024-02-27,2024,Q1,Series A,10.89,108.35,119.24,25.3,Blume Ventures,Venture Capital,4,Fintech,Egypt,Africa,Cairo,INV0071
R01376,S00859,Rapidly,2021-11-12,2021,Q4,Series C,32.22,234.59,266.81,9.5,Redpoint Ventures,Venture Capital,3,Fintech,Egypt,Africa,Cairo,INV0038
R01377,S00860,ZenDynamics,2022-06-07,2022,Q2,Pre-Seed,0.54,3.36,3.9,11.7,Qualcomm Ventures,Venture Capital,4,Healthcare & Biotech,United States,North America,Miami,INV0062
R01378,S00860,ZenDynamics,2025-08-19,2025,Q3,Seed,0.95,4.85,5.8,24.3,Draper Associates,Venture Capital,2,Healthcare & Biotech,United States,North America,Miami,INV0041
R01379,S00861,CyberForge,2020-08-05,2020,Q3,Seed,7.44,65.44,72.88,21.6,Khosla Ventures,Corporate VC,1,Logistics & Supply Chain,Canada,North America,Toronto,INV0012
R01380,S00861,CyberForge,2024-10-10,2024,Q4,Series B,120.0,1081.55,1201.55,23.1,Amazon Alexa Fund,Private Equity,1,Logistics & Supply Chain,Canada,North America,Toronto,INV0061
R01381,S00862,LumeBase,2025-07-28,2025,Q3,Seed,1.04,8.02,9.06,22.3,Intel Capital,Venture Capital,3,Real Estate Tech,Germany,Europe,Berlin,INV0056
R01382,S00863,TideLink,2022-03-04,2022,Q1,Seed,2.89,17.98,20.87,22.4,Nexus Venture Partners,Private Equity,4,E-Commerce,United States,North America,Miami,INV0072
R01383,S00863,TideLink,2025-12-03,2025,Q4,Series B,17.31,128.99,146.3,19.4,Battery Ventures,Angel Investor,3,E-Commerce,United States,North America,Miami,INV0019
R01384,S00864,TerraBase,2023-05-12,2023,Q2,Seed,2.17,17.05,19.22,23.0,Balderton Capital,Government/Sovereign Fund,5,Climate Tech / Clean Energy,France,Europe,Paris,INV0031
R01385,S00865,VibeDynamics,2022-07-04,2022,Q3,Seed,3.36,16.2,19.56,19.6,Abu Dhabi Investment Authority,Angel Investor,3,Real Estate Tech,Australia,Oceania,Melbourne,INV0051
R01386,S00865,VibeDynamics,2024-06-05,2024,Q2,Series B,21.55,118.26,139.81,28.9,Balderton Capital,Venture Capital,3,Real Estate Tech,Australia,Oceania,Melbourne,INV0031
R01387,S00866,ZenoLink,2022-08-03,2022,Q3,Seed,1.08,10.48,11.56,23.5,Naspers / Prosus,Venture Capital,4,Artificial Intelligence,Chile,South America,Santiago,INV0066
R01388,S00866,ZenoLink,2020-12-29,2020,Q4,Series B,113.25,1260.68,1373.93,21.9,Nexus Venture Partners,Corporate VC,5,Artificial Intelligence,Chile,South America,Santiago,INV0072
R01389,S00866,ZenoLink,2021-03-03,2021,Q1,Series C,53.88,250.84,304.72,13.6,500 Global,Private Equity,2,Artificial Intelligence,Chile,South America,Santiago,INV0023
R01390,S00867,BetaSpace,2021-11-13,2021,Q4,Pre-Seed,0.33,1.82,2.15,5.4,TLcom Capital,Venture Capital,4,Fintech,Brazil,South America,Rio de Janeiro,INV0068
R01391,S00868,UltraHub,2024-08-12,2024,Q3,Seed,2.54,18.53,21.07,21.1,EQT Ventures,Angel Investor,3,Artificial Intelligence,United States,North America,Miami,INV0030
R01392,S00869,VertexWorks,2022-07-03,2022,Q3,Pre-Seed,0.59,4.52,5.11,9.3,Andreessen Horowitz (a16z),Accelerator,5,Artificial Intelligence,United Kingdom,Europe,Bristol,INV0002
R01393,S00870,RapidAnalytics,2021-10-22,2021,Q4,Pre-Seed,0.76,6.39,7.15,14.5,Northzone,Venture Capital,6,Legal Tech,United States,North America,Denver,INV0047
R01394,S00871,BetaStack,2025-07-06,2025,Q3,Seed,1.06,6.89,7.95,17.8,Andreessen Horowitz (a16z),Venture Capital,5,E-Commerce,Canada,North America,Vancouver,INV0002
R01395,S00871,BetaStack,2022-06-01,2022,Q2,Series A,22.95,134.17,157.12,24.8,Point Nine Capital,Family Office,3,E-Commerce,Canada,North America,Vancouver,INV0044
R01396,S00872,VibeWare,2021-05-22,2021,Q2,Pre-Seed,0.52,4.85,5.37,7.7,SOSV,Angel Investor,1,Gaming & Entertainment,Israel,Middle East,Tel Aviv,INV0025
R01397,S00873,ZenPay,2020-08-14,2020,Q3,Pre-Seed,0.47,3.7,4.17,10.4,NVIDIA NVentures,Corporate VC,1,Fintech,Australia,Oceania,Sydney,INV0060
R01398,S00873,ZenPay,2022-09-29,2022,Q3,Series A,9.78,99.83,109.61,17.2,Ribbit Capital,Venture Capital,4,Fintech,Australia,Oceania,Sydney,INV0016
R01399,S00873,ZenPay,2023-09-19,2023,Q3,Series B,15.18,126.62,141.8,18.3,EQT Ventures,Venture Capital,2,Fintech,Australia,Oceania,Sydney,INV0030
R01400,S00874,KiteFinance,2021-07-30,2021,Q3,Seed,1.72,6.08,7.8,23.9,Atomico,Angel Investor,2,E-Commerce,Spain,Europe,Barcelona,INV0032
R01401,S00874,KiteFinance,2023-02-22,2023,Q1,Series A,17.63,158.83,176.46,28.6,Sequoia Capital,Corporate VC,2,E-Commerce,Spain,Europe,Barcelona,INV0001
R01402,S00875,DataPay,2025-10-23,2025,Q4,Seed,2.01,15.29,17.3,23.5,BlueYard Capital,Angel Investor,2,Logistics & Supply Chain,Vietnam,Asia,Ho Chi Minh City,INV0029
R01403,S00875,DataPay,2022-03-23,2022,Q1,Series A,12.49,142.37,154.86,16.1,EQT Ventures,Family Office,4,Logistics & Supply Chain,Vietnam,Asia,Ho Chi Minh City,INV0030
R01404,S00876,TerraFlow,2023-01-23,2023,Q1,Pre-Seed,0.57,3.3,3.87,8.8,Benchmark,Venture Capital,8,Gaming & Entertainment,Canada,North America,Montreal,INV0008
R01405,S00877,CoreAI,2024-09-13,2024,Q3,Seed,2.4,10.62,13.02,13.8,Balderton Capital,Government/Sovereign Fund,2,Logistics & Supply Chain,United States,North America,Boston,INV0031
R01406,S00878,BoltWare,2020-11-19,2020,Q4,Pre-Seed,0.82,4.97,5.79,7.9,Partech Africa,Accelerator,6,Food & AgriTech,Bangladesh,Asia,Dhaka,INV0069
R01407,S00879,DataLink,2022-07-14,2022,Q3,Pre-Seed,0.69,2.62,3.31,10.9,Mitsubishi UFJ Capital,Venture Capital,3,Climate Tech / Clean Energy,United States,North America,New York,INV0064
R01408,S00880,Vibely,2022-05-18,2022,Q2,Seed,3.36,14.47,17.83,11.2,NEA,Angel Investor,7,Robotics & Automation,China,Asia,Shanghai,INV0020
R01409,S00880,Vibely,2020-09-12,2020,Q3,Series B,21.87,96.31,118.18,25.9,NEA,Accelerator,3,Robotics & Automation,China,Asia,Shanghai,INV0020
R01410,S00880,Vibely,2020-11-02,2020,Q4,Series D,178.44,1191.75,1370.19,17.5,Bessemer Venture Partners,Venture Capital,7,Robotics & Automation,China,Asia,Shanghai,INV0013
R01411,S00881,QuarkTech,2020-10-18,2020,Q4,Pre-Seed,0.49,2.34,2.83,13.7,Point Nine Capital,Venture Capital,3,Space Tech,Vietnam,Asia,Ho Chi Minh City,INV0044
R01412,S00882,BetaLink,2024-04-18,2024,Q2,Seed,1.51,14.8,16.31,14.0,SBI Investment,Crowdfunding,9,Logistics & Supply Chain,South Korea,Asia,Seoul,INV0065
R01413,S00883,HubAnalytics,2023-02-21,2023,Q1,Pre-Seed,0.42,3.11,3.53,9.9,Naspers / Prosus,Venture Capital,3,Climate Tech / Clean Energy,United States,North America,San Diego,INV0066
R01414,S00883,HubAnalytics,2022-12-08,2022,Q4,Seed,1.58,11.04,12.62,18.0,Seedcamp,Private Equity,8,Climate Tech / Clean Energy,United States,North America,San Diego,INV0028
R01415,S00884,PixelTech,2023-07-07,2023,Q3,Seed,1.59,6.9,8.49,18.2,Battery Ventures,Government/Sovereign Fund,2,Fintech,United States,North America,New York,INV0019
R01416,S00884,PixelTech,2025-07-09,2025,Q3,Series B,12.23,89.89,102.12,27.9,500 Global,Venture Capital,5,Fintech,United States,North America,New York,INV0023
R01417,S00885,KiteX,2025-12-16,2025,Q4,Pre-Seed,0.7,3.07,3.77,13.9,DST Global,Private Equity,2,Edtech,United States,North America,San Diego,INV0033
R01418,S00885,KiteX,2023-05-31,2023,Q2,Series A,45.0,307.37,352.37,16.8,Point Nine Capital,Accelerator,3,Edtech,United States,North America,San Diego,INV0044
R01419,S00886,DeltaBeam,2020-01-02,2020,Q1,Seed,1.33,9.91,11.24,11.4,BlueYard Capital,Angel Investor,6,Legal Tech,China,Asia,Shanghai,INV0029
R01420,S00886,DeltaBeam,2023-04-01,2023,Q2,Series A,4.24,38.31,42.55,19.5,Matrix Partners,Angel Investor,6,Legal Tech,China,Asia,Shanghai,INV0022
R01421,S00886,DeltaBeam,2025-05-23,2025,Q2,Series B,27.74,192.69,220.43,25.3,First Round Capital,Venture Capital,7,Legal Tech,China,Asia,Shanghai,INV0040
R01422,S00887,ProtoNet,2024-08-28,2024,Q3,Seed,2.81,21.52,24.33,22.8,Plug and Play,Venture Capital,3,Artificial Intelligence,United States,North America,Los Angeles,INV0026
R01423,S00888,ZenoBio,2020-12-18,2020,Q4,Seed,4.47,43.37,47.84,23.6,Google Ventures,Venture Capital,3,Food & AgriTech,India,Asia,Delhi NCR,INV0059
R01424,S00889,VeloLogic,2023-05-28,2023,Q2,Pre-Seed,0.39,2.29,2.68,9.6,EQT Ventures,Venture Capital,1,SaaS / Enterprise Software,Australia,Oceania,Sydney,INV0030
R01425,S00890,GridMind,2021-03-18,2021,Q1,Pre-Seed,2.25,14.49,16.74,14.5,Tiger Global,Family Office,3,Artificial Intelligence,United States,North America,Miami,INV0003
R01426,S00891,ForgePlatform,2024-06-17,2024,Q2,Pre-Seed,0.79,2.38,3.17,10.2,GV (Google Ventures),Private Equity,11,Artificial Intelligence,China,Asia,Shanghai,INV0011
R01427,S00892,KiteNet,2021-08-12,2021,Q3,Pre-Seed,1.39,11.0,12.39,13.1,Sequoia Capital,Family Office,5,Food & AgriTech,United Kingdom,Europe,Bristol,INV0001
R01428,S00893,Terraio,2025-01-18,2025,Q1,Pre-Seed,0.56,3.0,3.56,14.6,Tencent,Venture Capital,5,Food & AgriTech,Sweden,Europe,Gothenburg,INV0053
R01429,S00893,Terraio,2025-09-09,2025,Q3,Series A,7.97,49.92,57.89,22.1,Matrix Partners,Private Equity,3,Food & AgriTech,Sweden,Europe,Gothenburg,INV0022
R01430,S00894,DataSecurity,2024-09-02,2024,Q3,Pre-Seed,0.82,5.26,6.08,13.0,SoftBank Vision Fund,Angel Investor,6,Artificial Intelligence,United States,North America,Denver,INV0005
R01431,S00895,Alphafy,2022-11-12,2022,Q4,Seed,0.97,6.72,7.69,23.1,Temasek,Accelerator,3,Insurtech,China,Asia,Hangzhou,INV0049
R01432,S00895,Alphafy,2021-10-06,2021,Q4,Series A,10.29,77.12,87.41,19.4,Sapphire Ventures,Private Equity,11,Insurtech,China,Asia,Hangzhou,INV0035
R01433,S00896,Waveio,2020-10-30,2020,Q4,Pre-Seed,0.18,0.93,1.11,8.8,Qualcomm Ventures,Family Office,5,Fintech,South Korea,Asia,Seoul,INV0062
R01434,S00897,GridEnergy,2020-01-16,2020,Q1,Seed,1.42,11.0,12.42,11.6,Greylock Partners,Venture Capital,5,SaaS / Enterprise Software,United States,North America,San Francisco,INV0018
R01435,S00898,HyperWare,2020-03-24,2020,Q1,Pre-Seed,0.43,3.81,4.24,10.9,Lightspeed Venture Partners,Family Office,4,Real Estate Tech,Israel,Middle East,Jerusalem,INV0006
R01436,S00898,HyperWare,2020-08-03,2020,Q3,Seed,5.07,46.7,51.77,24.2,Plug and Play,Family Office,1,Real Estate Tech,Israel,Middle East,Jerusalem,INV0026
R01437,S00899,Dataio,2021-04-07,2021,Q2,Seed,2.32,16.72,19.04,17.7,Index Ventures,Venture Capital,4,SaaS / Enterprise Software,Germany,Europe,Hamburg,INV0015
R01438,S00899,Dataio,2023-08-06,2023,Q3,Series B,27.59,283.94,311.53,16.2,Ribbit Capital,Angel Investor,3,SaaS / Enterprise Software,Germany,Europe,Hamburg,INV0016
R01439,S00900,KiteRobotics,2026-03-29,2026,Q1,Seed,5.39,35.59,40.98,11.0,General Catalyst,Private Equity,1,Food & AgriTech,Bangladesh,Asia,Dhaka,INV0009
R01440,S00900,KiteRobotics,2025-01-17,2025,Q1,Series A,9.76,111.82,121.58,25.4,NVIDIA NVentures,Venture Capital,8,Food & AgriTech,Bangladesh,Asia,Dhaka,INV0060
R01441,S00900,KiteRobotics,2020-08-09,2020,Q3,Series B,34.0,187.99,221.99,15.5,Rakuten Capital,Angel Investor,6,Food & AgriTech,Bangladesh,Asia,Dhaka,INV0063
R01442,S00901,VertexRobotics,2020-08-12,2020,Q3,Seed,1.2,4.08,5.28,22.2,Peak XV Partners (fka Sequoia India),Accelerator,6,Food & AgriTech,Israel,Middle East,Tel Aviv,INV0021
R01443,S00902,ApexSecurity,2022-03-22,2022,Q1,Pre-Seed,0.54,5.01,5.55,5.4,Peak XV Partners (fka Sequoia India),Venture Capital,9,Climate Tech / Clean Energy,Brazil,South America,São Paulo,INV0021
R01444,S00903,BoltMind,2026-01-21,2026,Q1,Pre-Seed,0.28,1.28,1.56,8.4,Tiger Global,Angel Investor,1,Space Tech,United States,North America,Miami,INV0003
R01445,S00903,BoltMind,2024-06-16,2024,Q2,Seed,2.02,14.74,16.76,14.0,Ribbit Capital,Venture Capital,2,Space Tech,United States,North America,Miami,INV0016
R01446,S00904,UltraMind,2022-10-17,2022,Q4,Pre-Seed,0.38,3.37,3.75,5.6,Amazon Alexa Fund,Government/Sovereign Fund,1,Logistics & Supply Chain,United States,North America,San Francisco,INV0061
R01447,S00905,UltraCore,2021-10-11,2021,Q4,Seed,1.43,9.58,11.01,14.2,Elevation Capital,Private Equity,2,Edtech,United Kingdom,Europe,Manchester,INV0036
R01448,S00906,PixelBeam,2025-05-02,2025,Q2,Seed,1.95,18.51,20.46,13.5,SoftBank Vision Fund,Venture Capital,4,Healthcare & Biotech,Israel,Middle East,Tel Aviv,INV0005
R01449,S00907,DeltaMind,2022-12-30,2022,Q4,Pre-Seed,0.59,2.55,3.14,8.9,Saudi Aramco Ventures,Venture Capital,1,Insurtech,United Kingdom,Europe,London,INV0052
R01450,S00908,TerraStack,2022-01-13,2022,Q1,Seed,2.14,10.45,12.59,13.2,Antler,Venture Capital,3,Food & AgriTech,United States,North America,San Francisco,INV0027
R01451,S00909,TideFlow,2025-06-24,2025,Q2,Pre-Seed,0.7,6.73,7.43,13.4,Elevation Capital,Venture Capital,1,Logistics & Supply Chain,United States,North America,New York,INV0036
R01452,S00910,AlphaDynamics,2026-03-12,2026,Q1,Seed,4.83,23.81,28.64,17.5,Naspers / Prosus,Family Office,6,Cybersecurity,Switzerland,Europe,Zurich,INV0066
R01453,S00911,SageBase,2021-06-23,2021,Q2,Seed,3.44,32.11,35.55,22.9,Abu Dhabi Investment Authority,Private Equity,2,Robotics & Automation,France,Europe,Toulouse,INV0051
R01454,S00911,SageBase,2022-03-03,2022,Q1,Series A,5.52,35.27,40.79,15.2,SoftBank Vision Fund,Angel Investor,4,Robotics & Automation,France,Europe,Toulouse,INV0005
R01455,S00912,RapidAI,2022-03-10,2022,Q1,Seed,1.64,8.91,10.55,17.0,Point Nine Capital,Venture Capital,7,E-Commerce,China,Asia,Guangzhou,INV0044
R01456,S00913,CruxHub,2025-03-26,2025,Q1,Seed,1.65,14.65,16.3,16.5,Abu Dhabi Investment Authority,Angel Investor,4,SaaS / Enterprise Software,China,Asia,Beijing,INV0051
R01457,S00914,PulseHub,2021-06-09,2021,Q2,Seed,4.77,21.5,26.27,17.9,Plug and Play,Venture Capital,5,Cybersecurity,Kenya,Africa,Nairobi,INV0026
R01458,S00914,PulseHub,2020-02-05,2020,Q1,Series A,9.59,77.59,87.18,15.2,Tiger Global,Venture Capital,2,Cybersecurity,Kenya,Africa,Nairobi,INV0003
R01459,S00915,AlphaEnergy,2021-04-16,2021,Q2,Seed,6.35,49.18,55.53,12.7,LocalGlobe,Corporate VC,8,Real Estate Tech,United States,North America,Miami,INV0042
R01460,S00916,VeloStack,2022-06-22,2022,Q2,Pre-Seed,0.89,3.08,3.97,8.8,Point Nine Capital,Venture Capital,3,Healthcare & Biotech,Netherlands,Europe,Amsterdam,INV0044
R01461,S00917,NexusRobotics,2022-09-23,2022,Q3,Pre-Seed,0.38,1.57,1.95,6.3,Matrix Partners,Venture Capital,5,Social Media / Creator Economy,United Kingdom,Europe,Cambridge,INV0022
R01462,S00918,Jetfy,2025-07-31,2025,Q3,Seed,1.43,12.73,14.16,24.1,Blume Ventures,Venture Capital,5,Edtech,China,Asia,Beijing,INV0071
R01463,S00919,QuarkPay,2020-10-28,2020,Q4,Pre-Seed,0.26,2.59,2.85,12.0,Microsoft M12,Venture Capital,5,Legal Tech,United Kingdom,Europe,Edinburgh,INV0057
R01464,S00920,Neofy,2023-09-28,2023,Q3,Seed,1.57,11.26,12.83,16.7,Alibaba Group,Angel Investor,2,Cybersecurity,Germany,Europe,Hamburg,INV0054
R01465,S00920,Neofy,2020-08-15,2020,Q3,Series A,8.17,91.53,99.7,27.0,General Catalyst,Venture Capital,2,Cybersecurity,Germany,Europe,Hamburg,INV0009
R01466,S00921,XenoBase,2023-06-27,2023,Q2,Seed,1.35,11.19,12.54,16.7,Norwest Venture Partners,Private Equity,4,Fintech,United Kingdom,Europe,Cambridge,INV0037
R01467,S00921,XenoBase,2021-12-25,2021,Q4,Series A,17.95,184.62,202.57,29.9,Amazon Alexa Fund,Corporate VC,1,Fintech,United Kingdom,Europe,Cambridge,INV0061
R01468,S00922,ProtoLogic,2024-12-03,2024,Q4,Seed,1.2,4.69,5.89,17.5,SoftBank Vision Fund,Government/Sovereign Fund,2,Artificial Intelligence,Nigeria,Africa,Lagos,INV0005
R01469,S00922,ProtoLogic,2020-11-07,2020,Q4,Series A,39.82,168.0,207.82,27.3,GIC,Venture Capital,3,Artificial Intelligence,Nigeria,Africa,Lagos,INV0050
R01470,S00923,ArcCloud,2022-05-21,2022,Q2,Seed,1.38,7.82,9.2,16.8,Tiger Global,Angel Investor,6,SaaS / Enterprise Software,India,Asia,Bangalore,INV0003
R01471,S00924,RuneEnergy,2020-06-05,2020,Q2,Pre-Seed,0.2,1.95,2.15,11.9,Accel India,Venture Capital,4,SaaS / Enterprise Software,India,Asia,Chennai,INV0073
R01472,S00925,SwiftLogic,2023-03-07,2023,Q1,Pre-Seed,0.72,3.11,3.83,10.6,Amazon Alexa Fund,Venture Capital,2,Artificial Intelligence,China,Asia,Beijing,INV0061
R01473,S00925,SwiftLogic,2023-03-04,2023,Q1,Seed,0.64,3.21,3.85,10.0,Saudi Aramco Ventures,Venture Capital,4,Artificial Intelligence,China,Asia,Beijing,INV0052
R01474,S00926,EdgeMind,2024-05-16,2024,Q2,Pre-Seed,1.55,13.75,15.3,13.4,Northzone,Venture Capital,1,Gaming & Entertainment,Canada,North America,Montreal,INV0047
R01475,S00927,OnyxNet,2022-10-17,2022,Q4,Pre-Seed,0.39,2.11,2.5,6.1,Naspers / Prosus,Family Office,7,SaaS / Enterprise Software,United Kingdom,Europe,Cambridge,INV0066
R01476,S00927,OnyxNet,2023-04-09,2023,Q2,Seed,4.35,15.87,20.22,24.4,Blume Ventures,Venture Capital,2,SaaS / Enterprise Software,United Kingdom,Europe,Cambridge,INV0071
R01477,S00927,OnyxNet,2025-11-30,2025,Q4,Series A,14.73,61.63,76.36,18.5,Union Square Ventures,Venture Capital,5,SaaS / Enterprise Software,United Kingdom,Europe,Cambridge,INV0039
R01478,S00928,YieldBio,2022-08-04,2022,Q3,Pre-Seed,0.35,1.91,2.26,12.5,Temasek,Private Equity,4,Artificial Intelligence,Vietnam,Asia,Ho Chi Minh City,INV0049
R01479,S00928,YieldBio,2025-10-15,2025,Q4,Seed,1.15,7.38,8.53,18.2,SBI Investment,Corporate VC,1,Artificial Intelligence,Vietnam,Asia,Ho Chi Minh City,INV0065
R01480,S00928,YieldBio,2025-07-10,2025,Q3,Series B,39.76,251.47,291.23,28.7,Mitsubishi UFJ Capital,Government/Sovereign Fund,4,Artificial Intelligence,Vietnam,Asia,Ho Chi Minh City,INV0064
R01481,S00929,WaveSecurity,2021-03-15,2021,Q1,Seed,3.15,29.44,32.59,14.2,Mitsubishi UFJ Capital,Venture Capital,3,Climate Tech / Clean Energy,United States,North America,San Francisco,INV0064
R01482,S00929,WaveSecurity,2022-11-21,2022,Q4,Series B,10.0,60.74,70.74,19.6,Greylock Partners,Government/Sovereign Fund,8,Climate Tech / Clean Energy,United States,North America,San Francisco,INV0018
R01483,S00929,WaveSecurity,2024-07-30,2024,Q3,Series D,50.0,291.18,341.18,18.3,Benchmark,Corporate VC,1,Climate Tech / Clean Energy,United States,North America,San Francisco,INV0008
R01484,S00930,Waveverse,2020-08-28,2020,Q3,Pre-Seed,0.69,4.44,5.13,5.2,Coatue Management,Family Office,3,Robotics & Automation,Australia,Oceania,Melbourne,INV0017
R01485,S00931,EchoFlow,2026-02-11,2026,Q1,Seed,0.77,3.92,4.69,16.4,Google Ventures,Accelerator,3,Fintech,United Kingdom,Europe,Edinburgh,INV0059
R01486,S00931,EchoFlow,2020-08-31,2020,Q3,Series A,44.07,415.15,459.22,23.7,Matrix Partners,Crowdfunding,7,Fintech,United Kingdom,Europe,Edinburgh,INV0022
R01487,S00931,EchoFlow,2025-09-19,2025,Q3,Series C,61.89,217.49,279.38,11.0,Balderton Capital,Private Equity,3,Fintech,United Kingdom,Europe,Edinburgh,INV0031
R01488,S00932,TideAnalytics,2024-03-11,2024,Q1,Pre-Seed,0.36,2.28,2.64,14.9,Lightspeed Venture Partners,Angel Investor,1,Logistics & Supply Chain,United States,North America,Denver,INV0006
R01489,S00932,TideAnalytics,2020-10-18,2020,Q4,Seed,1.12,6.43,7.55,19.6,Amazon Alexa Fund,Accelerator,1,Logistics & Supply Chain,United States,North America,Denver,INV0061
R01490,S00933,ProtoMind,2022-01-09,2022,Q1,Pre-Seed,0.62,2.32,2.94,10.3,Y Combinator,Family Office,9,Climate Tech / Clean Energy,Estonia,Europe,Tallinn,INV0007
R01491,S00933,ProtoMind,2021-03-21,2021,Q1,Seed,1.7,5.79,7.49,23.5,Benchmark,Angel Investor,4,Climate Tech / Clean Energy,Estonia,Europe,Tallinn,INV0008
R01492,S00933,ProtoMind,2023-06-12,2023,Q2,Series B,12.7,144.03,156.73,15.0,Accel India,Venture Capital,5,Climate Tech / Clean Energy,Estonia,Europe,Tallinn,INV0073
R01493,S00934,CoreHub,2024-05-14,2024,Q2,Pre-Seed,0.24,1.23,1.47,10.1,GV (Google Ventures),Venture Capital,6,Climate Tech / Clean Energy,United States,North America,New York,INV0011
R01494,S00934,CoreHub,2023-07-04,2023,Q3,Seed,1.64,15.44,17.08,17.9,Andreessen Horowitz (a16z),Venture Capital,2,Climate Tech / Clean Energy,United States,North America,New York,INV0002
R01495,S00935,DataAnalytics,2022-01-31,2022,Q1,Pre-Seed,0.46,2.66,3.12,9.9,Kingsway Capital,Venture Capital,1,Food & AgriTech,Singapore,Asia,Singapore,INV0067
R01496,S00936,VertexForge,2024-04-14,2024,Q2,Pre-Seed,0.65,3.05,3.7,14.9,Microsoft M12,Private Equity,1,Cybersecurity,United States,North America,Los Angeles,INV0057
R01497,S00936,VertexForge,2021-08-11,2021,Q3,Series A,11.07,112.73,123.8,22.5,Salesforce Ventures,Venture Capital,4,Cybersecurity,United States,North America,Los Angeles,INV0058
R01498,S00937,KiteWare,2024-03-20,2024,Q1,Seed,2.24,6.87,9.11,17.3,IVP,Venture Capital,3,E-Commerce,Japan,Asia,Tokyo,INV0034
R01499,S00938,NexusFlow,2025-05-11,2025,Q2,Pre-Seed,0.63,5.23,5.86,5.7,First Round Capital,Venture Capital,2,Insurtech,United States,North America,New York,INV0040
R01500,S00938,NexusFlow,2022-03-10,2022,Q1,Seed,1.55,13.67,15.22,19.0,Point Nine Capital,Angel Investor,2,Insurtech,United States,North America,New York,INV0044
R01501,S00938,NexusFlow,2020-02-18,2020,Q1,Series B,41.46,449.15,490.61,28.8,GIC,Private Equity,1,Insurtech,United States,North America,New York,INV0050
R01502,S00939,SwiftPlatform,2025-05-01,2025,Q2,Pre-Seed,0.84,8.31,9.15,14.6,Insight Partners,Corporate VC,1,Web3 / Blockchain,France,Europe,Toulouse,INV0010
R01503,S00939,SwiftPlatform,2025-03-23,2025,Q1,Seed,1.36,9.38,10.74,17.1,Khosla Ventures,Corporate VC,7,Web3 / Blockchain,France,Europe,Toulouse,INV0012
R01504,S00940,PulseLogic,2024-07-02,2024,Q3,Pre-Seed,0.76,3.46,4.22,8.0,Partech Africa,Venture Capital,4,HR Tech,Poland,Europe,Kraków,INV0069
R01505,S00940,PulseLogic,2025-10-16,2025,Q4,Seed,1.02,10.12,11.14,11.9,B Capital Group,Private Equity,7,HR Tech,Poland,Europe,Kraków,INV0048
R01506,S00941,Gridverse,2020-03-03,2020,Q1,Pre-Seed,0.19,1.54,1.73,14.3,DST Global,Venture Capital,3,Travel Tech,United States,North America,Miami,INV0033
R01507,S00941,Gridverse,2020-04-04,2020,Q2,Series A,7.06,66.54,73.6,18.6,Plug and Play,Angel Investor,2,Travel Tech,United States,North America,Miami,INV0026
R01508,S00942,Quarkly,2023-09-27,2023,Q3,Pre-Seed,0.23,0.93,1.16,13.6,Microsoft M12,Venture Capital,2,Web3 / Blockchain,Chile,South America,Santiago,INV0057
R01509,S00943,CloudBeam,2025-01-10,2025,Q1,Pre-Seed,0.58,3.98,4.56,14.6,Cherry Ventures,Crowdfunding,4,SaaS / Enterprise Software,United Kingdom,Europe,London,INV0043
R01510,S00944,KiteMind,2024-11-25,2024,Q4,Seed,1.24,10.64,11.88,12.3,Kingsway Capital,Private Equity,1,Food & AgriTech,United States,North America,Chicago,INV0067
R01511,S00945,FluxRobotics,2025-11-05,2025,Q4,Pre-Seed,0.45,4.33,4.78,9.7,Qualcomm Ventures,Angel Investor,9,Space Tech,China,Asia,Hangzhou,INV0062
R01512,S00945,FluxRobotics,2021-10-31,2021,Q4,Seed,3.51,14.95,18.46,13.3,Peak XV Partners (fka Sequoia India),Venture Capital,7,Space Tech,China,Asia,Hangzhou,INV0021
R01513,S00946,QuarkCore,2023-11-07,2023,Q4,Pre-Seed,0.85,6.7,7.55,10.2,Intel Capital,Corporate VC,4,SaaS / Enterprise Software,France,Europe,Paris,INV0056
R01514,S00947,ProtoLink,2025-08-31,2025,Q3,Pre-Seed,0.26,0.9,1.16,11.9,Coatue Management,Corporate VC,3,Healthcare & Biotech,United Kingdom,Europe,London,INV0017
R01515,S00948,CoreRobotics,2023-04-26,2023,Q2,Seed,1.15,5.0,6.15,24.7,Insight Partners,Angel Investor,4,Gaming & Entertainment,United Kingdom,Europe,Bristol,INV0010
R01516,S00949,RuneHealth,2026-02-16,2026,Q1,Seed,2.37,17.85,20.22,21.2,Seedcamp,Venture Capital,1,Edtech,United States,North America,San Diego,INV0028
R01517,S00950,ZenWare,2024-07-29,2024,Q3,Pre-Seed,0.63,2.4,3.03,6.1,GIC,Corporate VC,2,Artificial Intelligence,Chile,South America,Santiago,INV0050
R01518,S00950,ZenWare,2022-01-20,2022,Q1,Seed,2.24,17.41,19.65,15.1,GIC,Corporate VC,5,Artificial Intelligence,Chile,South America,Santiago,INV0050
R01519,S00950,ZenWare,2021-04-14,2021,Q2,Series B,15.44,168.59,184.03,15.9,Bessemer Venture Partners,Accelerator,4,Artificial Intelligence,Chile,South America,Santiago,INV0013
R01520,S00951,EchoEnergy,2020-10-30,2020,Q4,Pre-Seed,0.24,1.66,1.9,5.3,LocalGlobe,Venture Capital,3,Social Media / Creator Economy,Singapore,Asia,Singapore,INV0042
R01521,S00951,EchoEnergy,2020-04-15,2020,Q2,Seed,6.89,39.29,46.18,16.8,EQT Ventures,Angel Investor,5,Social Media / Creator Economy,Singapore,Asia,Singapore,INV0030
R01522,S00952,WaveNet,2020-03-30,2020,Q1,Seed,3.28,16.51,19.79,16.2,GIC,Crowdfunding,2,Healthcare & Biotech,France,Europe,Paris,INV0050
R01523,S00953,PixelSense,2022-02-14,2022,Q1,Pre-Seed,0.61,2.61,3.22,5.7,Alibaba Group,Venture Capital,6,SaaS / Enterprise Software,Australia,Oceania,Melbourne,INV0054
R01524,S00954,ApexStack,2020-06-23,2020,Q2,Seed,1.3,7.46,8.76,18.4,Union Square Ventures,Venture Capital,2,Artificial Intelligence,United States,North America,Los Angeles,INV0039
R01525,S00954,ApexStack,2020-01-21,2020,Q1,Series A,9.28,60.97,70.25,21.6,Andreessen Horowitz (a16z),Corporate VC,2,Artificial Intelligence,United States,North America,Los Angeles,INV0002
R01526,S00954,ApexStack,2023-04-01,2023,Q2,Series C,49.21,227.62,276.83,24.7,Saudi Aramco Ventures,Angel Investor,2,Artificial Intelligence,United States,North America,Los Angeles,INV0052
R01527,S00955,ArcWare,2025-02-26,2025,Q1,Seed,3.13,22.44,25.57,17.6,EQT Ventures,Venture Capital,3,Artificial Intelligence,Netherlands,Europe,Amsterdam,INV0030
R01528,S00955,ArcWare,2025-05-21,2025,Q2,Series A,4.06,28.83,32.89,20.8,Peak XV Partners (fka Sequoia India),Venture Capital,5,Artificial Intelligence,Netherlands,Europe,Amsterdam,INV0021
R01529,S00955,ArcWare,2025-03-15,2025,Q1,Series C,68.18,498.23,566.41,13.9,DST Global,Venture Capital,11,Artificial Intelligence,Netherlands,Europe,Amsterdam,INV0033
R01530,S00956,Vertexfy,2020-07-31,2020,Q3,Seed,0.97,4.43,5.4,20.6,BlueYard Capital,Venture Capital,4,Climate Tech / Clean Energy,United States,North America,Denver,INV0029
R01531,S00957,BoltBase,2021-11-24,2021,Q4,Seed,1.03,3.83,4.86,25.0,DST Global,Venture Capital,3,Artificial Intelligence,Saudi Arabia,Middle East,Riyadh,INV0033
R01532,S00958,EdgeX,2023-04-22,2023,Q2,Seed,1.18,9.29,10.47,20.4,Tiger Global,Private Equity,3,Healthcare & Biotech,India,Asia,Pune,INV0003
R01533,S00959,CyberAI,2020-10-26,2020,Q4,Pre-Seed,1.58,6.9,8.48,14.0,DST Global,Venture Capital,2,Food & AgriTech,China,Asia,Beijing,INV0033
R01534,S00959,CyberAI,2025-06-30,2025,Q2,Seed,2.03,9.79,11.82,10.6,Peak XV Partners (fka Sequoia India),Accelerator,2,Food & AgriTech,China,Asia,Beijing,INV0021
R01535,S00960,GridBeam,2023-05-09,2023,Q2,Pre-Seed,0.28,2.63,2.91,6.8,Amazon Alexa Fund,Venture Capital,5,Artificial Intelligence,United States,North America,Chicago,INV0061
R01536,S00961,GridHealth,2020-05-06,2020,Q2,Seed,3.14,16.04,19.18,13.9,DST Global,Accelerator,3,E-Commerce,Brazil,South America,Belo Horizonte,INV0033
R01537,S00962,CloudX,2024-02-25,2024,Q1,Pre-Seed,0.45,2.92,3.37,6.1,Qualcomm Ventures,Venture Capital,2,Climate Tech / Clean Energy,China,Asia,Hangzhou,INV0062
R01538,S00963,Zenoverse,2023-09-23,2023,Q3,Seed,0.75,3.03,3.78,22.8,First Round Capital,Venture Capital,1,Fintech,United States,North America,Seattle,INV0040
R01539,S00964,Betaio,2026-01-04,2026,Q1,Pre-Seed,0.74,3.63,4.37,13.0,Samsung Ventures,Venture Capital,8,SaaS / Enterprise Software,Saudi Arabia,Middle East,Jeddah,INV0055
R01540,S00964,Betaio,2020-11-06,2020,Q4,Series A,13.78,56.58,70.36,23.2,500 Global,Government/Sovereign Fund,3,SaaS / Enterprise Software,Saudi Arabia,Middle East,Jeddah,INV0023
R01541,S00965,PulseSense,2025-01-22,2025,Q1,Pre-Seed,0.8,6.16,6.96,10.6,Peak XV Partners (fka Sequoia India),Corporate VC,1,Fintech,United States,North America,Chicago,INV0021
R01542,S00965,PulseSense,2023-08-01,2023,Q3,Seed,3.49,27.54,31.03,13.5,Accel Partners,Angel Investor,4,Fintech,United States,North America,Chicago,INV0004
R01543,S00966,Pulseio,2025-10-07,2025,Q4,Pre-Seed,0.99,3.5,4.49,9.2,GIC,Accelerator,7,Healthcare & Biotech,China,Asia,Beijing,INV0050
R01544,S00966,Pulseio,2023-09-01,2023,Q3,Seed,2.16,7.82,9.98,11.2,Tencent,Angel Investor,8,Healthcare & Biotech,China,Asia,Beijing,INV0053
R01545,S00966,Pulseio,2025-04-23,2025,Q2,Series B,10.0,76.43,86.43,19.0,Mitsubishi UFJ Capital,Angel Investor,3,Healthcare & Biotech,China,Asia,Beijing,INV0064
R01546,S00967,Cruxfy,2022-02-10,2022,Q1,Pre-Seed,0.42,1.3,1.72,10.7,Elevation Capital,Venture Capital,3,HR Tech,China,Asia,Shenzhen,INV0036
R01547,S00967,Cruxfy,2023-09-16,2023,Q3,Seed,1.29,5.45,6.74,20.3,Elevation Capital,Crowdfunding,1,HR Tech,China,Asia,Shenzhen,INV0036
R01548,S00968,CyberBeam,2024-10-28,2024,Q4,Pre-Seed,0.41,1.38,1.79,14.6,Samsung Ventures,Venture Capital,8,E-Commerce,China,Asia,Shenzhen,INV0055
R01549,S00968,CyberBeam,2021-07-24,2021,Q3,Seed,4.02,34.16,38.18,19.9,Techstars,Accelerator,2,E-Commerce,China,Asia,Shenzhen,INV0024
R01550,S00968,CyberBeam,2023-06-20,2023,Q2,Series A,3.07,31.43,34.5,21.0,NEA,Accelerator,8,E-Commerce,China,Asia,Shenzhen,INV0020
R01551,S00969,Lumefy,2024-06-24,2024,Q2,Seed,3.69,29.75,33.44,22.9,Insight Partners,Venture Capital,1,Cybersecurity,United States,North America,Miami,INV0010
R01552,S00970,OrionTech,2020-03-18,2020,Q1,Seed,2.29,9.02,11.31,24.2,GV (Google Ventures),Venture Capital,5,Web3 / Blockchain,United States,North America,Miami,INV0011
R01553,S00971,VeloSecurity,2022-11-20,2022,Q4,Pre-Seed,0.68,2.35,3.03,7.7,Redpoint Ventures,Corporate VC,5,Web3 / Blockchain,India,Asia,Mumbai,INV0038
R01554,S00972,BetaFlow,2021-06-30,2021,Q2,Pre-Seed,0.35,3.0,3.35,7.3,Andreessen Horowitz (a16z),Venture Capital,6,E-Commerce,Singapore,Asia,Singapore,INV0002
R01555,S00973,JetLogic,2024-07-19,2024,Q3,Seed,1.23,8.63,9.86,13.9,Techstars,Private Equity,3,Healthcare & Biotech,Estonia,Europe,Tallinn,INV0024
R01556,S00974,NeoLogic,2024-11-15,2024,Q4,Pre-Seed,0.47,1.87,2.34,5.5,Founders Fund,Venture Capital,9,Logistics & Supply Chain,United States,North America,Boston,INV0014
R01557,S00975,DataLogic,2021-11-03,2021,Q4,Pre-Seed,0.64,5.79,6.43,13.3,Kingsway Capital,Venture Capital,3,Web3 / Blockchain,France,Europe,Lyon,INV0067
R01558,S00975,DataLogic,2021-04-06,2021,Q2,Series A,17.41,138.76,156.17,22.5,Tencent,Angel Investor,2,Web3 / Blockchain,France,Europe,Lyon,INV0053
R01559,S00976,YieldTech,2021-11-14,2021,Q4,Seed,1.53,14.26,15.79,17.5,Accel India,Corporate VC,8,Logistics & Supply Chain,United States,North America,New York,INV0073
R01560,S00977,CoreFinance,2021-08-31,2021,Q3,Seed,1.28,5.06,6.34,10.9,Saudi Aramco Ventures,Angel Investor,5,Fintech,Japan,Asia,Osaka,INV0052
R01561,S00977,CoreFinance,2025-07-08,2025,Q3,Series A,5.08,41.09,46.17,23.5,Mitsubishi UFJ Capital,Venture Capital,3,Fintech,Japan,Asia,Osaka,INV0064
R01562,S00978,ArcPlatform,2025-06-24,2025,Q2,Seed,1.49,4.57,6.06,19.0,Andreessen Horowitz (a16z),Family Office,4,Healthcare & Biotech,India,Asia,Mumbai,INV0002
R01563,S00978,ArcPlatform,2023-07-10,2023,Q3,Series A,9.72,89.13,98.85,26.7,Benchmark,Family Office,2,Healthcare & Biotech,India,Asia,Mumbai,INV0008
R01564,S00979,DeltaPlatform,2024-09-27,2024,Q3,Pre-Seed,0.56,3.77,4.33,12.1,SoftBank Vision Fund,Government/Sovereign Fund,2,Fintech,UAE,Middle East,Abu Dhabi,INV0005
R01565,S00979,DeltaPlatform,2024-01-27,2024,Q1,Series A,7.02,31.77,38.79,20.1,Mitsubishi UFJ Capital,Accelerator,3,Fintech,UAE,Middle East,Abu Dhabi,INV0064
R01566,S00980,CoreDynamics,2021-12-03,2021,Q4,Seed,6.82,22.38,29.2,11.6,GV (Google Ventures),Crowdfunding,5,Healthcare & Biotech,France,Europe,Toulouse,INV0011
R01567,S00981,NeoSense,2025-12-30,2025,Q4,Seed,0.9,3.82,4.72,19.3,Samsung Ventures,Venture Capital,3,Artificial Intelligence,India,Asia,Hyderabad,INV0055
R01568,S00981,NeoSense,2022-11-28,2022,Q4,Series A,15.72,89.01,104.73,22.1,NVIDIA NVentures,Corporate VC,2,Artificial Intelligence,India,Asia,Hyderabad,INV0060
R01569,S00982,SageLogic,2020-07-14,2020,Q3,Seed,0.89,5.24,6.13,15.0,NEA,Corporate VC,2,SaaS / Enterprise Software,Brazil,South America,Belo Horizonte,INV0020
R01570,S00982,SageLogic,2024-02-12,2024,Q1,Series B,102.0,987.83,1089.83,24.7,TLcom Capital,Family Office,1,SaaS / Enterprise Software,Brazil,South America,Belo Horizonte,INV0068
R01571,S00983,GridCloud,2020-06-19,2020,Q2,Pre-Seed,0.16,1.14,1.3,7.9,Cherry Ventures,Private Equity,2,HR Tech,Israel,Middle East,Jerusalem,INV0043
R01572,S00983,GridCloud,2020-11-17,2020,Q4,Series A,3.58,39.4,42.98,18.7,Point Nine Capital,Family Office,6,HR Tech,Israel,Middle East,Jerusalem,INV0044
R01573,S00984,OrionSpace,2022-05-29,2022,Q2,Pre-Seed,0.51,2.65,3.16,14.4,Salesforce Ventures,Angel Investor,4,Healthcare & Biotech,France,Europe,Toulouse,INV0058
R01574,S00984,OrionSpace,2024-08-24,2024,Q3,Series A,13.94,121.5,135.44,27.1,Rakuten Capital,Private Equity,2,Healthcare & Biotech,France,Europe,Toulouse,INV0063
R01575,S00984,OrionSpace,2025-08-12,2025,Q3,Series B,43.92,521.11,565.03,15.0,GIC,Government/Sovereign Fund,7,Healthcare & Biotech,France,Europe,Toulouse,INV0050
R01576,S00985,SwiftNet,2021-12-23,2021,Q4,Seed,3.3,18.47,21.77,22.6,Amazon Alexa Fund,Accelerator,9,Fintech,United States,North America,Los Angeles,INV0061
R01577,S00986,JetSpace,2025-11-14,2025,Q4,Seed,2.11,12.14,14.25,13.1,Khosla Ventures,Corporate VC,1,Real Estate Tech,France,Europe,Paris,INV0012
R01578,S00987,TerraAI,2025-03-02,2025,Q1,Pre-Seed,0.88,6.98,7.86,14.6,SOSV,Venture Capital,1,E-Commerce,Mexico,South America,Monterrey,INV0025
R01579,S00988,ForgeRobotics,2021-03-11,2021,Q1,Pre-Seed,0.55,3.51,4.06,13.4,Northzone,Private Equity,11,Gaming & Entertainment,Brazil,South America,Rio de Janeiro,INV0047
R01580,S00988,ForgeRobotics,2024-12-01,2024,Q4,Series A,22.22,265.21,287.43,20.1,Point Nine Capital,Venture Capital,5,Gaming & Entertainment,Brazil,South America,Rio de Janeiro,INV0044
R01581,S00989,DawnBeam,2021-09-26,2021,Q3,Pre-Seed,0.94,5.48,6.42,13.3,B Capital Group,Venture Capital,4,Climate Tech / Clean Energy,Singapore,Asia,Singapore,INV0048
R01582,S00990,Forgeio,2022-10-12,2022,Q4,Seed,0.95,5.17,6.12,11.0,Redpoint Ventures,Venture Capital,4,Healthcare & Biotech,United Kingdom,Europe,Bristol,INV0038
R01583,S00991,VertexNet,2020-09-28,2020,Q3,Seed,2.18,9.27,11.45,19.1,Balderton Capital,Angel Investor,2,SaaS / Enterprise Software,United Kingdom,Europe,Manchester,INV0031
R01584,S00991,VertexNet,2025-07-14,2025,Q3,Series A,4.56,48.06,52.62,18.8,SOSV,Venture Capital,2,SaaS / Enterprise Software,United Kingdom,Europe,Manchester,INV0025
R01585,S00992,TerraBio,2024-01-22,2024,Q1,Pre-Seed,0.36,1.16,1.52,14.0,Benchmark,Angel Investor,2,Healthcare & Biotech,Netherlands,Europe,Rotterdam,INV0008
R01586,S00992,TerraBio,2024-04-15,2024,Q2,Seed,5.59,26.7,32.29,20.4,GIC,Venture Capital,6,Healthcare & Biotech,Netherlands,Europe,Rotterdam,INV0050
R01587,S00992,TerraBio,2020-05-07,2020,Q2,Series B,45.89,390.08,435.97,15.8,Insight Partners,Venture Capital,5,Healthcare & Biotech,Netherlands,Europe,Rotterdam,INV0010
R01588,S00993,RuneFlow,2021-03-19,2021,Q1,Seed,1.56,9.27,10.83,24.3,Andreessen Horowitz (a16z),Corporate VC,1,Artificial Intelligence,Nigeria,Africa,Lagos,INV0002
R01589,S00994,ArcForge,2020-06-17,2020,Q2,Pre-Seed,0.32,1.5,1.82,9.4,SBI Investment,Corporate VC,5,Fintech,Israel,Middle East,Jerusalem,INV0065
R01590,S00995,Edgely,2023-07-26,2023,Q3,Pre-Seed,1.05,4.83,5.88,10.1,Founders Fund,Venture Capital,2,Fintech,United States,North America,San Diego,INV0014
R01591,S00995,Edgely,2021-12-03,2021,Q4,Seed,6.37,22.43,28.8,13.7,Temasek,Venture Capital,2,Fintech,United States,North America,San Diego,INV0049
R01592,S00995,Edgely,2022-03-25,2022,Q1,Series B,24.15,105.93,130.08,19.9,IVP,Family Office,7,Fintech,United States,North America,San Diego,INV0034
R01593,S00996,WaveHub,2020-03-15,2020,Q1,Seed,4.86,30.72,35.58,19.1,GIC,Venture Capital,6,Artificial Intelligence,United States,North America,Austin,INV0050
R01594,S00997,OnyxLogic,2025-12-11,2025,Q4,Seed,0.88,7.93,8.81,21.5,Plug and Play,Angel Investor,6,Climate Tech / Clean Energy,United Kingdom,Europe,Bristol,INV0026
R01595,S00997,OnyxLogic,2024-04-02,2024,Q2,Series B,34.11,291.81,325.92,20.2,Khosla Ventures,Venture Capital,2,Climate Tech / Clean Energy,United Kingdom,Europe,Bristol,INV0012
R01596,S00998,CloudFlow,2025-07-16,2025,Q3,Seed,4.08,37.35,41.43,12.2,500 Global,Corporate VC,1,Fintech,United States,North America,Seattle,INV0023
R01597,S00999,EchoAnalytics,2020-06-12,2020,Q2,Seed,2.07,7.9,9.97,13.5,Mitsubishi UFJ Capital,Venture Capital,8,E-Commerce,India,Asia,Hyderabad,INV0064
R01598,S00999,EchoAnalytics,2024-05-28,2024,Q2,Series A,28.92,303.13,332.05,21.9,TLcom Capital,Angel Investor,2,E-Commerce,India,Asia,Hyderabad,INV0068
R01599,S01000,ApexAI,2022-06-06,2022,Q2,Seed,1.14,5.31,6.45,17.4,Intel Capital,Venture Capital,4,SaaS / Enterprise Software,United States,North America,Seattle,INV0056
R01600,S01001,JetSystems,2022-12-30,2022,Q4,Pre-Seed,0.21,1.38,1.59,13.2,SoftBank Vision Fund,Corporate VC,3,Climate Tech / Clean Energy,United States,North America,San Diego,INV0005
R01601,S01002,ArcHub,2020-10-10,2020,Q4,Pre-Seed,0.64,5.58,6.22,8.2,Partech Africa,Government/Sovereign Fund,3,Fintech,United Kingdom,Europe,Manchester,INV0069
R01602,S01002,ArcHub,2025-04-19,2025,Q2,Seed,0.93,5.07,6.0,15.4,Accel India,Accelerator,7,Fintech,United Kingdom,Europe,Manchester,INV0073
R01603,S01003,SageLabs,2025-07-10,2025,Q3,Pre-Seed,0.84,5.64,6.48,9.8,Alibaba Group,Corporate VC,2,Artificial Intelligence,United States,North America,New York,INV0054
R01604,S01003,SageLabs,2025-03-08,2025,Q1,Series A,9.8,62.18,71.98,21.0,First Round Capital,Venture Capital,6,Artificial Intelligence,United States,North America,New York,INV0040
R01605,S01003,SageLabs,2023-08-09,2023,Q3,Series B,33.6,309.59,343.19,30.0,Bessemer Venture Partners,Venture Capital,5,Artificial Intelligence,United States,North America,New York,INV0013
R01606,S01004,WaveStack,2022-04-16,2022,Q2,Pre-Seed,0.57,5.53,6.1,12.6,Abu Dhabi Investment Authority,Venture Capital,1,Robotics & Automation,United States,North America,Los Angeles,INV0051
R01607,S01005,BoltWorks,2022-11-28,2022,Q4,Pre-Seed,0.69,5.68,6.37,5.9,Battery Ventures,Accelerator,2,Web3 / Blockchain,United States,North America,Chicago,INV0019
R01608,S01005,BoltWorks,2023-01-17,2023,Q1,Series A,5.24,21.21,26.45,17.9,Intel Capital,Private Equity,8,Web3 / Blockchain,United States,North America,Chicago,INV0056
R01609,S01005,BoltWorks,2025-11-24,2025,Q4,Series C,57.46,447.01,504.47,9.6,Index Ventures,Private Equity,2,Web3 / Blockchain,United States,North America,Chicago,INV0015
R01610,S01006,CruxSpace,2022-10-26,2022,Q4,Seed,2.61,19.09,21.7,21.0,Bessemer Venture Partners,Angel Investor,3,Social Media / Creator Economy,United States,North America,New York,INV0013
R01611,S01007,ArcDynamics,2022-07-26,2022,Q3,Pre-Seed,0.66,5.93,6.59,8.1,SoftBank Vision Fund,Accelerator,2,Food & AgriTech,Vietnam,Asia,Ho Chi Minh City,INV0005
R01612,S01008,DeltaLabs,2022-03-02,2022,Q1,Seed,1.58,7.03,8.61,20.2,NVIDIA NVentures,Venture Capital,7,Healthcare & Biotech,United Kingdom,Europe,London,INV0060
R01613,S01009,Sagefy,2025-10-29,2025,Q4,Pre-Seed,0.39,2.99,3.38,8.1,Founders Fund,Accelerator,3,Artificial Intelligence,United States,North America,Denver,INV0014
R01614,S01009,Sagefy,2023-08-13,2023,Q3,Seed,1.44,5.34,6.78,21.0,Atomico,Venture Capital,5,Artificial Intelligence,United States,North America,Denver,INV0032
R01615,S01009,Sagefy,2025-07-01,2025,Q3,Series B,25.19,271.83,297.02,17.5,Point Nine Capital,Venture Capital,1,Artificial Intelligence,United States,North America,Denver,INV0044
R01616,S01010,PulseSecurity,2023-04-12,2023,Q2,Seed,0.93,6.61,7.54,17.5,Partech Africa,Venture Capital,2,Healthcare & Biotech,India,Asia,Pune,INV0069
R01617,S01010,PulseSecurity,2023-07-11,2023,Q3,Series B,35.01,261.62,296.63,25.4,Andreessen Horowitz (a16z),Venture Capital,2,Healthcare & Biotech,India,Asia,Pune,INV0002
R01618,S01011,NexusWare,2020-09-23,2020,Q3,Pre-Seed,0.72,6.94,7.66,13.2,Index Ventures,Venture Capital,4,Healthcare & Biotech,Australia,Oceania,Sydney,INV0015
R01619,S01012,KiteCloud,2024-02-20,2024,Q1,Pre-Seed,0.25,0.9,1.15,8.5,Redpoint Ventures,Government/Sovereign Fund,1,Food & AgriTech,United States,North America,Los Angeles,INV0038
R01620,S01012,KiteCloud,2023-07-29,2023,Q3,Seed,3.85,14.92,18.77,10.8,Antler,Venture Capital,1,Food & AgriTech,United States,North America,Los Angeles,INV0027
R01621,S01013,PulseBio,2020-10-24,2020,Q4,Seed,1.82,7.26,9.08,15.7,Accel India,Venture Capital,2,Artificial Intelligence,India,Asia,Delhi NCR,INV0073
R01622,S01014,ArcSense,2024-11-30,2024,Q4,Pre-Seed,0.62,5.21,5.83,8.6,Headline,Family Office,1,Artificial Intelligence,United States,North America,Miami,INV0045
R01623,S01015,YieldRobotics,2022-12-15,2022,Q4,Seed,0.95,5.87,6.82,12.6,Battery Ventures,Corporate VC,2,Gaming & Entertainment,Poland,Europe,Warsaw,INV0019
R01624,S01015,YieldRobotics,2025-01-02,2025,Q1,Series B,39.97,241.99,281.96,17.1,SOSV,Angel Investor,3,Gaming & Entertainment,Poland,Europe,Warsaw,INV0025
R01625,S01016,UltraStack,2022-02-17,2022,Q1,Pre-Seed,0.87,3.03,3.9,6.7,Coatue Management,Government/Sovereign Fund,3,Real Estate Tech,Singapore,Asia,Singapore,INV0017
R01626,S01017,QuantumSystems,2023-02-07,2023,Q1,Pre-Seed,0.58,3.48,4.06,14.0,Greylock Partners,Corporate VC,7,Healthcare & Biotech,Japan,Asia,Osaka,INV0018
R01627,S01018,ZenoSecurity,2021-01-17,2021,Q1,Pre-Seed,0.33,1.2,1.53,14.8,Draper Associates,Venture Capital,5,Fintech,India,Asia,Hyderabad,INV0041
R01628,S01018,ZenoSecurity,2020-07-04,2020,Q3,Seed,2.28,20.46,22.74,14.6,Northzone,Government/Sovereign Fund,2,Fintech,India,Asia,Hyderabad,INV0047
R01629,S01018,ZenoSecurity,2024-01-04,2024,Q1,Series B,42.09,262.46,304.55,23.0,B Capital Group,Accelerator,2,Fintech,India,Asia,Hyderabad,INV0048
R01630,S01019,NexusWorks,2021-11-01,2021,Q4,Pre-Seed,0.76,5.46,6.22,9.1,Salesforce Ventures,Venture Capital,2,Fintech,Spain,Europe,Barcelona,INV0058
R01631,S01019,NexusWorks,2023-05-17,2023,Q2,Series A,9.45,94.73,104.18,26.3,Tiger Global,Private Equity,3,Fintech,Spain,Europe,Barcelona,INV0003
R01632,S01019,NexusWorks,2020-11-11,2020,Q4,Series C,79.04,262.92,341.96,9.6,Alibaba Group,Venture Capital,7,Fintech,Spain,Europe,Barcelona,INV0054
R01633,S01020,ArcPay,2023-09-03,2023,Q3,Pre-Seed,1.33,7.59,8.92,14.5,Abu Dhabi Investment Authority,Corporate VC,2,Climate Tech / Clean Energy,Estonia,Europe,Tallinn,INV0051
R01634,S01021,XenoNet,2025-01-08,2025,Q1,Pre-Seed,0.48,3.46,3.94,6.1,Norwest Venture Partners,Venture Capital,5,SaaS / Enterprise Software,Australia,Oceania,Sydney,INV0037
R01635,S01022,TideWorks,2025-12-16,2025,Q4,Pre-Seed,2.25,15.77,18.02,5.6,Cherry Ventures,Venture Capital,4,Web3 / Blockchain,Vietnam,Asia,Ho Chi Minh City,INV0043
R01636,S01023,EdgeBio,2020-07-17,2020,Q3,Pre-Seed,0.18,1.27,1.45,9.0,GIC,Venture Capital,4,Healthcare & Biotech,United States,North America,Los Angeles,INV0050
R01637,S01023,EdgeBio,2025-07-11,2025,Q3,Seed,3.91,19.59,23.5,23.0,Y Combinator,Venture Capital,4,Healthcare & Biotech,United States,North America,Los Angeles,INV0007
R01638,S01024,MetaForge,2023-08-30,2023,Q3,Pre-Seed,1.03,5.61,6.64,13.4,Coatue Management,Venture Capital,1,Fintech,United States,North America,New York,INV0017
R01639,S01024,MetaForge,2021-12-20,2021,Q4,Seed,0.66,2.05,2.71,11.5,Union Square Ventures,Family Office,3,Fintech,United States,North America,New York,INV0039
R01640,S01024,MetaForge,2023-04-16,2023,Q2,Series A,3.0,23.99,26.99,25.3,Union Square Ventures,Family Office,9,Fintech,United States,North America,New York,INV0039
R01641,S01025,JetFinance,2025-04-08,2025,Q2,Seed,2.35,20.39,22.74,19.0,Temasek,Venture Capital,1,Healthcare & Biotech,United States,North America,Denver,INV0049
R01642,S01025,JetFinance,2024-01-30,2024,Q1,Series B,83.05,410.62,493.67,26.2,General Catalyst,Venture Capital,1,Healthcare & Biotech,United States,North America,Denver,INV0009
R01643,S01026,DeltaNet,2020-11-11,2020,Q4,Pre-Seed,0.88,7.13,8.01,9.8,Andreessen Horowitz (a16z),Venture Capital,2,Web3 / Blockchain,United States,North America,Austin,INV0002
R01644,S01026,DeltaNet,2022-02-09,2022,Q1,Series A,17.93,107.72,125.65,18.4,Coatue Management,Venture Capital,3,Web3 / Blockchain,United States,North America,Austin,INV0017
R01645,S01026,DeltaNet,2025-04-08,2025,Q2,Series B,51.03,541.37,592.4,16.4,Battery Ventures,Family Office,2,Web3 / Blockchain,United States,North America,Austin,INV0019
R01646,S01027,GridWorks,2024-01-14,2024,Q1,Seed,2.03,19.18,21.21,21.7,Tiger Global,Venture Capital,4,Fintech,United Kingdom,Europe,Edinburgh,INV0003
R01647,S01028,ZenCloud,2020-06-26,2020,Q2,Pre-Seed,0.41,3.18,3.59,9.6,EQT Ventures,Venture Capital,8,Healthcare & Biotech,United States,North America,Austin,INV0030
R01648,S01029,VeloEnergy,2021-01-30,2021,Q1,Seed,1.34,7.88,9.22,16.7,Qualcomm Ventures,Accelerator,6,Healthcare & Biotech,United Kingdom,Europe,Edinburgh,INV0062
R01649,S01029,VeloEnergy,2022-03-11,2022,Q1,Series A,45.0,537.68,582.68,23.6,Abu Dhabi Investment Authority,Venture Capital,2,Healthcare & Biotech,United Kingdom,Europe,Edinburgh,INV0051
R01650,S01029,VeloEnergy,2025-11-05,2025,Q4,Series C,78.11,291.81,369.92,13.1,GV (Google Ventures),Angel Investor,2,Healthcare & Biotech,United Kingdom,Europe,Edinburgh,INV0011
R01651,S01030,ForgeSecurity,2020-02-27,2020,Q1,Seed,2.16,12.81,14.97,17.1,SoftBank Vision Fund,Corporate VC,8,Robotics & Automation,Switzerland,Europe,Zurich,INV0005
R01652,S01031,HyperDynamics,2025-03-25,2025,Q1,Pre-Seed,0.67,6.27,6.94,12.1,Intel Capital,Venture Capital,1,Healthcare & Biotech,Israel,Middle East,Tel Aviv,INV0056
R01653,S01032,VertexBio,2024-07-31,2024,Q3,Seed,1.7,5.13,6.83,19.3,Andreessen Horowitz (a16z),Venture Capital,2,Logistics & Supply Chain,Germany,Europe,Frankfurt,INV0002
R01654,S01032,VertexBio,2026-02-18,2026,Q1,Series B,69.42,586.94,656.36,28.1,Matrix Partners,Corporate VC,5,Logistics & Supply Chain,Germany,Europe,Frankfurt,INV0022
R01655,S01032,VertexBio,2021-08-10,2021,Q3,Series D,91.2,369.74,460.94,21.8,Salesforce Ventures,Angel Investor,1,Logistics & Supply Chain,Germany,Europe,Frankfurt,INV0058
R01656,S01033,PixelLabs,2024-03-31,2024,Q1,Pre-Seed,0.94,8.97,9.91,9.3,Antler,Government/Sovereign Fund,6,Social Media / Creator Economy,Japan,Asia,Tokyo,INV0027
R01657,S01033,PixelLabs,2020-03-30,2020,Q1,Series A,14.65,139.76,154.41,25.1,Draper Associates,Corporate VC,4,Social Media / Creator Economy,Japan,Asia,Tokyo,INV0041
R01658,S01034,DataMind,2020-10-25,2020,Q4,Pre-Seed,1.44,6.46,7.9,9.2,Naspers / Prosus,Venture Capital,4,Fintech,United Kingdom,Europe,Cambridge,INV0066
R01659,S01035,VeloHub,2021-07-19,2021,Q3,Pre-Seed,0.25,1.05,1.3,5.9,Elevation Capital,Government/Sovereign Fund,11,Fintech,UAE,Middle East,Abu Dhabi,INV0036
R01660,S01035,VeloHub,2020-06-01,2020,Q2,Seed,5.37,30.83,36.2,20.8,Index Ventures,Venture Capital,3,Fintech,UAE,Middle East,Abu Dhabi,INV0015
R01661,S01035,VeloHub,2020-11-18,2020,Q4,Series A,9.9,112.68,122.58,27.3,Temasek,Venture Capital,1,Fintech,UAE,Middle East,Abu Dhabi,INV0049
R01662,S01036,QuarkPlatform,2025-10-03,2025,Q4,Seed,1.68,7.82,9.5,19.3,Balderton Capital,Venture Capital,6,SaaS / Enterprise Software,United Kingdom,Europe,Bristol,INV0031
R01663,S01037,NeoHub,2026-01-29,2026,Q1,Seed,0.76,3.66,4.42,14.3,Partech,Accelerator,4,Robotics & Automation,United States,North America,San Diego,INV0046
R01664,S01038,VibeRobotics,2021-07-14,2021,Q3,Seed,1.53,7.47,9.0,20.9,Draper Associates,Venture Capital,2,Climate Tech / Clean Energy,Singapore,Asia,Singapore,INV0041
R01665,S01039,VertexHealth,2023-01-17,2023,Q1,Seed,1.27,5.66,6.93,11.0,GV (Google Ventures),Venture Capital,7,Fintech,Singapore,Asia,Singapore,INV0011
R01666,S01040,AstraWorks,2023-02-06,2023,Q1,Pre-Seed,0.37,3.2,3.57,13.2,Peak XV Partners (fka Sequoia India),Crowdfunding,4,Social Media / Creator Economy,Germany,Europe,Berlin,INV0021
R01667,S01041,DataFinance,2022-05-12,2022,Q2,Seed,2.11,16.02,18.13,21.9,DST Global,Venture Capital,4,Artificial Intelligence,India,Asia,Mumbai,INV0033
R01668,S01042,DeltaCore,2025-09-29,2025,Q3,Seed,3.27,23.79,27.06,20.9,Blume Ventures,Venture Capital,4,Fintech,United States,North America,Seattle,INV0071
R01669,S01043,ZenBeam,2022-05-26,2022,Q2,Pre-Seed,0.36,1.5,1.86,7.3,Sequoia Capital,Venture Capital,2,Healthcare & Biotech,United States,North America,Boston,INV0001
R01670,S01044,QuarkEnergy,2023-05-18,2023,Q2,Seed,2.1,15.24,17.34,10.5,Point Nine Capital,Accelerator,2,Fintech,South Africa,Africa,Cape Town,INV0044
R01671,S01045,XenoRobotics,2021-05-22,2021,Q2,Pre-Seed,0.26,2.02,2.28,6.7,SBI Investment,Private Equity,3,SaaS / Enterprise Software,United States,North America,Boston,INV0065
R01672,S01046,Boltio,2023-08-23,2023,Q3,Pre-Seed,0.23,1.46,1.69,5.7,Point Nine Capital,Venture Capital,4,Artificial Intelligence,United States,North America,Seattle,INV0044
R01673,S01046,Boltio,2024-08-17,2024,Q3,Seed,3.04,19.89,22.93,19.1,Cherry Ventures,Venture Capital,3,Artificial Intelligence,United States,North America,Seattle,INV0043
R01674,S01047,Hyperio,2021-12-18,2021,Q4,Seed,3.49,12.94,16.43,13.3,Rakuten Capital,Venture Capital,2,Artificial Intelligence,Japan,Asia,Osaka,INV0063
R01675,S01048,NovaMind,2020-10-15,2020,Q4,Seed,7.5,68.07,75.57,24.1,Insight Partners,Crowdfunding,3,Cybersecurity,United States,North America,Denver,INV0010
R01676,S01048,NovaMind,2025-02-12,2025,Q1,Series B,120.0,709.44,829.44,25.2,Union Square Ventures,Angel Investor,8,Cybersecurity,United States,North America,Denver,INV0039
R01677,S01049,CloudSpace,2020-04-06,2020,Q2,Seed,0.64,3.11,3.75,24.2,Accel India,Family Office,1,Space Tech,India,Asia,Hyderabad,INV0073
R01678,S01050,BoltCore,2021-06-08,2021,Q2,Pre-Seed,1.47,7.34,8.81,12.8,Sapphire Ventures,Venture Capital,9,Food & AgriTech,Canada,North America,Vancouver,INV0035
R01679,S01051,CruxCore,2021-12-23,2021,Q4,Pre-Seed,0.3,2.76,3.06,12.5,Techstars,Angel Investor,6,Artificial Intelligence,Poland,Europe,Warsaw,INV0024
R01680,S01051,CruxCore,2022-04-13,2022,Q2,Series A,18.48,213.81,232.29,25.1,Partech Africa,Venture Capital,4,Artificial Intelligence,Poland,Europe,Warsaw,INV0069
R01681,S01052,YieldSpace,2025-05-03,2025,Q2,Pre-Seed,0.79,6.52,7.31,10.1,Balderton Capital,Venture Capital,3,Edtech,United States,North America,Chicago,INV0031
R01682,S01052,YieldSpace,2022-08-10,2022,Q3,Seed,2.11,20.51,22.62,16.4,Ribbit Capital,Venture Capital,4,Edtech,United States,North America,Chicago,INV0016
R01683,S01053,SageStack,2025-08-31,2025,Q3,Seed,2.39,17.48,19.87,10.5,Microsoft M12,Venture Capital,3,Artificial Intelligence,United States,North America,Austin,INV0057
R01684,S01054,ZenBase,2023-01-23,2023,Q1,Seed,1.99,7.95,9.94,15.6,Index Ventures,Private Equity,3,Cybersecurity,United States,North America,New York,INV0015
R01685,S01054,ZenBase,2025-03-03,2025,Q1,Series A,6.3,28.01,34.31,18.3,500 Global,Corporate VC,3,Cybersecurity,United States,North America,New York,INV0023
R01686,S01054,ZenBase,2021-12-19,2021,Q4,Series C,71.9,420.47,492.37,20.9,Insight Partners,Accelerator,5,Cybersecurity,United States,North America,New York,INV0010
R01687,S01055,ZenoSystems,2024-05-31,2024,Q2,Pre-Seed,0.48,1.76,2.24,8.1,Kingsway Capital,Venture Capital,2,Fintech,United States,North America,San Francisco,INV0067
R01688,S01056,TerraLabs,2022-05-13,2022,Q2,Pre-Seed,0.51,2.86,3.37,9.2,Naspers / Prosus,Angel Investor,2,Cybersecurity,India,Asia,Bangalore,INV0066
R01689,S01057,BetaBase,2023-08-01,2023,Q3,Seed,0.54,2.81,3.35,12.1,500 Global,Venture Capital,4,Edtech,United Kingdom,Europe,Cambridge,INV0023
R01690,S01058,Echoverse,2024-08-16,2024,Q3,Pre-Seed,0.19,0.89,1.08,12.0,Coatue Management,Crowdfunding,3,Artificial Intelligence,United States,North America,Los Angeles,INV0017
R01691,S01058,Echoverse,2022-10-30,2022,Q4,Seed,1.47,5.69,7.16,15.9,Andreessen Horowitz (a16z),Venture Capital,1,Artificial Intelligence,United States,North America,Los Angeles,INV0002
R01692,S01058,Echoverse,2025-03-31,2025,Q1,Series B,13.03,73.85,86.88,16.8,IVP,Private Equity,4,Artificial Intelligence,United States,North America,Los Angeles,INV0034
R01693,S01059,DawnHub,2022-07-07,2022,Q3,Seed,3.13,13.95,17.08,21.0,Nexus Venture Partners,Venture Capital,1,Food & AgriTech,United States,North America,Austin,INV0072
R01694,S01060,UltraSense,2025-07-23,2025,Q3,Seed,1.03,8.99,10.02,11.8,Tiger Global,Venture Capital,2,Logistics & Supply Chain,India,Asia,Mumbai,INV0003
R01695,S01061,NexusHub,2025-05-31,2025,Q2,Pre-Seed,0.21,1.07,1.28,12.8,SoftBank Vision Fund,Corporate VC,3,Climate Tech / Clean Energy,Nigeria,Africa,Nairobi,INV0005
R01696,S01061,NexusHub,2026-01-02,2026,Q1,Seed,4.89,31.78,36.67,16.1,Elevation Capital,Venture Capital,4,Climate Tech / Clean Energy,Nigeria,Africa,Nairobi,INV0036
R01697,S01062,DeltaAnalytics,2025-02-12,2025,Q1,Pre-Seed,0.41,1.91,2.32,12.5,Sapphire Ventures,Venture Capital,10,Cybersecurity,Spain,Europe,Madrid,INV0035
R01698,S01063,IonX,2020-02-15,2020,Q1,Seed,2.03,17.92,19.95,11.3,DST Global,Corporate VC,4,Travel Tech,United States,North America,Denver,INV0033
R01699,S01064,BetaWare,2020-01-13,2020,Q1,Pre-Seed,1.09,7.79,8.88,9.6,SOSV,Venture Capital,4,Fintech,United States,North America,Boston,INV0025
R01700,S01065,PixelNet,2024-09-02,2024,Q3,Seed,2.24,9.88,12.12,13.7,LocalGlobe,Venture Capital,8,Logistics & Supply Chain,United States,North America,Seattle,INV0042
R01701,S01066,VibeLogic,2023-10-25,2023,Q4,Seed,1.34,7.48,8.82,22.0,LocalGlobe,Venture Capital,1,Fintech,Canada,North America,Vancouver,INV0042
R01702,S01067,ForgeLink,2023-12-24,2023,Q4,Pre-Seed,0.85,7.67,8.52,5.2,Partech Africa,Venture Capital,1,SaaS / Enterprise Software,United Kingdom,Europe,London,INV0069
R01703,S01067,ForgeLink,2021-09-20,2021,Q3,Series A,20.21,131.57,151.78,26.8,Atomico,Family Office,3,SaaS / Enterprise Software,United Kingdom,Europe,London,INV0032
R01704,S01067,ForgeLink,2025-11-21,2025,Q4,Series C,57.0,207.62,264.62,20.6,IVP,Angel Investor,1,SaaS / Enterprise Software,United Kingdom,Europe,London,INV0034
R01705,S01068,Veloly,2022-08-27,2022,Q3,Pre-Seed,0.43,2.02,2.45,10.6,Naspers / Prosus,Venture Capital,1,HR Tech,Colombia,South America,Medellín,INV0066
R01706,S01069,ZenoFinance,2021-02-05,2021,Q1,Seed,3.06,10.07,13.13,10.1,Greylock Partners,Venture Capital,3,Healthcare & Biotech,United States,North America,New York,INV0018
R01707,S01070,EchoForge,2023-07-10,2023,Q3,Pre-Seed,0.27,2.56,2.83,12.4,Headline,Corporate VC,3,Gaming & Entertainment,United States,North America,Boston,INV0045
R01708,S01070,EchoForge,2026-03-05,2026,Q1,Series A,17.28,81.34,98.62,27.8,500 Global,Crowdfunding,2,Gaming & Entertainment,United States,North America,Boston,INV0023
R01709,S01071,JetPlatform,2025-12-11,2025,Q4,Pre-Seed,0.18,1.15,1.33,6.2,Balderton Capital,Venture Capital,8,Fintech,Canada,North America,Montreal,INV0031
R01710,S01072,FluxPlatform,2020-08-16,2020,Q3,Seed,1.76,11.1,12.86,24.3,Insight Partners,Crowdfunding,4,Fintech,Poland,Europe,Kraków,INV0010
R01711,S01072,FluxPlatform,2024-03-24,2024,Q1,Series A,5.94,47.92,53.86,20.2,Greylock Partners,Venture Capital,6,Fintech,Poland,Europe,Kraków,INV0018
R01712,S01073,PixelAnalytics,2022-11-22,2022,Q4,Pre-Seed,0.65,5.05,5.7,14.9,LocalGlobe,Venture Capital,9,Healthcare & Biotech,China,Asia,Beijing,INV0042
R01713,S01073,PixelAnalytics,2020-08-19,2020,Q3,Seed,4.81,31.01,35.82,18.2,Y Combinator,Angel Investor,5,Healthcare & Biotech,China,Asia,Beijing,INV0007
R01714,S01074,PixelHub,2021-05-26,2021,Q2,Seed,1.58,11.22,12.8,12.6,Draper Associates,Angel Investor,3,Logistics & Supply Chain,Israel,Middle East,Haifa,INV0041
R01715,S01075,Protoverse,2022-01-05,2022,Q1,Seed,2.66,23.03,25.69,24.5,Greylock Partners,Crowdfunding,8,Cybersecurity,United States,North America,San Diego,INV0018
R01716,S01075,Protoverse,2020-06-01,2020,Q2,Series B,16.82,90.19,107.01,29.3,Mitsubishi UFJ Capital,Accelerator,2,Cybersecurity,United States,North America,San Diego,INV0064
R01717,S01076,PixelSystems,2023-08-05,2023,Q3,Seed,1.48,13.65,15.13,21.1,Techstars,Family Office,1,Climate Tech / Clean Energy,India,Asia,Mumbai,INV0024
R01718,S01076,PixelSystems,2024-02-13,2024,Q1,Series A,8.88,95.22,104.1,17.8,Index Ventures,Venture Capital,6,Climate Tech / Clean Energy,India,Asia,Mumbai,INV0015
R01719,S01077,JetWorks,2022-05-08,2022,Q2,Pre-Seed,0.38,1.92,2.3,11.1,NVIDIA NVentures,Accelerator,2,Fintech,Kenya,Africa,Nairobi,INV0060
R01720,S01077,JetWorks,2022-11-24,2022,Q4,Seed,1.64,6.88,8.52,16.7,BlueYard Capital,Venture Capital,5,Fintech,Kenya,Africa,Nairobi,INV0029
R01721,S01078,OnyxSpace,2020-08-01,2020,Q3,Pre-Seed,0.44,2.92,3.36,13.4,Accel India,Venture Capital,5,Web3 / Blockchain,India,Asia,Bangalore,INV0073
R01722,S01079,IonHub,2025-06-18,2025,Q2,Pre-Seed,0.36,1.7,2.06,12.9,Balderton Capital,Angel Investor,3,Robotics & Automation,France,Europe,Lyon,INV0031
R01723,S01080,AlphaHub,2025-06-18,2025,Q2,Pre-Seed,0.3,1.84,2.14,8.2,Benchmark,Corporate VC,1,Fintech,United States,North America,Miami,INV0008
R01724,S01080,AlphaHub,2020-02-15,2020,Q1,Seed,2.22,18.35,20.57,18.6,Saudi Aramco Ventures,Private Equity,8,Fintech,United States,North America,Miami,INV0052
R01725,S01081,RuneTech,2021-07-07,2021,Q3,Seed,1.53,12.48,14.01,16.5,NVIDIA NVentures,Venture Capital,2,Healthcare & Biotech,Israel,Middle East,Jerusalem,INV0060
R01726,S01081,RuneTech,2022-04-06,2022,Q2,Series B,31.03,129.65,160.68,22.8,Tencent,Venture Capital,8,Healthcare & Biotech,Israel,Middle East,Jerusalem,INV0053
R01727,S01081,RuneTech,2022-11-24,2022,Q4,Series D,119.41,702.22,821.63,16.9,GV (Google Ventures),Angel Investor,1,Healthcare & Biotech,Israel,Middle East,Jerusalem,INV0011
R01728,S01082,DeltaForge,2021-06-16,2021,Q2,Seed,3.29,27.67,30.96,10.9,Tencent,Corporate VC,7,Healthcare & Biotech,Chile,South America,Santiago,INV0053
R01729,S01083,BetaCore,2022-09-12,2022,Q3,Pre-Seed,0.37,3.25,3.62,12.3,Abu Dhabi Investment Authority,Corporate VC,4,Artificial Intelligence,United States,North America,Denver,INV0051
R01730,S01084,LumeStack,2020-08-14,2020,Q3,Pre-Seed,0.13,0.85,0.98,12.6,Saudi Aramco Ventures,Venture Capital,8,Artificial Intelligence,Spain,Europe,Barcelona,INV0052
R01731,S01084,LumeStack,2021-03-23,2021,Q1,Seed,3.19,10.05,13.24,10.7,NEA,Venture Capital,9,Artificial Intelligence,Spain,Europe,Barcelona,INV0020
R01732,S01084,LumeStack,2021-07-06,2021,Q3,Series A,20.07,200.05,220.12,18.4,Khosla Ventures,Venture Capital,2,Artificial Intelligence,Spain,Europe,Barcelona,INV0012
R01733,S01085,OrionRobotics,2024-03-07,2024,Q1,Seed,1.13,7.75,8.88,19.3,Accel Partners,Corporate VC,3,E-Commerce,Indonesia,Asia,Jakarta,INV0004
R01734,S01085,OrionRobotics,2021-11-13,2021,Q4,Series A,8.54,77.86,86.4,23.8,Samsung Ventures,Family Office,7,E-Commerce,Indonesia,Asia,Jakarta,INV0055
R01735,S01086,PixelPlatform,2021-12-18,2021,Q4,Seed,1.71,8.93,10.64,19.0,SBI Investment,Venture Capital,4,Robotics & Automation,France,Europe,Toulouse,INV0065
R01736,S01086,PixelPlatform,2025-06-08,2025,Q2,Series B,28.3,190.18,218.48,15.5,Samsung Ventures,Private Equity,2,Robotics & Automation,France,Europe,Toulouse,INV0055
R01737,S01086,PixelPlatform,2024-05-10,2024,Q2,Series C,85.45,545.06,630.51,21.5,Khosla Ventures,Government/Sovereign Fund,6,Robotics & Automation,France,Europe,Toulouse,INV0012
R01738,S01087,OnyxAnalytics,2024-12-17,2024,Q4,Pre-Seed,2.25,9.56,11.81,15.0,Y Combinator,Venture Capital,1,Logistics & Supply Chain,India,Asia,Mumbai,INV0007
R01739,S01088,XenoSense,2020-12-20,2020,Q4,Seed,2.88,25.85,28.73,13.9,Google Ventures,Private Equity,1,Cybersecurity,South Korea,Asia,Seoul,INV0059
R01740,S01089,HyperFinance,2022-05-17,2022,Q2,Pre-Seed,1.41,7.31,8.72,14.2,Redpoint Ventures,Private Equity,11,Fintech,China,Asia,Shenzhen,INV0038
R01741,S01090,XenoBeam,2025-09-16,2025,Q3,Pre-Seed,0.34,2.62,2.96,10.1,Redpoint Ventures,Venture Capital,2,Fintech,Canada,North America,Toronto,INV0038
R01742,S01090,XenoBeam,2022-09-30,2022,Q3,Series A,23.5,98.9,122.4,27.9,Ribbit Capital,Venture Capital,4,Fintech,Canada,North America,Toronto,INV0016
R01743,S01090,XenoBeam,2025-05-13,2025,Q2,Series B,61.8,422.4,484.2,19.5,Saudi Aramco Ventures,Venture Capital,5,Fintech,Canada,North America,Toronto,INV0052
R01744,S01091,Lumeverse,2020-10-11,2020,Q4,Pre-Seed,0.77,4.47,5.24,11.5,Khosla Ventures,Corporate VC,7,Healthcare & Biotech,Germany,Europe,Berlin,INV0012
R01745,S01091,Lumeverse,2024-08-05,2024,Q3,Series A,24.33,122.85,147.18,29.4,General Catalyst,Corporate VC,1,Healthcare & Biotech,Germany,Europe,Berlin,INV0009
R01746,S01092,QuarkNet,2023-04-26,2023,Q2,Seed,0.98,6.75,7.73,15.1,Index Ventures,Venture Capital,5,Cybersecurity,China,Asia,Shenzhen,INV0015
R01747,S01092,QuarkNet,2021-11-07,2021,Q4,Series A,31.61,301.31,332.92,20.8,Elevation Capital,Angel Investor,3,Cybersecurity,China,Asia,Shenzhen,INV0036
R01748,S01092,QuarkNet,2024-05-25,2024,Q2,Series C,52.47,176.2,228.67,21.9,Draper Associates,Angel Investor,1,Cybersecurity,China,Asia,Shenzhen,INV0041
R01749,S01093,WaveTech,2026-01-09,2026,Q1,Seed,2.14,17.89,20.03,25.0,B Capital Group,Venture Capital,2,Web3 / Blockchain,United States,North America,Los Angeles,INV0048
R01750,S01093,WaveTech,2023-04-22,2023,Q2,Series B,26.72,222.45,249.17,15.8,Salesforce Ventures,Crowdfunding,1,Web3 / Blockchain,United States,North America,Los Angeles,INV0058
R01751,S01094,AstraAnalytics,2022-03-03,2022,Q1,Pre-Seed,0.64,5.04,5.68,8.2,General Catalyst,Private Equity,2,Artificial Intelligence,United States,North America,New York,INV0009
R01752,S01095,BetaLabs,2020-03-30,2020,Q1,Pre-Seed,0.43,1.54,1.97,14.0,Seedcamp,Angel Investor,7,E-Commerce,India,Asia,Bangalore,INV0028
R01753,S01096,ZenoAI,2025-07-07,2025,Q3,Pre-Seed,0.28,2.21,2.49,14.5,Intel Capital,Government/Sovereign Fund,2,Healthcare & Biotech,United States,North America,Denver,INV0056
R01754,S01097,WaveLogic,2022-08-01,2022,Q3,Pre-Seed,0.21,2.04,2.25,5.5,Mitsubishi UFJ Capital,Angel Investor,3,HR Tech,Germany,Europe,Munich,INV0064
R01755,S01098,Metaly,2022-02-26,2022,Q1,Seed,6.74,45.67,52.41,21.1,Union Square Ventures,Venture Capital,3,Artificial Intelligence,United States,North America,Los Angeles,INV0039
R01756,S01099,LumeAnalytics,2025-11-08,2025,Q4,Seed,1.18,9.59,10.77,14.6,Point Nine Capital,Angel Investor,2,Social Media / Creator Economy,Australia,Oceania,Melbourne,INV0044
R01757,S01099,LumeAnalytics,2021-04-28,2021,Q2,Series B,57.55,396.29,453.84,16.3,Insight Partners,Private Equity,5,Social Media / Creator Economy,Australia,Oceania,Melbourne,INV0010
R01758,S01099,LumeAnalytics,2020-10-09,2020,Q4,Series D,188.39,689.27,877.66,12.4,Headline,Venture Capital,1,Social Media / Creator Economy,Australia,Oceania,Melbourne,INV0045
R01759,S01100,OrionNet,2020-10-03,2020,Q4,Seed,2.01,19.46,21.47,18.6,GIC,Government/Sovereign Fund,2,Fintech,United States,North America,Los Angeles,INV0050
R01760,S01101,CruxSystems,2020-03-24,2020,Q1,Pre-Seed,0.45,4.08,4.53,5.4,EQT Ventures,Accelerator,5,Food & AgriTech,India,Asia,Bangalore,INV0030
R01761,S01101,CruxSystems,2021-04-05,2021,Q2,Seed,1.92,12.26,14.18,19.5,Saudi Aramco Ventures,Crowdfunding,3,Food & AgriTech,India,Asia,Bangalore,INV0052
R01762,S01101,CruxSystems,2020-03-02,2020,Q1,Series A,10.99,45.48,56.47,29.0,Microsoft M12,Angel Investor,1,Food & AgriTech,India,Asia,Bangalore,INV0057
R01763,S01102,VertexAnalytics,2025-11-19,2025,Q4,Pre-Seed,0.41,2.42,2.83,8.0,500 Global,Corporate VC,3,SaaS / Enterprise Software,India,Asia,Bangalore,INV0023
R01764,S01102,VertexAnalytics,2020-11-16,2020,Q4,Series A,9.85,111.29,121.14,27.5,Andreessen Horowitz (a16z),Angel Investor,6,SaaS / Enterprise Software,India,Asia,Bangalore,INV0002
R01765,S01102,VertexAnalytics,2022-01-17,2022,Q1,Series C,38.76,169.72,208.48,23.2,Ribbit Capital,Private Equity,2,SaaS / Enterprise Software,India,Asia,Bangalore,INV0016
R01766,S01103,Ionfy,2024-03-02,2024,Q1,Seed,1.1,8.32,9.42,10.5,Ribbit Capital,Family Office,4,Artificial Intelligence,South Korea,Asia,Seoul,INV0016
R01767,S01104,AlphaRobotics,2023-12-11,2023,Q4,Seed,1.88,17.31,19.19,22.2,Greylock Partners,Angel Investor,2,Web3 / Blockchain,United States,North America,New York,INV0018
R01768,S01104,AlphaRobotics,2023-12-03,2023,Q4,Series B,62.21,685.94,748.15,28.2,BlueYard Capital,Venture Capital,7,Web3 / Blockchain,United States,North America,New York,INV0029
R01769,S01105,WavePlatform,2020-07-25,2020,Q3,Pre-Seed,0.77,5.86,6.63,8.1,General Catalyst,Angel Investor,7,Healthcare & Biotech,United States,North America,San Diego,INV0009
R01770,S01106,FluxNet,2023-10-27,2023,Q4,Pre-Seed,0.5,3.56,4.06,6.9,TLcom Capital,Angel Investor,2,E-Commerce,India,Asia,Pune,INV0068
R01771,S01107,RuneRobotics,2025-12-13,2025,Q4,Pre-Seed,0.44,3.06,3.5,11.8,GIC,Family Office,3,Legal Tech,Turkey,Europe,Istanbul,INV0050
R01772,S01107,RuneRobotics,2022-12-22,2022,Q4,Seed,1.03,9.63,10.66,23.8,Microsoft M12,Angel Investor,4,Legal Tech,Turkey,Europe,Istanbul,INV0057
R01773,S01108,PixelWare,2026-01-30,2026,Q1,Seed,1.58,10.76,12.34,18.4,Alibaba Group,Angel Investor,4,Edtech,Germany,Europe,Munich,INV0054
R01774,S01108,PixelWare,2021-05-29,2021,Q2,Series A,12.88,100.84,113.72,20.6,500 Global,Family Office,3,Edtech,Germany,Europe,Munich,INV0023
R01775,S01109,DawnX,2022-06-21,2022,Q2,Pre-Seed,0.22,0.83,1.05,12.3,Khosla Ventures,Accelerator,5,Healthcare & Biotech,United States,North America,Miami,INV0012
R01776,S01110,QuarkFlow,2023-02-24,2023,Q1,Pre-Seed,0.48,3.91,4.39,9.5,Nexus Venture Partners,Angel Investor,2,Artificial Intelligence,Brazil,South America,Rio de Janeiro,INV0072
R01777,S01110,QuarkFlow,2024-07-03,2024,Q3,Series A,25.91,129.17,155.08,23.4,Salesforce Ventures,Venture Capital,5,Artificial Intelligence,Brazil,South America,Rio de Janeiro,INV0058
R01778,S01111,HubWare,2022-02-14,2022,Q1,Pre-Seed,0.85,8.31,9.16,11.7,TLcom Capital,Private Equity,4,Fintech,United States,North America,Austin,INV0068
R01779,S01111,HubWare,2022-02-25,2022,Q1,Series A,5.23,54.02,59.25,28.5,Matrix Partners,Crowdfunding,3,Fintech,United States,North America,Austin,INV0022
R01780,S01112,EchoWare,2023-01-12,2023,Q1,Seed,0.94,9.25,10.19,18.7,SoftBank Vision Fund,Corporate VC,4,Artificial Intelligence,United Kingdom,Europe,Edinburgh,INV0005
R01781,S01112,EchoWare,2021-07-06,2021,Q3,Series B,26.5,285.93,312.43,27.5,SBI Investment,Crowdfunding,7,Artificial Intelligence,United Kingdom,Europe,Edinburgh,INV0065
R01782,S01112,EchoWare,2023-01-13,2023,Q1,Series D,185.62,967.63,1153.25,17.8,Saudi Aramco Ventures,Venture Capital,7,Artificial Intelligence,United Kingdom,Europe,Edinburgh,INV0052
R01783,S01113,VibeBase,2025-12-18,2025,Q4,Pre-Seed,0.56,2.08,2.64,8.9,TLcom Capital,Angel Investor,2,Artificial Intelligence,Singapore,Asia,Singapore,INV0068
R01784,S01114,Gridly,2026-02-24,2026,Q1,Pre-Seed,0.45,1.52,1.97,7.8,Amazon Alexa Fund,Venture Capital,3,Healthcare & Biotech,United States,North America,Austin,INV0061
R01785,S01115,ArcAI,2025-09-14,2025,Q3,Pre-Seed,0.15,1.31,1.46,14.0,Peak XV Partners (fka Sequoia India),Corporate VC,8,Climate Tech / Clean Energy,Turkey,Europe,Ankara,INV0021
R01786,S01115,ArcAI,2020-11-06,2020,Q4,Seed,2.86,10.28,13.14,18.3,Seedcamp,Private Equity,4,Climate Tech / Clean Energy,Turkey,Europe,Ankara,INV0028
R01787,S01116,ZenAI,2021-09-23,2021,Q3,Pre-Seed,0.73,4.48,5.21,6.2,Partech Africa,Venture Capital,3,Climate Tech / Clean Energy,United States,North America,Los Angeles,INV0069
R01788,S01117,EchoPay,2023-12-01,2023,Q4,Seed,0.89,3.59,4.48,12.3,General Catalyst,Venture Capital,2,Space Tech,United States,North America,New York,INV0009
R01789,S01117,EchoPay,2020-06-10,2020,Q2,Series A,5.61,56.73,62.34,16.3,IVP,Government/Sovereign Fund,1,Space Tech,United States,North America,New York,INV0034
R01790,S01118,Arcverse,2023-03-08,2023,Q1,Seed,3.6,27.9,31.5,13.7,Point Nine Capital,Angel Investor,2,Artificial Intelligence,United States,North America,Seattle,INV0044
R01791,S01119,IonFlow,2024-11-29,2024,Q4,Pre-Seed,0.85,8.06,8.91,15.0,Temasek,Crowdfunding,3,SaaS / Enterprise Software,India,Asia,Chennai,INV0049
R01792,S01119,IonFlow,2025-01-16,2025,Q1,Series A,3.0,24.58,27.58,23.2,First Round Capital,Family Office,1,SaaS / Enterprise Software,India,Asia,Chennai,INV0040
R01793,S01120,TideSense,2022-04-26,2022,Q2,Pre-Seed,0.35,1.92,2.27,13.5,SOSV,Venture Capital,2,Artificial Intelligence,United States,North America,Denver,INV0025
R01794,S01121,KiteHub,2020-12-24,2020,Q4,Pre-Seed,0.76,3.51,4.27,9.1,Point Nine Capital,Venture Capital,8,Real Estate Tech,United States,North America,San Francisco,INV0044
R01795,S01122,VeloNet,2025-02-02,2025,Q1,Seed,0.78,7.74,8.52,23.4,Y Combinator,Corporate VC,2,Artificial Intelligence,United States,North America,Los Angeles,INV0007
R01796,S01122,VeloNet,2024-08-08,2024,Q3,Series A,5.57,26.1,31.67,23.7,First Round Capital,Private Equity,7,Artificial Intelligence,United States,North America,Los Angeles,INV0040
R01797,S01122,VeloNet,2022-09-03,2022,Q3,Series C,30.13,141.16,171.29,18.0,Peak XV Partners (fka Sequoia India),Venture Capital,4,Artificial Intelligence,United States,North America,Los Angeles,INV0021
R01798,S01123,ApexPlatform,2021-10-07,2021,Q4,Seed,2.15,13.16,15.31,23.8,Bessemer Venture Partners,Venture Capital,1,Food & AgriTech,Sweden,Europe,Gothenburg,INV0013
R01799,S01124,OnyxStack,2024-01-20,2024,Q1,Seed,1.36,5.27,6.63,20.4,500 Global,Corporate VC,3,Insurtech,China,Asia,Beijing,INV0023
R01800,S01125,AlphaBeam,2020-02-23,2020,Q1,Seed,2.25,12.8,15.05,16.1,Salesforce Ventures,Angel Investor,1,Insurtech,United States,North America,Chicago,INV0058
R01801,S01125,AlphaBeam,2022-12-18,2022,Q4,Series B,48.58,495.2,543.78,16.6,Amazon Alexa Fund,Private Equity,1,Insurtech,United States,North America,Chicago,INV0061
R01802,S01126,CorePlatform,2022-07-04,2022,Q3,Seed,3.18,12.12,15.3,23.1,Qualcomm Ventures,Venture Capital,3,SaaS / Enterprise Software,United States,North America,San Diego,INV0062
R01803,S01126,CorePlatform,2020-12-10,2020,Q4,Series A,4.71,23.38,28.09,22.8,Rakuten Capital,Venture Capital,3,SaaS / Enterprise Software,United States,North America,San Diego,INV0063
R01804,S01127,CloudPlatform,2023-09-26,2023,Q3,Seed,1.58,9.09,10.67,23.6,Abu Dhabi Investment Authority,Government/Sovereign Fund,3,Travel Tech,Germany,Europe,Berlin,INV0051
R01805,S01128,NovaCloud,2020-01-24,2020,Q1,Pre-Seed,0.36,3.34,3.7,5.4,Elevation Capital,Corporate VC,2,E-Commerce,India,Asia,Mumbai,INV0036
R01806,S01129,OnyxSecurity,2020-05-28,2020,Q2,Seed,3.9,35.32,39.22,23.6,Headline,Venture Capital,9,SaaS / Enterprise Software,Vietnam,Asia,Ho Chi Minh City,INV0045
R01807,S01130,NovaHealth,2020-04-18,2020,Q2,Seed,5.16,17.52,22.68,16.8,Cherry Ventures,Accelerator,2,Fintech,United Kingdom,Europe,London,INV0043
R01808,S01131,SageHealth,2020-08-21,2020,Q3,Seed,0.99,7.72,8.71,23.9,Y Combinator,Venture Capital,4,Space Tech,China,Asia,Guangzhou,INV0007
R01809,S01131,SageHealth,2023-08-11,2023,Q3,Series A,7.63,76.34,83.97,21.8,Union Square Ventures,Angel Investor,7,Space Tech,China,Asia,Guangzhou,INV0039
R01810,S01132,SwiftBio,2020-03-10,2020,Q1,Seed,1.49,5.88,7.37,17.2,EQT Ventures,Venture Capital,2,Fintech,United Kingdom,Europe,Bristol,INV0030
R01811,S01132,SwiftBio,2026-03-04,2026,Q1,Series A,22.37,102.4,124.77,19.9,Redpoint Ventures,Angel Investor,8,Fintech,United Kingdom,Europe,Bristol,INV0038
R01812,S01132,SwiftBio,2023-12-16,2023,Q4,Series C,61.54,218.41,279.95,16.7,Plug and Play,Private Equity,1,Fintech,United Kingdom,Europe,Bristol,INV0026
R01813,S01133,QuarkLink,2022-06-12,2022,Q2,Seed,2.11,11.22,13.33,13.6,Bessemer Venture Partners,Venture Capital,8,Artificial Intelligence,China,Asia,Shanghai,INV0013
R01814,S01134,VeloSense,2023-12-21,2023,Q4,Pre-Seed,0.92,6.8,7.72,5.4,Sapphire Ventures,Private Equity,2,Cybersecurity,United States,North America,Los Angeles,INV0035
R01815,S01135,EchoCloud,2025-04-12,2025,Q2,Pre-Seed,0.29,1.73,2.02,11.8,Naspers / Prosus,Private Equity,6,SaaS / Enterprise Software,United States,North America,Miami,INV0066
R01816,S01136,YieldFlow,2020-02-23,2020,Q1,Seed,2.92,20.09,23.01,11.8,LocalGlobe,Accelerator,4,Logistics & Supply Chain,United States,North America,Austin,INV0042
R01817,S01136,YieldFlow,2022-08-28,2022,Q3,Series B,33.88,177.64,211.52,16.8,Plug and Play,Accelerator,2,Logistics & Supply Chain,United States,North America,Austin,INV0026
R01818,S01137,NovaPlatform,2022-07-04,2022,Q3,Seed,1.11,10.85,11.96,24.6,Samsung Ventures,Angel Investor,2,Fintech,Australia,Oceania,Melbourne,INV0055
R01819,S01138,DawnAI,2023-10-08,2023,Q4,Pre-Seed,0.27,2.61,2.88,8.5,Temasek,Angel Investor,3,Fintech,United States,North America,New York,INV0049
R01820,S01138,DawnAI,2024-06-21,2024,Q2,Seed,2.28,18.23,20.51,17.6,Founders Fund,Angel Investor,8,Fintech,United States,North America,New York,INV0014
R01821,S01139,IonSecurity,2021-05-16,2021,Q2,Seed,1.64,12.17,13.81,14.8,Khosla Ventures,Venture Capital,2,Climate Tech / Clean Energy,UAE,Middle East,Dubai,INV0012
R01822,S01139,IonSecurity,2020-04-05,2020,Q2,Series B,11.77,122.87,134.64,23.2,Abu Dhabi Investment Authority,Angel Investor,3,Climate Tech / Clean Energy,UAE,Middle East,Dubai,INV0051
R01823,S01139,IonSecurity,2023-10-29,2023,Q4,Series C,58.88,437.72,496.6,24.9,Matrix Partners,Crowdfunding,3,Climate Tech / Clean Energy,UAE,Middle East,Dubai,INV0022
R01824,S01140,Fluxly,2022-06-28,2022,Q2,Pre-Seed,0.72,5.64,6.36,14.3,GV (Google Ventures),Corporate VC,1,Space Tech,United States,North America,Chicago,INV0011
R01825,S01140,Fluxly,2021-02-13,2021,Q1,Series A,16.6,134.22,150.82,19.7,Norwest Venture Partners,Venture Capital,2,Space Tech,United States,North America,Chicago,INV0037
R01826,S01140,Fluxly,2026-03-07,2026,Q1,Series B,24.93,292.87,317.8,27.7,Battery Ventures,Corporate VC,2,Space Tech,United States,North America,Chicago,INV0019
R01827,S01141,BoltHealth,2025-04-12,2025,Q2,Seed,0.6,5.49,6.09,15.0,Khosla Ventures,Venture Capital,4,Fintech,Israel,Middle East,Jerusalem,INV0012
R01828,S01141,BoltHealth,2020-07-08,2020,Q3,Series B,41.16,425.76,466.92,22.9,Salesforce Ventures,Venture Capital,3,Fintech,Israel,Middle East,Jerusalem,INV0058
R01829,S01142,JetStack,2021-04-04,2021,Q2,Seed,1.9,13.87,15.77,20.6,SBI Investment,Venture Capital,7,Insurtech,United States,North America,Boston,INV0065
R01830,S01143,FluxStack,2022-06-15,2022,Q2,Pre-Seed,1.25,5.44,6.69,6.9,DST Global,Angel Investor,1,Fintech,United Kingdom,Europe,Bristol,INV0033
R01831,S01143,FluxStack,2021-10-22,2021,Q4,Seed,1.04,5.44,6.48,16.7,Saudi Aramco Ventures,Venture Capital,2,Fintech,United Kingdom,Europe,Bristol,INV0052
R01832,S01144,AlphaPlatform,2021-06-29,2021,Q2,Seed,3.4,13.48,16.88,21.9,Abu Dhabi Investment Authority,Family Office,3,SaaS / Enterprise Software,Canada,North America,Montreal,INV0051
R01833,S01145,DeltaFinance,2024-02-25,2024,Q1,Seed,2.44,17.84,20.28,11.6,Sequoia Capital,Family Office,3,E-Commerce,China,Asia,Guangzhou,INV0001
R01834,S01145,DeltaFinance,2021-11-12,2021,Q4,Series A,7.66,64.89,72.55,18.2,IVP,Venture Capital,3,E-Commerce,China,Asia,Guangzhou,INV0034
R01835,S01146,OnyxSense,2022-03-04,2022,Q1,Pre-Seed,0.5,2.85,3.35,11.1,Sapphire Ventures,Venture Capital,2,Gaming & Entertainment,Canada,North America,Montreal,INV0035
R01836,S01146,OnyxSense,2024-04-19,2024,Q2,Series A,20.26,199.97,220.23,18.4,Plug and Play,Government/Sovereign Fund,2,Gaming & Entertainment,Canada,North America,Montreal,INV0026
R01837,S01147,NeoDynamics,2025-10-02,2025,Q4,Seed,4.28,42.74,47.02,11.2,Accel Partners,Angel Investor,3,E-Commerce,United States,North America,Boston,INV0004
R01838,S01148,EdgeLabs,2022-03-17,2022,Q1,Seed,1.43,12.18,13.61,12.1,Peak XV Partners (fka Sequoia India),Family Office,5,Gaming & Entertainment,United Kingdom,Europe,Bristol,INV0021
R01839,S01149,CruxRobotics,2023-06-23,2023,Q2,Seed,3.19,13.17,16.36,16.6,Rakuten Capital,Private Equity,4,SaaS / Enterprise Software,France,Europe,Lyon,INV0063
R01840,S01149,CruxRobotics,2021-05-07,2021,Q2,Series A,4.97,41.88,46.85,15.2,Peak XV Partners (fka Sequoia India),Corporate VC,8,SaaS / Enterprise Software,France,Europe,Lyon,INV0021
R01841,S01150,VibeAI,2025-01-21,2025,Q1,Seed,1.21,6.96,8.17,14.7,Northzone,Angel Investor,3,E-Commerce,South Africa,Africa,Johannesburg,INV0047
R01842,S01151,Orionio,2021-01-30,2021,Q1,Seed,1.83,13.83,15.66,10.3,Coatue Management,Venture Capital,7,Artificial Intelligence,Japan,Asia,Osaka,INV0017
R01843,S01152,QuarkLogic,2022-10-04,2022,Q4,Seed,4.29,36.42,40.71,18.1,BlueYard Capital,Venture Capital,5,Food & AgriTech,Brazil,South America,Belo Horizonte,INV0029
R01844,S01152,QuarkLogic,2024-05-31,2024,Q2,Series A,5.46,55.33,60.79,27.0,Chiratae Ventures,Venture Capital,2,Food & AgriTech,Brazil,South America,Belo Horizonte,INV0070
R01845,S01152,QuarkLogic,2021-12-02,2021,Q4,Series B,30.18,327.14,357.32,17.8,Microsoft M12,Venture Capital,5,Food & AgriTech,Brazil,South America,Belo Horizonte,INV0057
R01846,S01153,PulseWare,2025-06-21,2025,Q2,Seed,1.79,10.79,12.58,13.0,First Round Capital,Crowdfunding,1,Robotics & Automation,South Africa,Africa,Johannesburg,INV0040
R01847,S01154,ZenoPay,2022-05-24,2022,Q2,Seed,2.45,16.8,19.25,23.9,Cherry Ventures,Venture Capital,2,Social Media / Creator Economy,United Kingdom,Europe,Cambridge,INV0043
R01848,S01155,CoreLabs,2023-10-17,2023,Q4,Pre-Seed,0.81,2.48,3.29,14.7,Intel Capital,Private Equity,3,Real Estate Tech,Brazil,South America,Belo Horizonte,INV0056
R01849,S01156,NovaSense,2020-01-11,2020,Q1,Seed,2.08,8.37,10.45,11.5,Amazon Alexa Fund,Angel Investor,3,Edtech,United States,North America,Los Angeles,INV0061
R01850,S01156,NovaSense,2025-10-05,2025,Q4,Series A,11.73,76.78,88.51,29.7,Amazon Alexa Fund,Accelerator,3,Edtech,United States,North America,Los Angeles,INV0061
R01851,S01157,RunePlatform,2020-01-09,2020,Q1,Pre-Seed,0.2,1.37,1.57,7.4,Index Ventures,Angel Investor,1,Insurtech,India,Asia,Chennai,INV0015
R01852,S01158,DawnLogic,2025-08-27,2025,Q3,Seed,2.48,12.62,15.1,11.7,Nexus Venture Partners,Venture Capital,5,Fintech,India,Asia,Delhi NCR,INV0072
R01853,S01158,DawnLogic,2020-05-23,2020,Q2,Series A,12.02,83.77,95.79,27.1,Atomico,Private Equity,3,Fintech,India,Asia,Delhi NCR,INV0032
R01854,S01159,Astraly,2024-08-21,2024,Q3,Seed,1.16,6.64,7.8,18.1,Y Combinator,Venture Capital,1,Real Estate Tech,South Africa,Africa,Johannesburg,INV0007
R01855,S01159,Astraly,2024-12-31,2024,Q4,Series B,18.32,214.52,232.84,25.5,Greylock Partners,Venture Capital,8,Real Estate Tech,South Africa,Africa,Johannesburg,INV0018
R01856,S01160,NeoForge,2023-11-02,2023,Q4,Seed,5.91,41.16,47.07,22.4,NEA,Private Equity,2,Logistics & Supply Chain,United States,North America,Boston,INV0020
R01857,S01161,QuarkSense,2021-11-03,2021,Q4,Seed,1.3,9.58,10.88,23.9,Peak XV Partners (fka Sequoia India),Venture Capital,4,Artificial Intelligence,Germany,Europe,Frankfurt,INV0021
R01858,S01161,QuarkSense,2023-10-09,2023,Q4,Series A,12.9,64.09,76.99,20.8,GV (Google Ventures),Angel Investor,3,Artificial Intelligence,Germany,Europe,Frankfurt,INV0011
R01859,S01161,QuarkSense,2021-05-07,2021,Q2,Series C,50.09,163.43,213.52,10.3,Samsung Ventures,Family Office,6,Artificial Intelligence,Germany,Europe,Frankfurt,INV0055
R01860,S01162,NovaStack,2021-04-11,2021,Q2,Pre-Seed,0.49,3.47,3.96,9.4,Samsung Ventures,Venture Capital,2,Space Tech,Israel,Middle East,Tel Aviv,INV0055
R01861,S01163,YieldLabs,2020-04-26,2020,Q2,Seed,1.33,7.12,8.45,18.8,Y Combinator,Corporate VC,3,SaaS / Enterprise Software,China,Asia,Shanghai,INV0007
R01862,S01164,Quarkio,2020-10-11,2020,Q4,Pre-Seed,0.21,0.69,0.9,9.8,Chiratae Ventures,Venture Capital,2,Gaming & Entertainment,United States,North America,San Francisco,INV0070
R01863,S01164,Quarkio,2026-01-02,2026,Q1,Series A,12.28,131.19,143.47,24.6,Partech Africa,Angel Investor,1,Gaming & Entertainment,United States,North America,San Francisco,INV0069
R01864,S01165,VibeFinance,2022-12-12,2022,Q4,Pre-Seed,1.26,6.67,7.93,11.1,SOSV,Venture Capital,6,Artificial Intelligence,Kenya,Africa,Nairobi,INV0025
R01865,S01166,NexusBio,2020-03-17,2020,Q1,Seed,1.34,6.55,7.89,22.6,SOSV,Angel Investor,4,Real Estate Tech,India,Asia,Hyderabad,INV0025
R01866,S01166,NexusBio,2021-08-28,2021,Q3,Series B,68.54,592.37,660.91,20.1,Union Square Ventures,Accelerator,2,Real Estate Tech,India,Asia,Hyderabad,INV0039
R01867,S01166,NexusBio,2025-10-21,2025,Q4,Series D,116.84,556.02,672.86,10.3,BlueYard Capital,Private Equity,3,Real Estate Tech,India,Asia,Hyderabad,INV0029
R01868,S01167,JetWare,2025-12-24,2025,Q4,Pre-Seed,0.61,3.18,3.79,13.4,Ribbit Capital,Private Equity,3,Climate Tech / Clean Energy,Canada,North America,Toronto,INV0016
R01869,S01167,JetWare,2021-09-03,2021,Q3,Series A,11.16,120.96,132.12,26.7,Accel Partners,Angel Investor,3,Climate Tech / Clean Energy,Canada,North America,Toronto,INV0004
R01870,S01168,CruxNet,2024-03-07,2024,Q1,Seed,1.84,10.77,12.61,16.8,Temasek,Venture Capital,2,Web3 / Blockchain,Israel,Middle East,Jerusalem,INV0049
R01871,S01169,LumeBeam,2022-01-30,2022,Q1,Seed,0.88,4.88,5.76,23.7,NEA,Venture Capital,1,Real Estate Tech,United Kingdom,Europe,Manchester,INV0020
R01872,S01169,LumeBeam,2021-10-23,2021,Q4,Series B,19.41,90.97,110.38,16.0,Redpoint Ventures,Corporate VC,6,Real Estate Tech,United Kingdom,Europe,Manchester,INV0038
R01873,S01170,IonMind,2021-07-30,2021,Q3,Seed,0.5,3.2,3.7,17.1,Temasek,Venture Capital,4,Climate Tech / Clean Energy,Canada,North America,Vancouver,INV0049
R01874,S01170,IonMind,2020-07-07,2020,Q3,Series B,71.33,667.26,738.59,18.2,NVIDIA NVentures,Venture Capital,7,Climate Tech / Clean Energy,Canada,North America,Vancouver,INV0060
R01875,S01171,Apexfy,2025-09-11,2025,Q3,Seed,1.83,14.5,16.33,15.6,Samsung Ventures,Venture Capital,2,Artificial Intelligence,United States,North America,Los Angeles,INV0055
R01876,S01171,Apexfy,2022-03-08,2022,Q1,Series B,16.22,99.26,115.48,19.5,Sapphire Ventures,Venture Capital,6,Artificial Intelligence,United States,North America,Los Angeles,INV0035
R01877,S01172,RapidDynamics,2023-01-14,2023,Q1,Pre-Seed,0.91,4.55,5.46,14.4,Intel Capital,Venture Capital,2,Artificial Intelligence,United Kingdom,Europe,Bristol,INV0056
R01878,S01172,RapidDynamics,2021-11-10,2021,Q4,Seed,3.01,21.98,24.99,17.6,Temasek,Venture Capital,2,Artificial Intelligence,United Kingdom,Europe,Bristol,INV0049
R01879,S01172,RapidDynamics,2025-05-28,2025,Q2,Series B,85.48,636.05,721.53,18.2,Y Combinator,Family Office,4,Artificial Intelligence,United Kingdom,Europe,Bristol,INV0007
R01880,S01173,PulseFinance,2024-07-08,2024,Q3,Seed,2.51,12.01,14.52,13.8,Founders Fund,Private Equity,4,Artificial Intelligence,India,Asia,Mumbai,INV0014
R01881,S01173,PulseFinance,2020-09-10,2020,Q3,Series A,45.0,322.52,367.52,24.3,Battery Ventures,Accelerator,3,Artificial Intelligence,India,Asia,Mumbai,INV0019
R01882,S01174,DeltaWorks,2023-05-06,2023,Q2,Pre-Seed,0.38,3.29,3.67,5.7,LocalGlobe,Angel Investor,4,Artificial Intelligence,India,Asia,Delhi NCR,INV0042
R01883,S01174,DeltaWorks,2021-11-26,2021,Q4,Series A,31.6,206.02,237.62,26.7,Balderton Capital,Venture Capital,6,Artificial Intelligence,India,Asia,Delhi NCR,INV0031
R01884,S01175,JetNet,2020-12-08,2020,Q4,Pre-Seed,0.23,0.96,1.19,12.5,Matrix Partners,Family Office,3,Artificial Intelligence,United States,North America,San Diego,INV0022
R01885,S01176,YieldCloud,2025-12-29,2025,Q4,Pre-Seed,1.02,8.59,9.61,13.0,Naspers / Prosus,Venture Capital,2,Artificial Intelligence,Vietnam,Asia,Ho Chi Minh City,INV0066
R01886,S01176,YieldCloud,2024-10-21,2024,Q4,Seed,1.77,16.69,18.46,16.8,Greylock Partners,Venture Capital,3,Artificial Intelligence,Vietnam,Asia,Ho Chi Minh City,INV0018
R01887,S01176,YieldCloud,2020-09-01,2020,Q3,Series A,10.7,111.15,121.85,18.3,Kingsway Capital,Corporate VC,1,Artificial Intelligence,Vietnam,Asia,Ho Chi Minh City,INV0067
R01888,S01177,WaveWare,2021-08-31,2021,Q3,Pre-Seed,0.18,1.33,1.51,14.7,Naspers / Prosus,Venture Capital,4,Artificial Intelligence,Germany,Europe,Frankfurt,INV0066
R01889,S01178,ProtoPlatform,2020-10-01,2020,Q4,Pre-Seed,0.36,3.13,3.49,6.8,Sapphire Ventures,Venture Capital,3,SaaS / Enterprise Software,Germany,Europe,Frankfurt,INV0035
R01890,S01179,VeloAnalytics,2023-10-25,2023,Q4,Seed,2.57,10.4,12.97,24.9,GIC,Crowdfunding,8,Artificial Intelligence,Japan,Asia,Tokyo,INV0050
R01891,S01180,UltraSystems,2020-09-30,2020,Q3,Pre-Seed,0.56,4.52,5.08,5.9,Partech,Venture Capital,3,Artificial Intelligence,United States,North America,Seattle,INV0046
R01892,S01181,Vibeio,2020-09-07,2020,Q3,Pre-Seed,0.67,3.1,3.77,12.5,Nexus Venture Partners,Venture Capital,2,Space Tech,South Korea,Asia,Busan,INV0072
R01893,S01181,Vibeio,2020-11-01,2020,Q4,Series A,9.37,46.88,56.25,27.3,Index Ventures,Venture Capital,2,Space Tech,South Korea,Asia,Busan,INV0015
R01894,S01182,QuarkWorks,2021-03-26,2021,Q1,Pre-Seed,0.89,6.62,7.51,14.6,Kingsway Capital,Corporate VC,2,SaaS / Enterprise Software,United States,North America,San Diego,INV0067
R01895,S01182,QuarkWorks,2022-05-15,2022,Q2,Series A,3.49,36.81,40.3,16.7,Cherry Ventures,Venture Capital,8,SaaS / Enterprise Software,United States,North America,San Diego,INV0043
R01896,S01183,PulseDynamics,2023-04-28,2023,Q2,Pre-Seed,0.43,1.61,2.04,7.1,Founders Fund,Venture Capital,2,Artificial Intelligence,Israel,Middle East,Haifa,INV0014
R01897,S01183,PulseDynamics,2026-01-26,2026,Q1,Seed,0.85,3.08,3.93,20.8,Temasek,Angel Investor,9,Artificial Intelligence,Israel,Middle East,Haifa,INV0049
R01898,S01184,HyperCloud,2023-04-24,2023,Q2,Pre-Seed,0.37,2.51,2.88,14.4,Naspers / Prosus,Corporate VC,5,Fintech,Israel,Middle East,Tel Aviv,INV0066
R01899,S01184,HyperCloud,2024-01-20,2024,Q1,Seed,1.3,9.6,10.9,19.6,Elevation Capital,Angel Investor,11,Fintech,Israel,Middle East,Tel Aviv,INV0036
R01900,S01185,ZenLogic,2020-12-14,2020,Q4,Seed,1.81,15.57,17.38,13.5,Seedcamp,Accelerator,7,SaaS / Enterprise Software,United States,North America,New York,INV0028
R01901,S01186,IonBase,2022-11-28,2022,Q4,Seed,2.64,25.81,28.45,14.6,Founders Fund,Venture Capital,2,Social Media / Creator Economy,Singapore,Asia,Singapore,INV0014
R01902,S01187,QuantumAnalytics,2023-05-25,2023,Q2,Pre-Seed,0.69,2.61,3.3,13.7,NEA,Venture Capital,5,Climate Tech / Clean Energy,France,Europe,Toulouse,INV0020
R01903,S01187,QuantumAnalytics,2022-07-24,2022,Q3,Seed,4.58,42.99,47.57,20.7,Accel Partners,Family Office,4,Climate Tech / Clean Energy,France,Europe,Toulouse,INV0004
R01904,S01188,RuneSystems,2022-02-07,2022,Q1,Seed,0.97,8.95,9.92,18.9,500 Global,Crowdfunding,8,Robotics & Automation,Australia,Oceania,Sydney,INV0023
R01905,S01189,ArcBeam,2021-03-20,2021,Q1,Pre-Seed,0.12,0.95,1.07,9.4,Union Square Ventures,Venture Capital,8,Healthcare & Biotech,United States,North America,San Diego,INV0039
R01906,S01189,ArcBeam,2023-07-18,2023,Q3,Seed,0.92,6.34,7.26,20.8,Sapphire Ventures,Venture Capital,2,Healthcare & Biotech,United States,North America,San Diego,INV0035
R01907,S01190,DataBio,2026-01-10,2026,Q1,Seed,1.46,4.94,6.4,23.3,Accel India,Angel Investor,2,Artificial Intelligence,United Kingdom,Europe,London,INV0073
R01908,S01190,DataBio,2021-11-15,2021,Q4,Series B,28.27,309.5,337.77,21.4,NVIDIA NVentures,Corporate VC,11,Artificial Intelligence,United Kingdom,Europe,London,INV0060
R01909,S01191,MetaBio,2025-11-07,2025,Q4,Pre-Seed,0.39,1.97,2.36,6.5,Intel Capital,Private Equity,7,SaaS / Enterprise Software,Egypt,Africa,Cairo,INV0056
R01910,S01191,MetaBio,2023-06-06,2023,Q2,Series A,26.14,249.89,276.03,21.9,Headline,Accelerator,5,SaaS / Enterprise Software,Egypt,Africa,Cairo,INV0045
R01911,S01192,BoltLabs,2021-02-12,2021,Q1,Pre-Seed,1.03,7.65,8.68,12.7,LocalGlobe,Venture Capital,1,Fintech,United Kingdom,Europe,Edinburgh,INV0042
R01912,S01193,BoltAnalytics,2022-09-10,2022,Q3,Pre-Seed,0.6,4.29,4.89,5.2,Khosla Ventures,Angel Investor,4,E-Commerce,Bangladesh,Asia,Dhaka,INV0012
R01913,S01193,BoltAnalytics,2024-12-08,2024,Q4,Seed,0.67,5.04,5.71,17.5,Cherry Ventures,Corporate VC,1,E-Commerce,Bangladesh,Asia,Dhaka,INV0043
R01914,S01194,DeltaBio,2023-03-10,2023,Q1,Pre-Seed,1.16,8.09,9.25,9.8,Google Ventures,Venture Capital,4,Cybersecurity,United States,North America,Miami,INV0059
R01915,S01194,DeltaBio,2025-08-19,2025,Q3,Series A,45.0,426.08,471.08,19.8,Cherry Ventures,Venture Capital,5,Cybersecurity,United States,North America,Miami,INV0043
R01916,S01195,VertexTech,2022-10-13,2022,Q4,Pre-Seed,0.18,1.38,1.56,14.4,Cherry Ventures,Venture Capital,3,Healthcare & Biotech,Australia,Oceania,Melbourne,INV0043
R01917,S01195,VertexTech,2021-11-01,2021,Q4,Series A,21.32,198.8,220.12,18.7,Chiratae Ventures,Venture Capital,9,Healthcare & Biotech,Australia,Oceania,Melbourne,INV0070
R01918,S01195,VertexTech,2021-03-17,2021,Q1,Series B,68.09,635.03,703.12,15.6,Atomico,Venture Capital,7,Healthcare & Biotech,Australia,Oceania,Melbourne,INV0032
R01919,S01196,XenoCloud,2020-04-07,2020,Q2,Pre-Seed,0.93,8.61,9.54,10.9,DST Global,Family Office,3,Artificial Intelligence,Singapore,Asia,Singapore,INV0033
R01920,S01197,PixelWorks,2020-04-26,2020,Q2,Seed,3.54,30.44,33.98,15.5,Union Square Ventures,Family Office,4,Artificial Intelligence,United States,North America,San Francisco,INV0039
R01921,S01197,PixelWorks,2024-03-14,2024,Q1,Series A,17.46,95.41,112.87,22.0,Salesforce Ventures,Venture Capital,4,Artificial Intelligence,United States,North America,San Francisco,INV0058
R01922,S01198,FluxMind,2020-06-17,2020,Q2,Pre-Seed,0.52,4.99,5.51,8.6,EQT Ventures,Venture Capital,3,SaaS / Enterprise Software,India,Asia,Mumbai,INV0030
R01923,S01198,FluxMind,2020-02-28,2020,Q1,Series A,9.38,93.16,102.54,24.9,Accel India,Crowdfunding,1,SaaS / Enterprise Software,India,Asia,Mumbai,INV0073
R01924,S01199,KiteBio,2021-02-13,2021,Q1,Seed,2.62,21.44,24.06,12.1,Draper Associates,Venture Capital,4,SaaS / Enterprise Software,United States,North America,San Diego,INV0041
R01925,S01200,EchoDynamics,2022-08-02,2022,Q3,Seed,0.91,5.2,6.11,14.5,Accel Partners,Family Office,1,Artificial Intelligence,India,Asia,Delhi NCR,INV0004
R01926,S01200,EchoDynamics,2020-09-17,2020,Q3,Series B,24.78,175.26,200.04,15.8,Union Square Ventures,Crowdfunding,3,Artificial Intelligence,India,Asia,Delhi NCR,INV0039
R01927,S01200,EchoDynamics,2024-03-23,2024,Q1,Series D,197.67,1424.51,1622.18,10.8,Draper Associates,Government/Sovereign Fund,1,Artificial Intelligence,India,Asia,Delhi NCR,INV0041
R01928,S01201,EdgeStack,2025-07-14,2025,Q3,Pre-Seed,1.35,7.42,8.77,12.1,Bessemer Venture Partners,Venture Capital,2,Artificial Intelligence,Sweden,Europe,Stockholm,INV0013
R01929,S01202,RuneAnalytics,2023-02-16,2023,Q1,Pre-Seed,0.35,1.91,2.26,14.6,Qualcomm Ventures,Venture Capital,5,Fintech,United States,North America,New York,INV0062
R01930,S01202,RuneAnalytics,2024-06-24,2024,Q2,Seed,1.82,18.09,19.91,10.2,Greylock Partners,Family Office,2,Fintech,United States,North America,New York,INV0018
R01931,S01203,NexusCore,2020-01-08,2020,Q1,Pre-Seed,0.17,0.62,0.79,13.4,General Catalyst,Venture Capital,4,Fintech,China,Asia,Guangzhou,INV0009
R01932,S01203,NexusCore,2021-11-02,2021,Q4,Seed,2.53,19.35,21.88,24.1,Partech,Government/Sovereign Fund,8,Fintech,China,Asia,Guangzhou,INV0046
R01933,S01203,NexusCore,2021-09-14,2021,Q3,Series A,4.87,30.77,35.64,16.6,Blume Ventures,Crowdfunding,1,Fintech,China,Asia,Guangzhou,INV0071
R01934,S01204,Deltaio,2022-02-16,2022,Q1,Seed,2.22,7.36,9.58,14.8,Saudi Aramco Ventures,Private Equity,2,Climate Tech / Clean Energy,Australia,Oceania,Melbourne,INV0052
R01935,S01205,LumePlatform,2026-03-08,2026,Q1,Seed,7.2,69.74,76.94,22.1,Lightspeed Venture Partners,Angel Investor,3,Cybersecurity,Japan,Asia,Tokyo,INV0006
R01936,S01205,LumePlatform,2022-07-06,2022,Q3,Series A,7.11,48.86,55.97,15.7,Microsoft M12,Corporate VC,1,Cybersecurity,Japan,Asia,Tokyo,INV0057
R01937,S01206,YieldWare,2021-10-17,2021,Q4,Pre-Seed,0.33,2.43,2.76,14.8,Tencent,Venture Capital,4,Fintech,United States,North America,Austin,INV0053
R01938,S01206,YieldWare,2024-03-11,2024,Q1,Seed,2.5,20.67,23.17,18.3,LocalGlobe,Venture Capital,4,Fintech,United States,North America,Austin,INV0042
R01939,S01206,YieldWare,2021-12-21,2021,Q4,Series A,21.81,136.68,158.49,20.1,Andreessen Horowitz (a16z),Venture Capital,2,Fintech,United States,North America,Austin,INV0002
R01940,S01207,DawnBase,2025-10-03,2025,Q4,Seed,1.68,12.53,14.21,11.3,SOSV,Venture Capital,8,Artificial Intelligence,China,Asia,Hangzhou,INV0025
R01941,S01208,JetBio,2022-01-29,2022,Q1,Seed,1.83,12.51,14.34,15.2,Partech Africa,Venture Capital,3,HR Tech,Chile,South America,Santiago,INV0069
R01942,S01208,JetBio,2020-11-25,2020,Q4,Series A,6.16,55.82,61.98,26.9,NEA,Corporate VC,3,HR Tech,Chile,South America,Santiago,INV0020
R01943,S01208,JetBio,2021-09-20,2021,Q3,Series B,23.46,188.28,211.74,20.1,Northzone,Venture Capital,8,HR Tech,Chile,South America,Santiago,INV0047
R01944,S01209,QuarkSpace,2023-05-19,2023,Q2,Pre-Seed,0.18,0.55,0.73,11.7,Salesforce Ventures,Angel Investor,3,Cybersecurity,Australia,Oceania,Melbourne,INV0058
R01945,S01210,ForgeNet,2021-06-21,2021,Q2,Seed,1.35,10.34,11.69,14.9,NEA,Private Equity,3,Fintech,China,Asia,Shanghai,INV0020
R01946,S01210,ForgeNet,2025-09-08,2025,Q3,Series A,7.7,75.63,83.33,27.7,Google Ventures,Angel Investor,4,Fintech,China,Asia,Shanghai,INV0059
R01947,S01211,Arcly,2022-04-04,2022,Q2,Seed,1.22,7.18,8.4,13.1,Google Ventures,Venture Capital,6,Edtech,China,Asia,Beijing,INV0059
R01948,S01212,EdgeSecurity,2025-04-07,2025,Q2,Seed,1.42,13.91,15.33,21.7,Intel Capital,Private Equity,2,SaaS / Enterprise Software,United States,North America,Denver,INV0056
R01949,S01213,Forgefy,2021-03-06,2021,Q1,Pre-Seed,1.17,4.24,5.41,7.1,Alibaba Group,Private Equity,8,Edtech,United Kingdom,Europe,London,INV0054
R01950,S01214,QuantumTech,2020-01-15,2020,Q1,Pre-Seed,0.84,5.76,6.6,8.1,SBI Investment,Venture Capital,1,Artificial Intelligence,Sweden,Europe,Stockholm,INV0065
R01951,S01214,QuantumTech,2023-06-29,2023,Q2,Seed,1.85,6.58,8.43,12.4,Y Combinator,Accelerator,7,Artificial Intelligence,Sweden,Europe,Stockholm,INV0007
R01952,S01215,BetaX,2020-01-24,2020,Q1,Pre-Seed,0.79,3.15,3.94,5.1,Greylock Partners,Venture Capital,3,Edtech,India,Asia,Mumbai,INV0018
R01953,S01216,QuantumHub,2024-07-31,2024,Q3,Seed,2.42,20.72,23.14,21.5,Nexus Venture Partners,Private Equity,3,E-Commerce,China,Asia,Beijing,INV0072
R01954,S01216,QuantumHub,2023-06-30,2023,Q2,Series B,45.36,529.55,574.91,27.8,Tencent,Family Office,2,E-Commerce,China,Asia,Beijing,INV0053
R01955,S01216,QuantumHub,2023-02-02,2023,Q1,Series C,30.0,98.68,128.68,9.9,Atomico,Accelerator,1,E-Commerce,China,Asia,Beijing,INV0032
R01956,S01217,BetaSystems,2024-05-08,2024,Q2,Pre-Seed,0.77,7.24,8.01,10.0,500 Global,Venture Capital,4,Logistics & Supply Chain,UAE,Middle East,Dubai,INV0023
R01957,S01217,BetaSystems,2021-11-19,2021,Q4,Seed,7.01,66.45,73.46,12.0,Amazon Alexa Fund,Venture Capital,2,Logistics & Supply Chain,UAE,Middle East,Dubai,INV0061
R01958,S01218,NexusX,2020-07-05,2020,Q3,Pre-Seed,0.35,1.16,1.51,14.7,Google Ventures,Venture Capital,3,HR Tech,United States,North America,Miami,INV0059
R01959,S01219,RuneSecurity,2022-05-10,2022,Q2,Pre-Seed,0.54,4.27,4.81,13.1,NEA,Angel Investor,7,Artificial Intelligence,United States,North America,San Francisco,INV0020
R01960,S01219,RuneSecurity,2023-04-17,2023,Q2,Series A,22.84,272.05,294.89,28.9,GIC,Venture Capital,1,Artificial Intelligence,United States,North America,San Francisco,INV0050
R01961,S01220,ZenoBeam,2021-03-30,2021,Q1,Pre-Seed,0.45,3.44,3.89,5.9,Intel Capital,Venture Capital,4,Social Media / Creator Economy,Estonia,Europe,Tallinn,INV0056
R01962,S01221,AstraHub,2023-04-05,2023,Q2,Seed,1.72,8.94,10.66,10.4,Abu Dhabi Investment Authority,Venture Capital,3,Fintech,Israel,Middle East,Tel Aviv,INV0051
R01963,S01222,CruxHealth,2025-06-09,2025,Q2,Pre-Seed,0.64,4.63,5.27,8.0,SBI Investment,Angel Investor,3,Robotics & Automation,China,Asia,Shanghai,INV0065
R01964,S01222,CruxHealth,2021-03-16,2021,Q1,Seed,1.63,11.55,13.18,16.2,GIC,Accelerator,6,Robotics & Automation,China,Asia,Shanghai,INV0050
R01965,S01222,CruxHealth,2024-01-17,2024,Q1,Series A,14.79,158.62,173.41,25.2,TLcom Capital,Venture Capital,6,Robotics & Automation,China,Asia,Shanghai,INV0068
R01966,S01223,ApexLogic,2022-06-10,2022,Q2,Pre-Seed,0.21,1.05,1.26,8.6,Abu Dhabi Investment Authority,Venture Capital,5,Artificial Intelligence,China,Asia,Hangzhou,INV0051
R01967,S01223,ApexLogic,2022-08-26,2022,Q3,Series A,7.82,42.13,49.95,25.7,SoftBank Vision Fund,Accelerator,11,Artificial Intelligence,China,Asia,Hangzhou,INV0005
R01968,S01223,ApexLogic,2021-04-07,2021,Q2,Series C,42.35,145.06,187.41,15.3,Index Ventures,Government/Sovereign Fund,3,Artificial Intelligence,China,Asia,Hangzhou,INV0015
R01969,S01224,VertexDynamics,2024-12-21,2024,Q4,Seed,1.62,12.71,14.33,13.3,Sapphire Ventures,Venture Capital,5,Logistics & Supply Chain,United States,North America,Chicago,INV0035
R01970,S01225,ZenPlatform,2021-02-06,2021,Q1,Pre-Seed,1.86,15.16,17.02,11.6,Andreessen Horowitz (a16z),Venture Capital,1,E-Commerce,Argentina,South America,Buenos Aires,INV0002
R01971,S01225,ZenPlatform,2021-04-30,2021,Q2,Seed,2.84,25.1,27.94,22.4,TLcom Capital,Venture Capital,3,E-Commerce,Argentina,South America,Buenos Aires,INV0068
R01972,S01226,NexusForge,2022-01-22,2022,Q1,Seed,3.06,18.36,21.42,11.4,Ribbit Capital,Venture Capital,2,Gaming & Entertainment,Thailand,Asia,Bangkok,INV0016
R01973,S01227,IonSpace,2023-07-10,2023,Q3,Seed,1.1,10.65,11.75,21.3,Matrix Partners,Angel Investor,2,Social Media / Creator Economy,Philippines,Asia,Manila,INV0022
R01974,S01228,BetaAnalytics,2023-04-21,2023,Q2,Pre-Seed,0.28,2.61,2.89,10.6,Naspers / Prosus,Venture Capital,2,Cybersecurity,India,Asia,Mumbai,INV0066
R01975,S01229,ZenRobotics,2025-06-09,2025,Q2,Seed,3.08,12.37,15.45,24.6,Benchmark,Venture Capital,1,E-Commerce,United States,North America,Austin,INV0008
R01976,S01229,ZenRobotics,2024-04-26,2024,Q2,Series A,5.24,51.5,56.74,28.5,Intel Capital,Accelerator,4,E-Commerce,United States,North America,Austin,INV0056
R01977,S01230,Protoio,2021-12-19,2021,Q4,Seed,0.84,4.02,4.86,22.5,GV (Google Ventures),Private Equity,2,Cybersecurity,Canada,North America,Toronto,INV0011
R01978,S01231,NexusLogic,2020-11-05,2020,Q4,Seed,5.91,23.14,29.05,21.5,First Round Capital,Crowdfunding,3,Artificial Intelligence,China,Asia,Beijing,INV0040
R01979,S01232,HyperAnalytics,2020-08-02,2020,Q3,Pre-Seed,0.19,1.64,1.83,8.5,Antler,Family Office,4,Healthcare & Biotech,Nigeria,Africa,Lagos,INV0027
R01980,S01233,FluxWorks,2023-09-01,2023,Q3,Pre-Seed,1.97,7.17,9.14,10.2,DST Global,Corporate VC,2,Real Estate Tech,United Kingdom,Europe,Manchester,INV0033
R01981,S01233,FluxWorks,2025-05-01,2025,Q2,Seed,1.03,6.03,7.06,22.6,First Round Capital,Venture Capital,2,Real Estate Tech,United Kingdom,Europe,Manchester,INV0040
R01982,S01233,FluxWorks,2021-01-13,2021,Q1,Series B,36.52,183.57,220.09,21.9,Abu Dhabi Investment Authority,Venture Capital,2,Real Estate Tech,United Kingdom,Europe,Manchester,INV0051
R01983,S01234,Quantumfy,2025-01-05,2025,Q1,Seed,1.58,7.24,8.82,20.3,Partech Africa,Venture Capital,7,Climate Tech / Clean Energy,China,Asia,Shenzhen,INV0069
R01984,S01235,OrionLabs,2026-01-28,2026,Q1,Seed,1.55,14.95,16.5,14.6,Saudi Aramco Ventures,Venture Capital,6,SaaS / Enterprise Software,Sweden,Europe,Gothenburg,INV0052
R01985,S01235,OrionLabs,2023-01-14,2023,Q1,Series B,16.36,137.79,154.15,27.8,Benchmark,Venture Capital,1,SaaS / Enterprise Software,Sweden,Europe,Gothenburg,INV0008
R01986,S01235,OrionLabs,2021-03-26,2021,Q1,Series D,66.44,220.85,287.29,11.8,Index Ventures,Venture Capital,3,SaaS / Enterprise Software,Sweden,Europe,Gothenburg,INV0015
R01987,S01236,RapidBio,2022-11-09,2022,Q4,Seed,2.53,18.79,21.32,14.2,Nexus Venture Partners,Venture Capital,2,Artificial Intelligence,China,Asia,Hangzhou,INV0072
R01988,S01237,LumeBio,2025-08-06,2025,Q3,Seed,4.96,31.67,36.63,18.4,Y Combinator,Accelerator,5,Robotics & Automation,Argentina,South America,Buenos Aires,INV0007
R01989,S01237,LumeBio,2024-04-14,2024,Q2,Series A,23.45,239.11,262.56,28.6,DST Global,Venture Capital,8,Robotics & Automation,Argentina,South America,Buenos Aires,INV0033
R01990,S01238,CoreNet,2022-10-10,2022,Q4,Pre-Seed,0.86,4.93,5.79,7.4,Sequoia Capital,Angel Investor,2,Fintech,Japan,Asia,Tokyo,INV0001
R01991,S01238,CoreNet,2022-12-01,2022,Q4,Seed,1.11,8.43,9.54,20.7,DST Global,Venture Capital,1,Fintech,Japan,Asia,Tokyo,INV0033
R01992,S01239,HubAI,2024-02-04,2024,Q1,Pre-Seed,0.26,1.44,1.7,5.3,Antler,Venture Capital,9,Gaming & Entertainment,China,Asia,Beijing,INV0027
R01993,S01239,HubAI,2021-07-15,2021,Q3,Seed,5.86,52.46,58.32,20.4,IVP,Accelerator,4,Gaming & Entertainment,China,Asia,Beijing,INV0034
R01994,S01239,HubAI,2022-09-04,2022,Q3,Series B,20.44,243.22,263.66,15.0,Amazon Alexa Fund,Venture Capital,3,Gaming & Entertainment,China,Asia,Beijing,INV0061
R01995,S01240,TideBeam,2020-07-31,2020,Q3,Seed,1.99,15.06,17.05,22.6,Bessemer Venture Partners,Venture Capital,3,Real Estate Tech,United States,North America,Seattle,INV0013
R01996,S01241,Swiftly,2022-06-13,2022,Q2,Seed,1.03,5.28,6.31,18.9,Kingsway Capital,Angel Investor,8,Cybersecurity,India,Asia,Delhi NCR,INV0067
R01997,S01242,Orionfy,2022-11-09,2022,Q4,Pre-Seed,0.16,1.2,1.36,10.6,Google Ventures,Government/Sovereign Fund,6,E-Commerce,India,Asia,Delhi NCR,INV0059
R01998,S01243,ArcWorks,2021-02-06,2021,Q1,Seed,2.1,8.39,10.49,11.3,Northzone,Corporate VC,10,Artificial Intelligence,Singapore,Asia,Singapore,INV0047
R01999,S01243,ArcWorks,2022-07-11,2022,Q3,Series A,4.59,26.33,30.92,20.8,Intel Capital,Government/Sovereign Fund,6,Artificial Intelligence,Singapore,Asia,Singapore,INV0056
R02000,S01244,SageWare,2024-09-13,2024,Q3,Seed,0.64,3.03,3.67,13.5,LocalGlobe,Corporate VC,1,Artificial Intelligence,United States,North America,San Francisco,INV0042
R02001,S01245,TerraSystems,2022-02-21,2022,Q1,Seed,2.82,28.13,30.95,17.3,Salesforce Ventures,Venture Capital,3,Fintech,India,Asia,Pune,INV0058
R02002,S01246,GridStack,2023-07-11,2023,Q3,Seed,1.05,4.11,5.16,19.9,Benchmark,Venture Capital,3,Food & AgriTech,India,Asia,Mumbai,INV0008
R02003,S01247,OnyxCore,2022-07-06,2022,Q3,Seed,0.76,3.36,4.12,13.6,Cherry Ventures,Venture Capital,4,SaaS / Enterprise Software,United States,North America,Seattle,INV0043
R02004,S01247,OnyxCore,2024-09-19,2024,Q3,Series A,12.02,115.39,127.41,17.1,TLcom Capital,Corporate VC,6,SaaS / Enterprise Software,United States,North America,Seattle,INV0068
R02005,S01247,OnyxCore,2021-04-02,2021,Q2,Series B,10.0,57.94,67.94,21.6,Matrix Partners,Corporate VC,3,SaaS / Enterprise Software,United States,North America,Seattle,INV0022
R02006,S01248,GridLabs,2020-08-05,2020,Q3,Pre-Seed,0.73,2.51,3.24,8.4,Founders Fund,Government/Sovereign Fund,2,Healthcare & Biotech,United States,North America,San Diego,INV0014
R02007,S01248,GridLabs,2023-02-14,2023,Q1,Seed,4.89,18.81,23.7,17.9,Tencent,Venture Capital,3,Healthcare & Biotech,United States,North America,San Diego,INV0053
R02008,S01249,CoreSpace,2020-12-15,2020,Q4,Seed,1.29,10.76,12.05,18.9,Insight Partners,Government/Sovereign Fund,2,Fintech,China,Asia,Hangzhou,INV0010
R02009,S01250,Onyxly,2023-12-22,2023,Q4,Seed,1.1,9.58,10.68,13.6,GIC,Venture Capital,4,Climate Tech / Clean Energy,Brazil,South America,São Paulo,INV0050
R02010,S01251,RapidTech,2023-11-11,2023,Q4,Pre-Seed,0.31,1.59,1.9,8.4,Bessemer Venture Partners,Family Office,4,Insurtech,India,Asia,Pune,INV0013
R02011,S01251,RapidTech,2023-10-10,2023,Q4,Series A,10.26,110.94,121.2,26.4,Bessemer Venture Partners,Angel Investor,4,Insurtech,India,Asia,Pune,INV0013
R02012,S01252,EdgeLogic,2021-12-23,2021,Q4,Seed,3.78,30.43,34.21,24.5,SoftBank Vision Fund,Angel Investor,1,Cybersecurity,United States,North America,San Francisco,INV0005
R02013,S01253,HubBase,2023-04-29,2023,Q2,Pre-Seed,0.52,2.63,3.15,9.7,Peak XV Partners (fka Sequoia India),Corporate VC,9,Real Estate Tech,United States,North America,Chicago,INV0021
R02014,S01254,Xenoly,2023-08-26,2023,Q3,Seed,1.38,9.05,10.43,12.0,B Capital Group,Corporate VC,1,Artificial Intelligence,United States,North America,San Diego,INV0048
R02015,S01255,ZenSpace,2024-08-23,2024,Q3,Pre-Seed,0.96,3.67,4.63,12.5,Norwest Venture Partners,Private Equity,3,Space Tech,United States,North America,Miami,INV0037
R02016,S01255,ZenSpace,2024-11-26,2024,Q4,Seed,1.22,7.98,9.2,11.4,EQT Ventures,Government/Sovereign Fund,1,Space Tech,United States,North America,Miami,INV0030
R02017,S01256,PulseSpace,2026-01-26,2026,Q1,Pre-Seed,0.41,2.58,2.99,12.2,Partech Africa,Angel Investor,3,Healthcare & Biotech,United States,North America,Miami,INV0069
R02018,S01257,DataHealth,2023-04-30,2023,Q2,Seed,1.14,9.09,10.23,24.0,Cherry Ventures,Venture Capital,3,Edtech,France,Europe,Lyon,INV0043
R02019,S01257,DataHealth,2023-03-26,2023,Q1,Series B,17.03,109.11,126.14,29.8,Mitsubishi UFJ Capital,Venture Capital,9,Edtech,France,Europe,Lyon,INV0064
R02020,S01257,DataHealth,2021-04-01,2021,Q2,Series D,149.11,769.67,918.78,8.7,Seedcamp,Family Office,3,Edtech,France,Europe,Lyon,INV0028
R02021,S01258,FluxCore,2025-06-03,2025,Q2,Seed,1.18,8.71,9.89,20.5,Techstars,Private Equity,5,Healthcare & Biotech,United States,North America,Denver,INV0024
R02022,S01258,FluxCore,2026-02-14,2026,Q1,Series B,58.38,380.91,439.29,27.9,Ribbit Capital,Accelerator,2,Healthcare & Biotech,United States,North America,Denver,INV0016
R02023,S01259,ZenoHealth,2026-02-08,2026,Q1,Seed,1.56,13.35,14.91,13.0,Salesforce Ventures,Venture Capital,5,Artificial Intelligence,France,Europe,Toulouse,INV0058
R02024,S01260,HyperBase,2020-12-29,2020,Q4,Pre-Seed,0.37,3.09,3.46,14.1,TLcom Capital,Venture Capital,1,Fintech,China,Asia,Shanghai,INV0068
R02025,S01261,HyperSecurity,2025-02-04,2025,Q1,Seed,3.19,19.73,22.92,15.1,Balderton Capital,Angel Investor,10,Fintech,Saudi Arabia,Middle East,Riyadh,INV0031
R02026,S01262,IonCloud,2022-11-03,2022,Q4,Pre-Seed,1.39,7.68,9.07,7.6,Coatue Management,Corporate VC,1,Food & AgriTech,Canada,North America,Montreal,INV0017
R02027,S01262,IonCloud,2025-01-06,2025,Q1,Seed,7.38,41.89,49.27,19.8,IVP,Angel Investor,6,Food & AgriTech,Canada,North America,Montreal,INV0034
R02028,S01263,XenoDynamics,2021-07-20,2021,Q3,Seed,1.4,6.75,8.15,16.0,Headline,Venture Capital,7,E-Commerce,United Kingdom,Europe,Edinburgh,INV0045
R02029,S01263,XenoDynamics,2020-02-03,2020,Q1,Series A,12.28,65.16,77.44,16.8,Draper Associates,Venture Capital,1,E-Commerce,United Kingdom,Europe,Edinburgh,INV0041
R02030,S01264,CoreLogic,2025-10-23,2025,Q4,Seed,0.92,7.74,8.66,19.7,NVIDIA NVentures,Angel Investor,3,Climate Tech / Clean Energy,Netherlands,Europe,Rotterdam,INV0060
R02031,S01265,VibeEnergy,2021-03-20,2021,Q1,Pre-Seed,0.38,3.21,3.59,14.5,Temasek,Venture Capital,2,Cybersecurity,United States,North America,Chicago,INV0049
R02032,S01265,VibeEnergy,2020-03-14,2020,Q1,Seed,0.77,2.38,3.15,20.2,Naspers / Prosus,Crowdfunding,3,Cybersecurity,United States,North America,Chicago,INV0066
R02033,S01266,UltraEnergy,2024-01-12,2024,Q1,Seed,2.45,17.11,19.56,14.5,Tiger Global,Venture Capital,10,Fintech,United States,North America,San Francisco,INV0003
R02034,S01266,UltraEnergy,2023-03-10,2023,Q1,Series A,12.6,80.66,93.26,20.6,Index Ventures,Corporate VC,3,Fintech,United States,North America,San Francisco,INV0015
R02035,S01267,Jetio,2020-10-01,2020,Q4,Pre-Seed,0.29,2.04,2.33,9.1,NEA,Angel Investor,5,Web3 / Blockchain,United Kingdom,Europe,London,INV0020
R02036,S01267,Jetio,2025-02-04,2025,Q1,Seed,3.98,36.95,40.93,11.9,Point Nine Capital,Venture Capital,4,Web3 / Blockchain,United Kingdom,Europe,London,INV0044
R02037,S01267,Jetio,2023-10-09,2023,Q4,Series B,13.95,67.95,81.9,25.6,Intel Capital,Corporate VC,2,Web3 / Blockchain,United Kingdom,Europe,London,INV0056
R02038,S01268,UltraHealth,2025-12-01,2025,Q4,Seed,0.74,4.37,5.11,21.7,Insight Partners,Private Equity,4,Cybersecurity,South Korea,Asia,Busan,INV0010
R02039,S01268,UltraHealth,2026-03-22,2026,Q1,Series A,7.56,57.95,65.51,16.0,Norwest Venture Partners,Private Equity,5,Cybersecurity,South Korea,Asia,Busan,INV0037
R02040,S01268,UltraHealth,2022-11-11,2022,Q4,Series C,106.68,588.43,695.11,9.7,Redpoint Ventures,Angel Investor,5,Cybersecurity,South Korea,Asia,Busan,INV0038
R02041,S01269,OnyxLabs,2025-11-11,2025,Q4,Pre-Seed,0.38,2.93,3.31,10.3,Microsoft M12,Angel Investor,3,Climate Tech / Clean Energy,Estonia,Europe,Tallinn,INV0057
R02042,S01269,OnyxLabs,2020-07-27,2020,Q3,Seed,3.05,28.64,31.69,23.6,Elevation Capital,Angel Investor,6,Climate Tech / Clean Energy,Estonia,Europe,Tallinn,INV0036
R02043,S01269,OnyxLabs,2024-06-16,2024,Q2,Series B,25.66,107.58,133.24,23.6,Kingsway Capital,Angel Investor,3,Climate Tech / Clean Energy,Estonia,Europe,Tallinn,INV0067
R02044,S01270,HyperSpace,2020-09-26,2020,Q3,Pre-Seed,0.61,2.62,3.23,11.9,Partech Africa,Corporate VC,3,Gaming & Entertainment,Spain,Europe,Madrid,INV0069
R02045,S01271,VertexLabs,2022-01-26,2022,Q1,Seed,1.96,12.3,14.26,12.6,Insight Partners,Venture Capital,4,Gaming & Entertainment,United States,North America,Austin,INV0010
R02046,S01272,BetaMind,2024-02-27,2024,Q1,Pre-Seed,0.9,5.68,6.58,8.1,Elevation Capital,Angel Investor,8,SaaS / Enterprise Software,United States,North America,Seattle,INV0036
R02047,S01272,BetaMind,2022-11-29,2022,Q4,Seed,1.53,11.44,12.97,12.7,Founders Fund,Angel Investor,7,SaaS / Enterprise Software,United States,North America,Seattle,INV0014
R02048,S01273,YieldSense,2021-09-10,2021,Q3,Pre-Seed,1.27,11.85,13.12,6.1,DST Global,Venture Capital,1,SaaS / Enterprise Software,United Kingdom,Europe,Edinburgh,INV0033
R02049,S01274,WaveHealth,2020-04-09,2020,Q2,Pre-Seed,0.67,6.42,7.09,12.1,Mitsubishi UFJ Capital,Venture Capital,2,Artificial Intelligence,United States,North America,San Francisco,INV0064
R02050,S01275,TideHealth,2024-12-18,2024,Q4,Seed,1.35,10.17,11.52,24.0,Cherry Ventures,Venture Capital,4,Climate Tech / Clean Energy,United States,North America,Los Angeles,INV0043
R02051,S01276,OrionPlatform,2022-05-31,2022,Q2,Seed,1.17,9.83,11.0,13.1,Redpoint Ventures,Private Equity,1,Edtech,United States,North America,Miami,INV0038
R02052,S01277,BetaCloud,2024-08-20,2024,Q3,Pre-Seed,0.2,1.93,2.13,10.4,Nexus Venture Partners,Corporate VC,7,SaaS / Enterprise Software,United Kingdom,Europe,Bristol,INV0072
R02053,S01277,BetaCloud,2025-12-24,2025,Q4,Seed,0.73,3.84,4.57,20.6,BlueYard Capital,Venture Capital,7,SaaS / Enterprise Software,United Kingdom,Europe,Bristol,INV0029
R02054,S01278,EdgeAnalytics,2023-06-21,2023,Q2,Pre-Seed,0.67,6.49,7.16,7.3,LocalGlobe,Venture Capital,2,Artificial Intelligence,Nigeria,Africa,Nairobi,INV0042
R02055,S01279,YieldNet,2022-05-16,2022,Q2,Seed,2.66,13.78,16.44,13.2,Tiger Global,Family Office,3,Fintech,United Kingdom,Europe,Bristol,INV0003
R02056,S01280,CloudHealth,2021-05-02,2021,Q2,Pre-Seed,0.3,2.61,2.91,11.3,500 Global,Venture Capital,1,Healthcare & Biotech,China,Asia,Shanghai,INV0023
R02057,S01281,CloudCloud,2024-07-04,2024,Q3,Seed,0.86,6.17,7.03,13.9,Sequoia Capital,Venture Capital,1,Healthcare & Biotech,United States,North America,San Diego,INV0001
R02058,S01282,QuarkDynamics,2023-10-01,2023,Q4,Seed,1.11,5.71,6.82,11.8,Blume Ventures,Accelerator,4,SaaS / Enterprise Software,UAE,Middle East,Abu Dhabi,INV0071
R02059,S01283,SwiftEnergy,2025-05-06,2025,Q2,Pre-Seed,0.5,3.21,3.71,10.6,SoftBank Vision Fund,Venture Capital,1,Healthcare & Biotech,Israel,Middle East,Jerusalem,INV0005
R02060,S01284,DataPlatform,2023-11-02,2023,Q4,Seed,2.55,17.68,20.23,17.9,TLcom Capital,Venture Capital,3,Artificial Intelligence,United States,North America,San Diego,INV0068
R02061,S01284,DataPlatform,2023-10-28,2023,Q4,Series A,4.62,54.36,58.98,17.3,Antler,Corporate VC,5,Artificial Intelligence,United States,North America,San Diego,INV0027
R02062,S01284,DataPlatform,2021-03-11,2021,Q1,Series B,44.94,304.37,349.31,23.9,Headline,Angel Investor,2,Artificial Intelligence,United States,North America,San Diego,INV0045
R02063,S01285,ForgeX,2024-07-30,2024,Q3,Seed,1.65,9.5,11.15,20.1,SOSV,Accelerator,8,Logistics & Supply Chain,Indonesia,Asia,Jakarta,INV0025
R02064,S01285,ForgeX,2020-12-09,2020,Q4,Series A,24.48,236.11,260.59,16.6,BlueYard Capital,Private Equity,4,Logistics & Supply Chain,Indonesia,Asia,Jakarta,INV0029
R02065,S01286,SwiftSense,2023-09-30,2023,Q3,Seed,2.86,24.07,26.93,16.5,Draper Associates,Venture Capital,2,Artificial Intelligence,India,Asia,Delhi NCR,INV0041
R02066,S01287,JetRobotics,2024-05-15,2024,Q2,Pre-Seed,0.69,4.12,4.81,14.0,Naspers / Prosus,Accelerator,1,Artificial Intelligence,United States,North America,San Diego,INV0066
R02067,S01288,SwiftRobotics,2025-09-05,2025,Q3,Seed,2.93,18.33,21.26,19.7,Blume Ventures,Venture Capital,1,Healthcare & Biotech,United Kingdom,Europe,Manchester,INV0071
R02068,S01288,SwiftRobotics,2022-02-22,2022,Q1,Series A,4.17,44.96,49.13,19.6,Greylock Partners,Venture Capital,5,Healthcare & Biotech,United Kingdom,Europe,Manchester,INV0018
R02069,S01288,SwiftRobotics,2021-09-10,2021,Q3,Series B,65.3,486.34,551.64,16.4,Tencent,Corporate VC,4,Healthcare & Biotech,United Kingdom,Europe,Manchester,INV0053
R02070,S01289,Cyberfy,2022-05-16,2022,Q2,Pre-Seed,0.57,3.53,4.1,13.1,Partech Africa,Family Office,3,Healthcare & Biotech,Brazil,South America,Rio de Janeiro,INV0069
R02071,S01289,Cyberfy,2021-01-21,2021,Q1,Series A,14.35,150.79,165.14,27.2,Saudi Aramco Ventures,Angel Investor,5,Healthcare & Biotech,Brazil,South America,Rio de Janeiro,INV0052
R02072,S01290,QuarkWare,2020-02-22,2020,Q1,Pre-Seed,0.39,2.44,2.83,7.4,Lightspeed Venture Partners,Private Equity,5,Artificial Intelligence,Germany,Europe,Frankfurt,INV0006
R02073,S01291,Corefy,2026-03-28,2026,Q1,Seed,0.93,9.16,10.09,11.3,Naspers / Prosus,Angel Investor,2,Fintech,United States,North America,Seattle,INV0066
R02074,S01291,Corefy,2022-06-23,2022,Q2,Series B,23.42,201.89,225.31,22.6,Techstars,Venture Capital,4,Fintech,United States,North America,Seattle,INV0024
R02075,S01292,VibeSystems,2022-04-03,2022,Q2,Pre-Seed,0.32,2.82,3.14,11.2,Partech Africa,Venture Capital,1,Web3 / Blockchain,United Kingdom,Europe,London,INV0069
R02076,S01293,ProtoEnergy,2025-03-08,2025,Q1,Seed,1.62,10.16,11.78,21.5,Union Square Ventures,Family Office,3,SaaS / Enterprise Software,Singapore,Asia,Singapore,INV0039
R02077,S01294,ArcBase,2020-02-15,2020,Q1,Pre-Seed,0.22,1.16,1.38,6.9,Bessemer Venture Partners,Venture Capital,4,E-Commerce,United Kingdom,Europe,Cambridge,INV0013
R02078,S01294,ArcBase,2021-10-16,2021,Q4,Seed,7.5,32.4,39.9,24.3,Google Ventures,Crowdfunding,1,E-Commerce,United Kingdom,Europe,Cambridge,INV0059
R02079,S01294,ArcBase,2020-02-20,2020,Q1,Series A,3.83,25.83,29.66,21.1,SOSV,Angel Investor,5,E-Commerce,United Kingdom,Europe,Cambridge,INV0025
R02080,S01295,OnyxHealth,2025-09-06,2025,Q3,Pre-Seed,0.48,3.69,4.17,5.6,Bessemer Venture Partners,Venture Capital,3,Gaming & Entertainment,China,Asia,Shenzhen,INV0013
R02081,S01296,SwiftBeam,2024-12-07,2024,Q4,Seed,0.62,4.36,4.98,10.1,BlueYard Capital,Private Equity,6,Climate Tech / Clean Energy,United Kingdom,Europe,Edinburgh,INV0029
R02082,S01296,SwiftBeam,2020-05-30,2020,Q2,Series A,17.4,192.27,209.67,22.8,Temasek,Corporate VC,1,Climate Tech / Clean Energy,United Kingdom,Europe,Edinburgh,INV0049
R02083,S01296,SwiftBeam,2025-01-10,2025,Q1,Series B,14.98,151.45,166.43,18.2,SoftBank Vision Fund,Venture Capital,1,Climate Tech / Clean Energy,United Kingdom,Europe,Edinburgh,INV0005
R02084,S01297,Jetverse,2023-05-02,2023,Q2,Pre-Seed,0.67,2.22,2.89,13.9,IVP,Accelerator,3,Fintech,United States,North America,Seattle,INV0034
R02085,S01297,Jetverse,2022-12-13,2022,Q4,Seed,4.32,27.72,32.04,23.7,Cherry Ventures,Venture Capital,4,Fintech,United States,North America,Seattle,INV0043
R02086,S01298,Hyperverse,2025-11-26,2025,Q4,Seed,2.64,13.68,16.32,15.0,Google Ventures,Government/Sovereign Fund,7,Artificial Intelligence,China,Asia,Beijing,INV0059
R02087,S01299,RapidLink,2025-03-05,2025,Q1,Seed,1.89,16.24,18.13,15.9,Ribbit Capital,Private Equity,1,Insurtech,China,Asia,Beijing,INV0016
R02088,S01300,UltraNet,2022-11-28,2022,Q4,Pre-Seed,0.3,2.24,2.54,5.8,Tiger Global,Government/Sovereign Fund,3,Cybersecurity,Japan,Asia,Osaka,INV0003
R02089,S01301,Cyberly,2023-12-17,2023,Q4,Pre-Seed,0.41,2.5,2.91,14.8,Matrix Partners,Venture Capital,5,SaaS / Enterprise Software,Japan,Asia,Osaka,INV0022
R02090,S01301,Cyberly,2021-01-24,2021,Q1,Seed,1.12,8.21,9.33,11.0,Blume Ventures,Venture Capital,3,SaaS / Enterprise Software,Japan,Asia,Osaka,INV0071
R02091,S01302,DawnSpace,2021-05-27,2021,Q2,Pre-Seed,0.83,4.17,5.0,8.3,Kingsway Capital,Angel Investor,6,Cybersecurity,United States,North America,Chicago,INV0067
R02092,S01302,DawnSpace,2024-09-10,2024,Q3,Series A,7.87,72.48,80.35,27.1,Microsoft M12,Angel Investor,3,Cybersecurity,United States,North America,Chicago,INV0057
R02093,S01303,VertexSpace,2026-03-08,2026,Q1,Pre-Seed,0.59,4.49,5.08,13.5,Sapphire Ventures,Corporate VC,5,Fintech,India,Asia,Mumbai,INV0035
R02094,S01303,VertexSpace,2020-09-05,2020,Q3,Series A,27.47,234.65,262.12,30.0,GIC,Accelerator,3,Fintech,India,Asia,Mumbai,INV0050
R02095,S01304,AlphaWorks,2023-02-21,2023,Q1,Pre-Seed,0.25,2.36,2.61,10.6,Battery Ventures,Corporate VC,1,Fintech,Singapore,Asia,Singapore,INV0019
R02096,S01305,AstraSense,2024-05-14,2024,Q2,Seed,1.91,9.58,11.49,20.6,Sapphire Ventures,Crowdfunding,1,Cybersecurity,United States,North America,Miami,INV0035
R02097,S01306,Rapidio,2023-05-02,2023,Q2,Pre-Seed,0.49,4.85,5.34,7.1,First Round Capital,Private Equity,1,Fintech,United States,North America,Los Angeles,INV0040
R02098,S01307,SageCloud,2024-08-16,2024,Q3,Seed,1.49,5.16,6.65,21.7,SoftBank Vision Fund,Angel Investor,4,Artificial Intelligence,India,Asia,Hyderabad,INV0005
R02099,S01307,SageCloud,2023-09-18,2023,Q3,Series A,10.39,108.66,119.05,26.3,BlueYard Capital,Venture Capital,3,Artificial Intelligence,India,Asia,Hyderabad,INV0029
R02100,S01307,SageCloud,2023-07-20,2023,Q3,Series B,15.99,74.81,90.8,19.2,Andreessen Horowitz (a16z),Corporate VC,2,Artificial Intelligence,India,Asia,Hyderabad,INV0002
R02101,S01308,IonForge,2022-07-13,2022,Q3,Pre-Seed,0.47,3.69,4.16,10.2,Benchmark,Accelerator,2,Social Media / Creator Economy,Kenya,Africa,Nairobi,INV0008
R02102,S01309,CruxFlow,2025-05-16,2025,Q2,Pre-Seed,0.37,1.24,1.61,6.1,LocalGlobe,Venture Capital,2,Web3 / Blockchain,China,Asia,Beijing,INV0042
R02103,S01309,CruxFlow,2020-01-25,2020,Q1,Series A,5.96,55.8,61.76,28.3,Andreessen Horowitz (a16z),Venture Capital,5,Web3 / Blockchain,China,Asia,Beijing,INV0002
R02104,S01309,CruxFlow,2023-10-17,2023,Q4,Series B,26.11,175.43,201.54,23.4,Sapphire Ventures,Crowdfunding,5,Web3 / Blockchain,China,Asia,Beijing,INV0035
R02105,S01310,ArcHealth,2021-03-19,2021,Q1,Pre-Seed,0.55,4.46,5.01,10.7,GIC,Venture Capital,3,Food & AgriTech,United States,North America,San Francisco,INV0050
R02106,S01311,ZenWorks,2024-07-02,2024,Q3,Seed,1.71,7.08,8.79,14.0,First Round Capital,Angel Investor,2,Fintech,Canada,North America,Montreal,INV0040
R02107,S01312,IonWare,2023-07-03,2023,Q3,Pre-Seed,0.28,1.79,2.07,10.8,Blume Ventures,Venture Capital,2,E-Commerce,United Kingdom,Europe,London,INV0071
R02108,S01312,IonWare,2021-04-10,2021,Q2,Series A,8.97,97.42,106.39,26.5,Elevation Capital,Venture Capital,1,E-Commerce,United Kingdom,Europe,London,INV0036
R02109,S01313,ArcX,2025-06-17,2025,Q2,Pre-Seed,0.26,1.79,2.05,8.4,General Catalyst,Crowdfunding,2,Artificial Intelligence,Turkey,Europe,Ankara,INV0009
R02110,S01313,ArcX,2025-02-05,2025,Q1,Series A,11.58,116.76,128.34,16.3,Norwest Venture Partners,Venture Capital,4,Artificial Intelligence,Turkey,Europe,Ankara,INV0037
R02111,S01314,YieldMind,2022-05-16,2022,Q2,Seed,2.78,24.25,27.03,18.4,Insight Partners,Venture Capital,2,E-Commerce,United Kingdom,Europe,Bristol,INV0010
R02112,S01314,YieldMind,2023-09-23,2023,Q3,Series B,18.44,130.26,148.7,18.5,LocalGlobe,Venture Capital,2,E-Commerce,United Kingdom,Europe,Bristol,INV0042
R02113,S01315,ZenoX,2020-12-06,2020,Q4,Pre-Seed,1.28,8.35,9.63,9.9,Northzone,Corporate VC,7,E-Commerce,Thailand,Asia,Bangkok,INV0047
R02114,S01316,XenoFlow,2024-06-07,2024,Q2,Seed,1.32,6.63,7.95,22.9,Kingsway Capital,Accelerator,2,SaaS / Enterprise Software,United States,North America,Austin,INV0067
R02115,S01316,XenoFlow,2024-09-23,2024,Q3,Series B,50.62,392.05,442.67,18.0,Plug and Play,Venture Capital,7,SaaS / Enterprise Software,United States,North America,Austin,INV0026
R02116,S01317,JetFlow,2022-06-12,2022,Q2,Seed,2.76,25.79,28.55,22.4,Accel Partners,Angel Investor,4,Healthcare & Biotech,United States,North America,Los Angeles,INV0004
R02117,S01317,JetFlow,2021-12-09,2021,Q4,Series A,12.03,100.86,112.89,29.4,BlueYard Capital,Venture Capital,7,Healthcare & Biotech,United States,North America,Los Angeles,INV0029
R02118,S01318,ZenoStack,2020-07-10,2020,Q3,Pre-Seed,0.65,3.86,4.51,14.1,Insight Partners,Accelerator,3,SaaS / Enterprise Software,United States,North America,San Diego,INV0010
R02119,S01318,ZenoStack,2023-03-21,2023,Q1,Series A,9.94,115.47,125.41,28.5,Temasek,Crowdfunding,3,SaaS / Enterprise Software,United States,North America,San Diego,INV0049
R02120,S01319,HubSense,2025-10-28,2025,Q4,Pre-Seed,0.7,6.22,6.92,6.0,Northzone,Venture Capital,3,E-Commerce,Switzerland,Europe,Geneva,INV0047
R02121,S01319,HubSense,2025-12-07,2025,Q4,Seed,2.39,9.13,11.52,18.8,Union Square Ventures,Venture Capital,4,E-Commerce,Switzerland,Europe,Geneva,INV0039
R02122,S01320,NovaSpace,2020-12-21,2020,Q4,Seed,1.08,4.27,5.35,18.6,500 Global,Private Equity,8,Fintech,Singapore,Asia,Singapore,INV0023
R02123,S01320,NovaSpace,2023-07-24,2023,Q3,Series A,7.43,32.49,39.92,27.8,Accel India,Venture Capital,4,Fintech,Singapore,Asia,Singapore,INV0073
R02124,S01321,TideDynamics,2020-10-15,2020,Q4,Pre-Seed,0.58,2.48,3.06,5.1,EQT Ventures,Corporate VC,3,Logistics & Supply Chain,United States,North America,Miami,INV0030
R02125,S01322,AlphaFlow,2024-01-16,2024,Q1,Seed,2.83,28.0,30.83,17.1,Intel Capital,Venture Capital,2,Artificial Intelligence,United States,North America,San Francisco,INV0056
R02126,S01323,Velofy,2020-02-12,2020,Q1,Seed,1.16,7.48,8.64,23.0,Partech,Angel Investor,2,Web3 / Blockchain,Singapore,Asia,Singapore,INV0046
R02127,S01323,Velofy,2025-03-28,2025,Q1,Series B,79.31,816.96,896.27,15.5,B Capital Group,Venture Capital,3,Web3 / Blockchain,Singapore,Asia,Singapore,INV0048
R02128,S01324,XenoEnergy,2023-07-18,2023,Q3,Pre-Seed,0.37,3.44,3.81,12.4,Andreessen Horowitz (a16z),Accelerator,3,E-Commerce,United States,North America,Chicago,INV0002
R02129,S01324,XenoEnergy,2020-09-07,2020,Q3,Seed,1.86,10.72,12.58,22.8,Tiger Global,Family Office,6,E-Commerce,United States,North America,Chicago,INV0003
R02130,S01325,CyberStack,2022-05-05,2022,Q2,Pre-Seed,0.55,4.02,4.57,14.5,Nexus Venture Partners,Private Equity,4,Gaming & Entertainment,Nigeria,Africa,Lagos,INV0072
R02131,S01325,CyberStack,2021-06-18,2021,Q2,Seed,1.21,3.78,4.99,17.1,Mitsubishi UFJ Capital,Private Equity,6,Gaming & Entertainment,Nigeria,Africa,Lagos,INV0064
R02132,S01325,CyberStack,2020-01-16,2020,Q1,Series A,5.62,65.45,71.07,25.7,Redpoint Ventures,Corporate VC,2,Gaming & Entertainment,Nigeria,Africa,Lagos,INV0038
R02133,S01326,AlphaWare,2024-07-03,2024,Q3,Pre-Seed,1.02,7.81,8.83,8.9,Elevation Capital,Angel Investor,6,Gaming & Entertainment,United States,North America,San Francisco,INV0036
R02134,S01326,AlphaWare,2024-09-03,2024,Q3,Seed,1.61,15.01,16.62,23.8,Intel Capital,Corporate VC,3,Gaming & Entertainment,United States,North America,San Francisco,INV0056
R02135,S01327,PixelLink,2022-03-09,2022,Q1,Seed,1.24,6.03,7.27,21.9,Khosla Ventures,Angel Investor,5,Artificial Intelligence,United States,North America,Los Angeles,INV0012
R02136,S01328,HubNet,2023-04-26,2023,Q2,Pre-Seed,0.25,1.97,2.22,7.2,Headline,Venture Capital,5,Climate Tech / Clean Energy,United States,North America,Denver,INV0045
R02137,S01328,HubNet,2025-05-17,2025,Q2,Series A,12.37,64.7,77.07,21.9,TLcom Capital,Angel Investor,7,Climate Tech / Clean Energy,United States,North America,Denver,INV0068
R02138,S01329,Gridio,2022-12-12,2022,Q4,Pre-Seed,0.21,1.4,1.61,5.0,Samsung Ventures,Private Equity,3,Climate Tech / Clean Energy,United States,North America,Miami,INV0055
R02139,S01329,Gridio,2023-06-14,2023,Q2,Seed,0.56,3.95,4.51,19.6,EQT Ventures,Corporate VC,5,Climate Tech / Clean Energy,United States,North America,Miami,INV0030
R02140,S01330,AlphaSense,2025-08-11,2025,Q3,Seed,1.5,7.71,9.21,24.1,Microsoft M12,Corporate VC,3,E-Commerce,China,Asia,Guangzhou,INV0057
R02141,S01331,QuantumX,2024-09-26,2024,Q3,Seed,0.65,4.95,5.6,12.8,Intel Capital,Corporate VC,7,Food & AgriTech,India,Asia,Hyderabad,INV0056
R02142,S01332,OrionAnalytics,2023-04-29,2023,Q2,Seed,2.63,25.85,28.48,22.1,IVP,Private Equity,4,Food & AgriTech,Argentina,South America,Buenos Aires,INV0034
R02143,S01332,OrionAnalytics,2025-05-13,2025,Q2,Series B,67.75,634.19,701.94,27.9,Partech,Family Office,5,Food & AgriTech,Argentina,South America,Buenos Aires,INV0046
R02144,S01332,OrionAnalytics,2023-07-04,2023,Q3,Series C,33.87,108.98,142.85,12.9,Redpoint Ventures,Venture Capital,7,Food & AgriTech,Argentina,South America,Buenos Aires,INV0038
R02145,S01333,Orionly,2021-04-04,2021,Q2,Pre-Seed,0.46,4.3,4.76,13.2,NEA,Private Equity,2,Legal Tech,United States,North America,San Francisco,INV0020
R02146,S01333,Orionly,2022-04-29,2022,Q2,Seed,0.8,3.77,4.57,16.5,General Catalyst,Venture Capital,3,Legal Tech,United States,North America,San Francisco,INV0009
R02147,S01334,TerraBeam,2021-09-20,2021,Q3,Seed,1.85,7.95,9.8,19.1,LocalGlobe,Venture Capital,3,Artificial Intelligence,Poland,Europe,Warsaw,INV0042
R02148,S01335,PixelMind,2025-09-13,2025,Q3,Seed,3.39,22.5,25.89,13.5,GIC,Private Equity,1,Fintech,Poland,Europe,Kraków,INV0050
R02149,S01336,MetaTech,2022-09-05,2022,Q3,Seed,2.35,7.35,9.7,11.6,TLcom Capital,Venture Capital,2,SaaS / Enterprise Software,United States,North America,San Francisco,INV0068
R02150,S01336,MetaTech,2024-05-30,2024,Q2,Series B,26.61,299.43,326.04,19.9,Amazon Alexa Fund,Venture Capital,5,SaaS / Enterprise Software,United States,North America,San Francisco,INV0061
R02151,S01337,DataBeam,2022-09-12,2022,Q3,Pre-Seed,0.12,0.45,0.57,14.3,Benchmark,Government/Sovereign Fund,1,Food & AgriTech,India,Asia,Mumbai,INV0008
R02152,S01337,DataBeam,2025-03-13,2025,Q1,Series A,12.54,134.21,146.75,26.8,NEA,Private Equity,6,Food & AgriTech,India,Asia,Mumbai,INV0020
R02153,S01337,DataBeam,2024-01-11,2024,Q1,Series B,29.32,175.41,204.73,16.7,Plug and Play,Private Equity,1,Food & AgriTech,India,Asia,Mumbai,INV0026
R02154,S01338,Kiteio,2023-04-02,2023,Q2,Pre-Seed,0.4,1.76,2.16,13.2,Abu Dhabi Investment Authority,Venture Capital,6,Artificial Intelligence,Canada,North America,Toronto,INV0051
R02155,S01338,Kiteio,2022-10-31,2022,Q4,Series A,8.05,62.27,70.32,19.5,EQT Ventures,Corporate VC,4,Artificial Intelligence,Canada,North America,Toronto,INV0030
R02156,S01338,Kiteio,2024-01-02,2024,Q1,Series B,21.81,237.32,259.13,23.1,Redpoint Ventures,Venture Capital,1,Artificial Intelligence,Canada,North America,Toronto,INV0038
R02157,S01339,EdgePlatform,2020-06-16,2020,Q2,Seed,1.51,12.29,13.8,19.0,Insight Partners,Venture Capital,3,Legal Tech,United States,North America,Miami,INV0010
R02158,S01339,EdgePlatform,2022-10-09,2022,Q4,Series B,10.31,99.92,110.23,23.2,Matrix Partners,Corporate VC,5,Legal Tech,United States,North America,Miami,INV0022
R02159,S01340,Edgeio,2020-02-26,2020,Q1,Seed,2.88,15.83,18.71,16.7,Draper Associates,Corporate VC,7,SaaS / Enterprise Software,United States,North America,Miami,INV0041
R02160,S01340,Edgeio,2022-12-04,2022,Q4,Series A,12.96,105.61,118.57,29.1,Northzone,Accelerator,4,SaaS / Enterprise Software,United States,North America,Miami,INV0047
R02161,S01341,RapidCore,2024-09-26,2024,Q3,Pre-Seed,0.78,6.05,6.83,5.3,Insight Partners,Venture Capital,4,Climate Tech / Clean Energy,India,Asia,Pune,INV0010
R02162,S01342,SwiftWare,2021-02-24,2021,Q1,Seed,4.71,18.4,23.11,13.7,Elevation Capital,Accelerator,6,Artificial Intelligence,United States,North America,San Diego,INV0036
R02163,S01343,CruxX,2023-11-20,2023,Q4,Seed,0.57,2.23,2.8,18.1,EQT Ventures,Accelerator,3,Cybersecurity,Nigeria,Africa,Lagos,INV0030
R02164,S01344,JetAnalytics,2024-01-23,2024,Q1,Seed,2.22,11.46,13.68,23.7,Northzone,Private Equity,1,Artificial Intelligence,India,Asia,Chennai,INV0047
R02165,S01345,EdgeLink,2021-09-07,2021,Q3,Seed,7.5,69.82,77.32,14.3,Tiger Global,Venture Capital,4,Climate Tech / Clean Energy,China,Asia,Beijing,INV0003
R02166,S01346,ForgeHealth,2022-10-29,2022,Q4,Pre-Seed,1.12,4.13,5.25,10.9,First Round Capital,Family Office,7,E-Commerce,India,Asia,Mumbai,INV0040
R02167,S01347,KiteWorks,2021-01-26,2021,Q1,Seed,1.07,7.82,8.89,20.1,Rakuten Capital,Venture Capital,5,Gaming & Entertainment,United States,North America,San Francisco,INV0063
R02168,S01347,KiteWorks,2024-01-05,2024,Q1,Series A,7.56,62.77,70.33,16.7,Antler,Venture Capital,2,Gaming & Entertainment,United States,North America,San Francisco,INV0027
R02169,S01347,KiteWorks,2021-01-08,2021,Q1,Series C,66.59,494.34,560.93,14.0,Ribbit Capital,Angel Investor,8,Gaming & Entertainment,United States,North America,San Francisco,INV0016
R02170,S01348,GridFlow,2025-04-29,2025,Q2,Pre-Seed,1.87,18.7,20.57,7.7,SOSV,Corporate VC,2,SaaS / Enterprise Software,United Kingdom,Europe,London,INV0025
R02171,S01349,NeoBeam,2024-04-24,2024,Q2,Pre-Seed,1.44,11.57,13.01,10.8,Lightspeed Venture Partners,Corporate VC,2,SaaS / Enterprise Software,Brazil,South America,São Paulo,INV0006
R02172,S01350,Ultrafy,2021-02-13,2021,Q1,Seed,2.84,24.89,27.73,22.4,Saudi Aramco Ventures,Private Equity,6,Fintech,United States,North America,Miami,INV0052
R02173,S01350,Ultrafy,2023-02-18,2023,Q1,Series B,59.79,340.79,400.58,16.1,Cherry Ventures,Venture Capital,7,Fintech,United States,North America,Miami,INV0043
R02174,S01351,Quarkverse,2020-12-25,2020,Q4,Pre-Seed,0.52,2.73,3.25,14.5,Redpoint Ventures,Corporate VC,3,Web3 / Blockchain,India,Asia,Chennai,INV0038
R02175,S01351,Quarkverse,2025-01-10,2025,Q1,Seed,3.59,23.17,26.76,11.0,Peak XV Partners (fka Sequoia India),Crowdfunding,2,Web3 / Blockchain,India,Asia,Chennai,INV0021
R02176,S01352,EdgeEnergy,2021-09-27,2021,Q3,Seed,2.48,13.23,15.71,22.7,Plug and Play,Venture Capital,8,E-Commerce,Israel,Middle East,Jerusalem,INV0026
R02177,S01353,Quarkfy,2021-02-27,2021,Q1,Pre-Seed,0.89,7.49,8.38,7.4,Andreessen Horowitz (a16z),Angel Investor,4,E-Commerce,United States,North America,Austin,INV0002
R02178,S01354,SageFlow,2021-07-27,2021,Q3,Pre-Seed,0.51,1.77,2.28,14.1,EQT Ventures,Corporate VC,5,Healthcare & Biotech,South Korea,Asia,Seoul,INV0030
R02179,S01355,SwiftLabs,2023-01-21,2023,Q1,Seed,2.19,20.69,22.88,16.1,Point Nine Capital,Government/Sovereign Fund,7,SaaS / Enterprise Software,United States,North America,San Francisco,INV0044
R02180,S01356,MetaSecurity,2021-01-28,2021,Q1,Pre-Seed,0.49,4.65,5.14,10.7,Samsung Ventures,Private Equity,5,Edtech,United States,North America,Boston,INV0055
R02181,S01356,MetaSecurity,2026-01-03,2026,Q1,Series A,30.39,304.54,334.93,20.6,Partech Africa,Venture Capital,1,Edtech,United States,North America,Boston,INV0069
R02182,S01357,QuantumCore,2025-11-06,2025,Q4,Pre-Seed,1.06,6.77,7.83,11.4,Samsung Ventures,Government/Sovereign Fund,3,Edtech,United Kingdom,Europe,Bristol,INV0055
R02183,S01358,OrionBase,2026-01-26,2026,Q1,Pre-Seed,1.08,7.71,8.79,7.0,Matrix Partners,Corporate VC,1,E-Commerce,Argentina,South America,Buenos Aires,INV0022
R02184,S01358,OrionBase,2022-11-02,2022,Q4,Seed,1.66,14.18,15.84,12.4,Redpoint Ventures,Angel Investor,2,E-Commerce,Argentina,South America,Buenos Aires,INV0038
R02185,S01359,EdgeFinance,2023-03-18,2023,Q1,Seed,1.91,15.98,17.89,11.2,Salesforce Ventures,Venture Capital,8,Healthcare & Biotech,United States,North America,Seattle,INV0058
R02186,S01359,EdgeFinance,2020-02-05,2020,Q1,Series B,27.73,114.05,141.78,16.9,Samsung Ventures,Crowdfunding,3,Healthcare & Biotech,United States,North America,Seattle,INV0055
R02187,S01359,EdgeFinance,2021-06-25,2021,Q2,Series D,126.19,417.1,543.29,20.5,500 Global,Government/Sovereign Fund,2,Healthcare & Biotech,United States,North America,Seattle,INV0023
R02188,S01360,CruxPlatform,2020-10-30,2020,Q4,Seed,2.94,24.71,27.65,17.9,Tiger Global,Corporate VC,1,Fintech,United States,North America,Miami,INV0003
R02189,S01360,CruxPlatform,2025-11-03,2025,Q4,Series B,26.51,228.25,254.76,16.8,Insight Partners,Angel Investor,3,Fintech,United States,North America,Miami,INV0010
R02190,S01360,CruxPlatform,2021-03-05,2021,Q1,Series C,71.59,451.26,522.85,17.7,Battery Ventures,Venture Capital,1,Fintech,United States,North America,Miami,INV0019
R02191,S01361,ZenoEnergy,2020-06-28,2020,Q2,Seed,0.81,7.92,8.73,11.6,GIC,Private Equity,4,Logistics & Supply Chain,South Africa,Africa,Johannesburg,INV0050
R02192,S01362,CruxAnalytics,2020-11-09,2020,Q4,Seed,1.94,13.3,15.24,17.4,Tencent,Angel Investor,1,Fintech,United States,North America,San Diego,INV0053
R02193,S01362,CruxAnalytics,2023-07-16,2023,Q3,Series B,31.48,356.23,387.71,23.1,Kingsway Capital,Angel Investor,3,Fintech,United States,North America,San Diego,INV0067
R02194,S01363,ArcSystems,2023-01-25,2023,Q1,Seed,2.17,12.48,14.65,17.7,Redpoint Ventures,Family Office,1,Artificial Intelligence,Indonesia,Asia,Surabaya,INV0038
R02195,S01364,QuantumSpace,2021-09-07,2021,Q3,Seed,1.6,9.63,11.23,12.7,First Round Capital,Venture Capital,6,Healthcare & Biotech,Australia,Oceania,Melbourne,INV0040
R02196,S01364,QuantumSpace,2020-06-08,2020,Q2,Series B,31.2,222.28,253.48,23.9,Northzone,Venture Capital,4,Healthcare & Biotech,Australia,Oceania,Melbourne,INV0047
R02197,S01365,NovaBase,2024-03-06,2024,Q1,Seed,3.18,10.2,13.38,10.6,First Round Capital,Corporate VC,6,E-Commerce,Egypt,Africa,Cairo,INV0040
R02198,S01366,OnyxWorks,2022-05-14,2022,Q2,Seed,1.25,12.3,13.55,24.1,Temasek,Government/Sovereign Fund,7,Healthcare & Biotech,South Africa,Africa,Cape Town,INV0049
R02199,S01367,MetaSpace,2022-05-08,2022,Q2,Pre-Seed,0.5,4.26,4.76,6.3,IVP,Government/Sovereign Fund,1,SaaS / Enterprise Software,Canada,North America,Vancouver,INV0034
R02200,S01368,Boltfy,2023-08-28,2023,Q3,Pre-Seed,0.46,4.59,5.05,14.8,Redpoint Ventures,Corporate VC,4,SaaS / Enterprise Software,Estonia,Europe,Tallinn,INV0038
R02201,S01369,NeoFlow,2020-08-28,2020,Q3,Pre-Seed,1.14,11.01,12.15,14.2,GV (Google Ventures),Government/Sovereign Fund,5,Healthcare & Biotech,India,Asia,Pune,INV0011
R02202,S01369,NeoFlow,2022-01-23,2022,Q1,Series A,12.38,132.55,144.93,26.8,Tiger Global,Angel Investor,6,Healthcare & Biotech,India,Asia,Pune,INV0003
R02203,S01370,Cloudio,2023-11-19,2023,Q4,Seed,2.38,16.32,18.7,16.0,Matrix Partners,Corporate VC,3,Artificial Intelligence,Saudi Arabia,Middle East,Jeddah,INV0022
R02204,S01370,Cloudio,2020-06-19,2020,Q2,Series B,12.72,83.41,96.13,28.4,Sapphire Ventures,Venture Capital,3,Artificial Intelligence,Saudi Arabia,Middle East,Jeddah,INV0035
R02205,S01370,Cloudio,2024-08-09,2024,Q3,Series C,96.33,710.22,806.55,22.7,SoftBank Vision Fund,Venture Capital,6,Artificial Intelligence,Saudi Arabia,Middle East,Jeddah,INV0005
R02206,S01371,HubLabs,2023-09-20,2023,Q3,Seed,2.38,23.2,25.58,16.1,Peak XV Partners (fka Sequoia India),Accelerator,2,Artificial Intelligence,China,Asia,Guangzhou,INV0021
R02207,S01372,QuarkHub,2023-10-31,2023,Q4,Pre-Seed,0.21,1.93,2.14,14.9,Benchmark,Private Equity,2,Fintech,Israel,Middle East,Haifa,INV0008
R02208,S01372,QuarkHub,2024-02-29,2024,Q1,Series A,29.26,316.68,345.94,27.1,First Round Capital,Corporate VC,2,Fintech,Israel,Middle East,Haifa,INV0040
R02209,S01373,Ultraverse,2020-12-16,2020,Q4,Seed,1.85,13.21,15.06,12.3,Temasek,Corporate VC,5,Fintech,United States,North America,Boston,INV0049
R02210,S01374,PixelSecurity,2021-12-06,2021,Q4,Seed,1.46,7.68,9.14,17.5,General Catalyst,Family Office,3,Artificial Intelligence,United States,North America,Boston,INV0009
R02211,S01375,OnyxDynamics,2022-10-05,2022,Q4,Seed,2.4,20.88,23.28,19.2,Antler,Family Office,2,Artificial Intelligence,India,Asia,Bangalore,INV0027
R02212,S01376,LumeNet,2021-06-21,2021,Q2,Pre-Seed,0.35,1.76,2.11,12.0,Benchmark,Government/Sovereign Fund,1,SaaS / Enterprise Software,United States,North America,Austin,INV0008
R02213,S01377,PulseRobotics,2022-03-20,2022,Q1,Pre-Seed,0.47,1.81,2.28,10.1,Plug and Play,Venture Capital,4,Gaming & Entertainment,India,Asia,Bangalore,INV0026
R02214,S01378,NovaWare,2024-12-11,2024,Q4,Pre-Seed,0.34,2.47,2.81,12.6,Union Square Ventures,Accelerator,5,Cybersecurity,France,Europe,Paris,INV0039
R02215,S01379,HyperAI,2024-04-14,2024,Q2,Pre-Seed,0.17,1.34,1.51,12.9,BlueYard Capital,Venture Capital,6,Real Estate Tech,United States,North America,San Francisco,INV0029
R02216,S01380,SwiftFlow,2020-12-29,2020,Q4,Pre-Seed,0.18,0.63,0.81,7.1,Partech,Corporate VC,4,Fintech,India,Asia,Delhi NCR,INV0046
R02217,S01380,SwiftFlow,2025-08-11,2025,Q3,Seed,1.21,11.05,12.26,13.4,Microsoft M12,Venture Capital,2,Fintech,India,Asia,Delhi NCR,INV0057
R02218,S01381,Runeio,2022-10-31,2022,Q4,Seed,1.62,15.8,17.42,12.7,Union Square Ventures,Accelerator,8,Healthcare & Biotech,Kenya,Africa,Nairobi,INV0039
R02219,S01381,Runeio,2023-12-02,2023,Q4,Series B,50.45,329.19,379.64,25.0,Antler,Venture Capital,3,Healthcare & Biotech,Kenya,Africa,Nairobi,INV0027
R02220,S01381,Runeio,2025-06-15,2025,Q2,Series D,280.05,1085.48,1365.53,23.4,Accel India,Private Equity,3,Healthcare & Biotech,Kenya,Africa,Nairobi,INV0073
R02221,S01382,RuneStack,2022-05-03,2022,Q2,Seed,1.79,5.67,7.46,23.7,Y Combinator,Venture Capital,6,Web3 / Blockchain,United Kingdom,Europe,Manchester,INV0007
R02222,S01382,RuneStack,2022-08-03,2022,Q3,Series A,4.22,46.87,51.09,24.8,Salesforce Ventures,Government/Sovereign Fund,1,Web3 / Blockchain,United Kingdom,Europe,Manchester,INV0058
R02223,S01382,RuneStack,2022-03-07,2022,Q1,Series C,206.87,1561.14,1768.01,12.8,NVIDIA NVentures,Private Equity,3,Web3 / Blockchain,United Kingdom,Europe,Manchester,INV0060
R02224,S01383,BetaSecurity,2021-02-02,2021,Q1,Seed,2.1,16.42,18.52,13.7,First Round Capital,Angel Investor,5,Gaming & Entertainment,Germany,Europe,Berlin,INV0040
R02225,S01383,BetaSecurity,2025-08-24,2025,Q3,Series A,11.15,133.24,144.39,17.5,Khosla Ventures,Corporate VC,1,Gaming & Entertainment,Germany,Europe,Berlin,INV0012
R02226,S01383,BetaSecurity,2023-03-13,2023,Q1,Series C,128.06,434.0,562.06,23.4,First Round Capital,Angel Investor,2,Gaming & Entertainment,Germany,Europe,Berlin,INV0040
R02227,S01384,FluxPay,2025-08-06,2025,Q3,Seed,2.36,14.3,16.66,16.8,GIC,Family Office,7,Healthcare & Biotech,Japan,Asia,Tokyo,INV0050
R02228,S01385,ProtoSystems,2020-03-03,2020,Q1,Pre-Seed,0.32,2.16,2.48,13.7,Y Combinator,Venture Capital,3,Healthcare & Biotech,United States,North America,Los Angeles,INV0007
R02229,S01386,XenoLink,2024-04-15,2024,Q2,Seed,0.69,4.79,5.48,23.0,Saudi Aramco Ventures,Accelerator,8,Fintech,China,Asia,Shenzhen,INV0052
R02230,S01387,ZenFlow,2020-10-11,2020,Q4,Pre-Seed,0.82,4.89,5.71,13.0,DST Global,Accelerator,2,Healthcare & Biotech,France,Europe,Lyon,INV0033
R02231,S01388,XenoBio,2025-11-07,2025,Q4,Pre-Seed,0.45,3.46,3.91,7.4,Bessemer Venture Partners,Private Equity,3,E-Commerce,Poland,Europe,Kraków,INV0013
R02232,S01388,XenoBio,2025-08-23,2025,Q3,Series A,13.04,53.59,66.63,19.9,Samsung Ventures,Venture Capital,10,E-Commerce,Poland,Europe,Kraków,INV0055
R02233,S01388,XenoBio,2021-06-20,2021,Q2,Series C,30.0,208.02,238.02,13.5,IVP,Corporate VC,5,E-Commerce,Poland,Europe,Kraków,INV0034
R02234,S01389,VeloPay,2023-04-20,2023,Q2,Seed,2.12,9.55,11.67,23.4,Techstars,Angel Investor,3,Insurtech,France,Europe,Paris,INV0024
R02235,S01390,QuantumLink,2020-03-25,2020,Q1,Seed,0.5,3.79,4.29,10.4,Coatue Management,Crowdfunding,4,SaaS / Enterprise Software,United Kingdom,Europe,London,INV0017
R02236,S01391,Betaverse,2024-02-04,2024,Q1,Seed,3.22,18.2,21.42,12.1,Amazon Alexa Fund,Venture Capital,1,Climate Tech / Clean Energy,United States,North America,Miami,INV0061
R02237,S01391,Betaverse,2025-07-28,2025,Q3,Series A,19.5,174.17,193.67,29.5,Amazon Alexa Fund,Venture Capital,2,Climate Tech / Clean Energy,United States,North America,Miami,INV0061
R02238,S01392,VertexLogic,2022-04-01,2022,Q2,Seed,3.22,28.53,31.75,24.6,Plug and Play,Venture Capital,2,Artificial Intelligence,United States,North America,Boston,INV0026
R02239,S01393,EchoLink,2022-12-23,2022,Q4,Pre-Seed,1.04,4.61,5.65,8.8,Sequoia Capital,Venture Capital,2,Robotics & Automation,Canada,North America,Montreal,INV0001
R02240,S01393,EchoLink,2024-01-09,2024,Q1,Seed,3.49,25.29,28.78,10.6,NVIDIA NVentures,Private Equity,1,Robotics & Automation,Canada,North America,Montreal,INV0060
R02241,S01393,EchoLink,2020-09-17,2020,Q3,Series B,74.19,839.83,914.02,29.8,Blume Ventures,Venture Capital,3,Robotics & Automation,Canada,North America,Montreal,INV0071
R02242,S01394,ForgeMind,2020-11-29,2020,Q4,Pre-Seed,0.23,1.03,1.26,12.9,Sapphire Ventures,Government/Sovereign Fund,3,Artificial Intelligence,United States,North America,Denver,INV0035
R02243,S01394,ForgeMind,2022-10-19,2022,Q4,Series A,6.35,69.68,76.03,20.6,Atomico,Venture Capital,1,Artificial Intelligence,United States,North America,Denver,INV0032
R02244,S01394,ForgeMind,2025-10-31,2025,Q4,Series C,60.85,414.3,475.15,8.5,Point Nine Capital,Venture Capital,6,Artificial Intelligence,United States,North America,Denver,INV0044
R02245,S01395,DataForge,2025-03-17,2025,Q1,Pre-Seed,0.83,4.28,5.11,13.7,Plug and Play,Venture Capital,3,Artificial Intelligence,United States,North America,San Diego,INV0026
R02246,S01395,DataForge,2020-12-09,2020,Q4,Seed,2.22,7.29,9.51,16.1,Insight Partners,Venture Capital,9,Artificial Intelligence,United States,North America,San Diego,INV0010
R02247,S01395,DataForge,2025-07-07,2025,Q3,Series B,66.31,524.75,591.06,20.7,Sequoia Capital,Angel Investor,3,Artificial Intelligence,United States,North America,San Diego,INV0001
R02248,S01396,HyperNet,2020-01-14,2020,Q1,Pre-Seed,0.23,1.96,2.19,7.2,Northzone,Corporate VC,7,E-Commerce,Poland,Europe,Warsaw,INV0047
R02249,S01397,DawnSense,2021-07-01,2021,Q3,Pre-Seed,0.3,2.38,2.68,6.2,Sapphire Ventures,Government/Sovereign Fund,3,Food & AgriTech,United Kingdom,Europe,Bristol,INV0035
R02250,S01398,Ionverse,2020-04-09,2020,Q2,Seed,6.56,55.4,61.96,18.5,Battery Ventures,Crowdfunding,2,Artificial Intelligence,Nigeria,Africa,Nairobi,INV0019
R02251,S01398,Ionverse,2020-09-23,2020,Q3,Series A,18.71,178.7,197.41,22.1,Partech Africa,Family Office,3,Artificial Intelligence,Nigeria,Africa,Nairobi,INV0069
R02252,S01398,Ionverse,2020-02-21,2020,Q1,Series B,14.52,147.25,161.77,28.4,Atomico,Venture Capital,7,Artificial Intelligence,Nigeria,Africa,Nairobi,INV0032
R02253,S01399,SageRobotics,2022-02-15,2022,Q1,Seed,2.01,12.47,14.48,18.4,Norwest Venture Partners,Corporate VC,5,Healthcare & Biotech,India,Asia,Mumbai,INV0037
R02254,S01399,SageRobotics,2023-08-11,2023,Q3,Series B,19.16,165.94,185.1,19.3,Matrix Partners,Venture Capital,2,Healthcare & Biotech,India,Asia,Mumbai,INV0022
R02255,S01400,RunePay,2020-11-20,2020,Q4,Pre-Seed,0.32,1.8,2.12,11.0,Tiger Global,Angel Investor,3,HR Tech,Brazil,South America,Belo Horizonte,INV0003
R02256,S01401,EchoBase,2020-04-15,2020,Q2,Seed,1.21,9.65,10.86,16.4,Tiger Global,Venture Capital,4,E-Commerce,United States,North America,San Diego,INV0003
R02257,S01401,EchoBase,2021-06-16,2021,Q2,Series B,16.59,72.43,89.02,24.4,Alibaba Group,Corporate VC,5,E-Commerce,United States,North America,San Diego,INV0054
R02258,S01402,Betafy,2024-02-16,2024,Q1,Pre-Seed,0.4,1.36,1.76,10.3,Atomico,Venture Capital,7,Fintech,India,Asia,Delhi NCR,INV0032
R02259,S01403,EdgePay,2025-06-10,2025,Q2,Pre-Seed,1.03,4.53,5.56,8.0,NVIDIA NVentures,Angel Investor,5,Artificial Intelligence,United Kingdom,Europe,London,INV0060
R02260,S01403,EdgePay,2020-05-26,2020,Q2,Seed,5.47,46.58,52.05,10.5,Battery Ventures,Venture Capital,1,Artificial Intelligence,United Kingdom,Europe,London,INV0019
R02261,S01404,NovaLabs,2021-07-06,2021,Q3,Pre-Seed,0.47,4.21,4.68,10.4,Index Ventures,Venture Capital,3,Fintech,India,Asia,Mumbai,INV0015
R02262,S01404,NovaLabs,2022-01-01,2022,Q1,Seed,1.48,11.31,12.79,10.2,Samsung Ventures,Angel Investor,5,Fintech,India,Asia,Mumbai,INV0055
R02263,S01405,CloudMind,2020-02-08,2020,Q1,Seed,2.87,10.38,13.25,11.2,Salesforce Ventures,Venture Capital,3,Artificial Intelligence,Nigeria,Africa,Lagos,INV0058
R02264,S01405,CloudMind,2025-06-14,2025,Q2,Series A,4.67,41.75,46.42,24.8,Nexus Venture Partners,Family Office,3,Artificial Intelligence,Nigeria,Africa,Lagos,INV0072
R02265,S01406,TideX,2022-02-09,2022,Q1,Pre-Seed,0.15,1.26,1.41,12.5,Partech Africa,Angel Investor,7,Climate Tech / Clean Energy,United States,North America,San Francisco,INV0069
R02266,S01406,TideX,2024-12-27,2024,Q4,Seed,5.69,19.28,24.97,21.6,Atomico,Corporate VC,6,Climate Tech / Clean Energy,United States,North America,San Francisco,INV0032
R02267,S01407,Dawnly,2025-08-25,2025,Q3,Seed,2.47,19.19,21.66,24.2,Point Nine Capital,Family Office,1,HR Tech,Brazil,South America,São Paulo,INV0044
R02268,S01408,TerraForge,2025-11-13,2025,Q4,Pre-Seed,0.59,5.38,5.97,14.0,Andreessen Horowitz (a16z),Venture Capital,4,Artificial Intelligence,United States,North America,San Francisco,INV0002
R02269,S01408,TerraForge,2020-06-13,2020,Q2,Seed,6.77,25.94,32.71,23.4,Y Combinator,Venture Capital,3,Artificial Intelligence,United States,North America,San Francisco,INV0007
R02270,S01409,Ionly,2021-10-08,2021,Q4,Seed,2.35,7.28,9.63,18.0,GIC,Accelerator,5,Gaming & Entertainment,Mexico,South America,Monterrey,INV0050
R02271,S01410,XenoPlatform,2024-10-02,2024,Q4,Pre-Seed,0.57,5.56,6.13,13.6,Coatue Management,Venture Capital,5,Artificial Intelligence,Sweden,Europe,Gothenburg,INV0017
R02272,S01411,NovaPay,2025-12-08,2025,Q4,Pre-Seed,0.34,1.15,1.49,6.4,NVIDIA NVentures,Venture Capital,1,Robotics & Automation,United Kingdom,Europe,London,INV0060
R02273,S01412,UltraForge,2020-11-08,2020,Q4,Pre-Seed,0.57,2.39,2.96,14.7,Temasek,Private Equity,2,Climate Tech / Clean Energy,United States,North America,Seattle,INV0049
R02274,S01413,Zenoio,2021-01-21,2021,Q1,Pre-Seed,0.88,4.69,5.57,8.5,SoftBank Vision Fund,Angel Investor,6,Travel Tech,France,Europe,Toulouse,INV0005
R02275,S01414,Tidefy,2023-02-07,2023,Q1,Pre-Seed,1.57,12.9,14.47,7.3,Headline,Venture Capital,6,Healthcare & Biotech,Australia,Oceania,Sydney,INV0045
R02276,S01415,XenoForge,2021-12-13,2021,Q4,Pre-Seed,1.53,15.11,16.64,10.0,Alibaba Group,Family Office,2,Logistics & Supply Chain,Israel,Middle East,Jerusalem,INV0054
R02277,S01416,JetCloud,2026-01-26,2026,Q1,Seed,2.58,8.28,10.86,22.9,Point Nine Capital,Corporate VC,10,Fintech,India,Asia,Mumbai,INV0044
R02278,S01417,RapidSecurity,2025-10-31,2025,Q4,Seed,2.69,22.15,24.84,20.4,Mitsubishi UFJ Capital,Private Equity,3,Artificial Intelligence,United States,North America,Chicago,INV0064
R02279,S01418,IonWorks,2020-08-16,2020,Q3,Pre-Seed,0.75,5.47,6.22,11.7,Matrix Partners,Venture Capital,1,Edtech,South Africa,Africa,Cape Town,INV0022
R02280,S01419,GridPay,2023-08-10,2023,Q3,Seed,1.0,5.35,6.35,14.2,Peak XV Partners (fka Sequoia India),Angel Investor,1,Artificial Intelligence,Turkey,Europe,Istanbul,INV0021
R02281,S01420,DataDynamics,2023-06-02,2023,Q2,Pre-Seed,0.86,6.93,7.79,6.2,Abu Dhabi Investment Authority,Venture Capital,1,Climate Tech / Clean Energy,Germany,Europe,Hamburg,INV0051
R02282,S01420,DataDynamics,2024-01-13,2024,Q1,Series A,6.83,75.78,82.61,15.3,Northzone,Venture Capital,3,Climate Tech / Clean Energy,Germany,Europe,Hamburg,INV0047
R02283,S01420,DataDynamics,2021-03-11,2021,Q1,Series C,90.07,429.82,519.89,20.8,Intel Capital,Family Office,4,Climate Tech / Clean Energy,Germany,Europe,Hamburg,INV0056
R02284,S01421,PulseCloud,2021-05-06,2021,Q2,Pre-Seed,0.62,2.78,3.4,13.3,Samsung Ventures,Venture Capital,5,Gaming & Entertainment,India,Asia,Bangalore,INV0055
R02285,S01422,Coreio,2023-09-14,2023,Q3,Seed,1.84,8.68,10.52,16.3,Y Combinator,Angel Investor,1,Healthcare & Biotech,United States,North America,New York,INV0007
R02286,S01423,AlphaBase,2025-07-06,2025,Q3,Seed,1.97,6.07,8.04,18.6,Index Ventures,Government/Sovereign Fund,2,Robotics & Automation,United Kingdom,Europe,Manchester,INV0015
R02287,S01423,AlphaBase,2021-06-09,2021,Q2,Series A,21.21,142.75,163.96,23.6,Antler,Venture Capital,2,Robotics & Automation,United Kingdom,Europe,Manchester,INV0027
R02288,S01424,TerraNet,2025-02-20,2025,Q1,Pre-Seed,0.35,2.61,2.96,7.4,Alibaba Group,Venture Capital,5,Artificial Intelligence,Germany,Europe,Berlin,INV0054
R02289,S01425,AlphaLabs,2025-06-29,2025,Q2,Pre-Seed,0.72,4.26,4.98,6.3,Kingsway Capital,Corporate VC,4,Web3 / Blockchain,United Kingdom,Europe,London,INV0067
R02290,S01425,AlphaLabs,2020-12-07,2020,Q4,Seed,2.68,8.73,11.41,20.1,Khosla Ventures,Venture Capital,10,Web3 / Blockchain,United Kingdom,Europe,London,INV0012
R02291,S01425,AlphaLabs,2024-07-26,2024,Q3,Series A,22.72,132.93,155.65,22.5,NVIDIA NVentures,Angel Investor,3,Web3 / Blockchain,United Kingdom,Europe,London,INV0060
R02292,S01426,ProtoTech,2024-05-25,2024,Q2,Pre-Seed,0.97,9.67,10.64,5.5,First Round Capital,Accelerator,4,Artificial Intelligence,India,Asia,Hyderabad,INV0040
R02293,S01427,LumeLink,2020-11-16,2020,Q4,Seed,1.97,18.84,20.81,21.3,Atomico,Government/Sovereign Fund,3,Fintech,Estonia,Europe,Tallinn,INV0032
R02294,S01427,LumeLink,2025-09-12,2025,Q3,Series A,16.35,112.56,128.91,30.0,Abu Dhabi Investment Authority,Family Office,3,Fintech,Estonia,Europe,Tallinn,INV0051
R02295,S01428,ForgeBio,2024-05-18,2024,Q2,Pre-Seed,2.25,8.98,11.23,6.3,NEA,Corporate VC,8,Artificial Intelligence,France,Europe,Lyon,INV0020
R02296,S01428,ForgeBio,2021-10-08,2021,Q4,Seed,1.59,14.33,15.92,17.1,Tiger Global,Venture Capital,2,Artificial Intelligence,France,Europe,Lyon,INV0003
R02297,S01428,ForgeBio,2023-10-23,2023,Q4,Series B,21.47,123.28,144.75,21.1,Amazon Alexa Fund,Accelerator,3,Artificial Intelligence,France,Europe,Lyon,INV0061
R02298,S01429,GridAI,2021-12-11,2021,Q4,Seed,1.12,5.85,6.97,21.5,Greylock Partners,Private Equity,4,Cybersecurity,Germany,Europe,Hamburg,INV0018
R02299,S01430,ApexEnergy,2022-10-30,2022,Q4,Pre-Seed,0.39,3.32,3.71,13.3,Saudi Aramco Ventures,Accelerator,4,Healthcare & Biotech,United States,North America,Denver,INV0052
R02300,S01431,JetSecurity,2020-06-24,2020,Q2,Seed,7.5,51.02,58.52,22.8,Lightspeed Venture Partners,Government/Sovereign Fund,8,Edtech,Brazil,South America,Rio de Janeiro,INV0006
R02301,S01431,JetSecurity,2023-12-30,2023,Q4,Series B,22.62,202.56,225.18,18.4,Y Combinator,Venture Capital,4,Edtech,Brazil,South America,Rio de Janeiro,INV0007
R02302,S01432,IonBio,2025-03-07,2025,Q1,Pre-Seed,0.35,1.95,2.3,6.2,Kingsway Capital,Private Equity,6,Web3 / Blockchain,United Kingdom,Europe,Manchester,INV0067
R02303,S01433,SwiftPay,2023-10-26,2023,Q4,Pre-Seed,0.38,1.47,1.85,10.0,Sapphire Ventures,Venture Capital,4,Healthcare & Biotech,United States,North America,Los Angeles,INV0035
R02304,S01434,IonAI,2022-02-06,2022,Q1,Pre-Seed,1.18,6.33,7.51,7.7,Google Ventures,Angel Investor,4,Climate Tech / Clean Energy,France,Europe,Paris,INV0059
R02305,S01434,IonAI,2025-06-02,2025,Q2,Seed,2.04,17.75,19.79,24.4,Samsung Ventures,Accelerator,2,Climate Tech / Clean Energy,France,Europe,Paris,INV0055
R02306,S01434,IonAI,2024-09-20,2024,Q3,Series A,4.18,38.23,42.41,20.5,Lightspeed Venture Partners,Venture Capital,1,Climate Tech / Clean Energy,France,Europe,Paris,INV0006
R02307,S01435,LumeCloud,2022-10-28,2022,Q4,Pre-Seed,0.8,3.74,4.54,6.0,Sequoia Capital,Venture Capital,1,Artificial Intelligence,Brazil,South America,Rio de Janeiro,INV0001
R02308,S01436,ZenHealth,2020-08-25,2020,Q3,Pre-Seed,0.68,4.5,5.18,14.9,Kingsway Capital,Private Equity,2,Healthcare & Biotech,United States,North America,Los Angeles,INV0067
R02309,S01437,AstraAI,2021-11-10,2021,Q4,Pre-Seed,0.43,2.37,2.8,10.8,Insight Partners,Angel Investor,7,SaaS / Enterprise Software,United States,North America,San Diego,INV0010
R02310,S01437,AstraAI,2020-07-11,2020,Q3,Series A,3.69,42.36,46.05,25.7,NEA,Family Office,2,SaaS / Enterprise Software,United States,North America,San Diego,INV0020
R02311,S01437,AstraAI,2020-04-04,2020,Q2,Series C,84.16,285.44,369.6,11.7,Battery Ventures,Corporate VC,4,SaaS / Enterprise Software,United States,North America,San Diego,INV0019
R02312,S01438,BoltLogic,2023-05-26,2023,Q2,Pre-Seed,0.2,0.7,0.9,9.7,Abu Dhabi Investment Authority,Venture Capital,2,Artificial Intelligence,United States,North America,New York,INV0051
R02313,S01438,BoltLogic,2025-07-30,2025,Q3,Seed,1.31,10.25,11.56,21.5,SoftBank Vision Fund,Venture Capital,3,Artificial Intelligence,United States,North America,New York,INV0005
R02314,S01438,BoltLogic,2023-02-03,2023,Q1,Series A,17.1,79.34,96.44,24.5,Peak XV Partners (fka Sequoia India),Government/Sovereign Fund,2,Artificial Intelligence,United States,North America,New York,INV0021
R02315,S01439,HubCore,2020-07-02,2020,Q3,Pre-Seed,0.93,6.15,7.08,10.4,Norwest Venture Partners,Accelerator,1,Healthcare & Biotech,Canada,North America,Montreal,INV0037
R02316,S01439,HubCore,2023-08-02,2023,Q3,Series A,19.52,179.83,199.35,27.6,Lightspeed Venture Partners,Private Equity,6,Healthcare & Biotech,Canada,North America,Montreal,INV0006
R02317,S01439,HubCore,2020-07-10,2020,Q3,Series B,30.97,185.55,216.52,28.7,NEA,Private Equity,2,Healthcare & Biotech,Canada,North America,Montreal,INV0020
R02318,S01440,AstraSystems,2022-09-10,2022,Q3,Seed,3.37,19.68,23.05,22.4,Plug and Play,Government/Sovereign Fund,6,E-Commerce,India,Asia,Mumbai,INV0026
R02319,S01441,ApexNet,2022-02-10,2022,Q1,Seed,0.81,3.73,4.54,21.7,Ribbit Capital,Venture Capital,5,Climate Tech / Clean Energy,Philippines,Asia,Manila,INV0016
R02320,S01441,ApexNet,2022-07-01,2022,Q3,Series A,4.97,49.69,54.66,20.1,Index Ventures,Venture Capital,4,Climate Tech / Clean Energy,Philippines,Asia,Manila,INV0015
R02321,S01442,ApexBeam,2023-12-15,2023,Q4,Pre-Seed,0.9,7.72,8.62,13.1,Battery Ventures,Corporate VC,10,Artificial Intelligence,Germany,Europe,Hamburg,INV0019
R02322,S01443,EdgeSpace,2025-06-03,2025,Q2,Pre-Seed,0.2,1.7,1.9,11.6,Andreessen Horowitz (a16z),Venture Capital,6,Artificial Intelligence,Saudi Arabia,Middle East,Jeddah,INV0002
R02323,S01444,UltraSpace,2023-06-12,2023,Q2,Seed,1.11,6.18,7.29,19.1,Amazon Alexa Fund,Crowdfunding,2,Legal Tech,China,Asia,Shanghai,INV0061
R02324,S01444,UltraSpace,2020-05-02,2020,Q2,Series B,30.22,348.52,378.74,24.4,NEA,Venture Capital,6,Legal Tech,China,Asia,Shanghai,INV0020
R02325,S01445,XenoMind,2025-02-07,2025,Q1,Seed,1.01,5.42,6.43,13.5,SOSV,Angel Investor,9,HR Tech,Indonesia,Asia,Jakarta,INV0025
R02326,S01445,XenoMind,2022-02-01,2022,Q1,Series B,33.66,203.03,236.69,23.1,Seedcamp,Government/Sovereign Fund,2,HR Tech,Indonesia,Asia,Jakarta,INV0028
R02327,S01445,XenoMind,2020-08-30,2020,Q3,Series D,359.54,2006.81,2366.35,10.7,Sequoia Capital,Venture Capital,2,HR Tech,Indonesia,Asia,Jakarta,INV0001
R02328,S01446,EchoBio,2024-03-08,2024,Q1,Pre-Seed,0.56,3.72,4.28,11.7,DST Global,Venture Capital,3,Cybersecurity,Israel,Middle East,Jerusalem,INV0033
R02329,S01446,EchoBio,2022-07-22,2022,Q3,Series A,4.16,36.86,41.02,26.6,Insight Partners,Angel Investor,3,Cybersecurity,Israel,Middle East,Jerusalem,INV0010
R02330,S01447,IonPlatform,2020-06-22,2020,Q2,Pre-Seed,0.44,3.36,3.8,8.3,Google Ventures,Private Equity,2,Real Estate Tech,China,Asia,Shenzhen,INV0059
R02331,S01447,IonPlatform,2020-04-14,2020,Q2,Seed,0.97,4.23,5.2,15.4,500 Global,Venture Capital,5,Real Estate Tech,China,Asia,Shenzhen,INV0023
R02332,S01448,RapidBase,2025-01-20,2025,Q1,Seed,0.72,2.74,3.46,20.3,Bessemer Venture Partners,Corporate VC,5,Web3 / Blockchain,Germany,Europe,Berlin,INV0013
R02333,S01448,RapidBase,2024-04-20,2024,Q2,Series A,5.41,27.19,32.6,24.0,Seedcamp,Accelerator,4,Web3 / Blockchain,Germany,Europe,Berlin,INV0028
R02334,S01449,GridX,2024-05-03,2024,Q2,Pre-Seed,0.81,4.5,5.31,13.2,Andreessen Horowitz (a16z),Corporate VC,1,SaaS / Enterprise Software,United States,North America,Chicago,INV0002
R02335,S01450,Neoio,2023-04-20,2023,Q2,Seed,3.04,16.47,19.51,21.2,Amazon Alexa Fund,Venture Capital,8,Healthcare & Biotech,United Kingdom,Europe,Cambridge,INV0061
R02336,S01451,AstraTech,2022-06-20,2022,Q2,Pre-Seed,0.48,2.14,2.62,6.4,TLcom Capital,Venture Capital,2,Gaming & Entertainment,United Kingdom,Europe,Bristol,INV0068
R02337,S01451,AstraTech,2021-12-12,2021,Q4,Seed,1.86,11.57,13.43,17.9,IVP,Venture Capital,7,Gaming & Entertainment,United Kingdom,Europe,Bristol,INV0034
R02338,S01452,RapidPlatform,2022-12-13,2022,Q4,Seed,2.01,6.75,8.76,22.0,Headline,Venture Capital,5,Healthcare & Biotech,Canada,North America,Montreal,INV0045
R02339,S01453,MetaFinance,2022-08-24,2022,Q3,Pre-Seed,0.32,1.2,1.52,9.8,Antler,Private Equity,2,SaaS / Enterprise Software,United States,North America,Denver,INV0027
R02340,S01453,MetaFinance,2024-07-25,2024,Q3,Seed,1.31,9.17,10.48,14.1,TLcom Capital,Angel Investor,4,SaaS / Enterprise Software,United States,North America,Denver,INV0068
R02341,S01454,DeltaDynamics,2023-08-26,2023,Q3,Pre-Seed,0.46,3.08,3.54,11.2,Ribbit Capital,Venture Capital,3,Logistics & Supply Chain,Brazil,South America,Rio de Janeiro,INV0016
R02342,S01454,DeltaDynamics,2020-03-25,2020,Q1,Series A,19.82,190.05,209.87,28.7,Union Square Ventures,Venture Capital,2,Logistics & Supply Chain,Brazil,South America,Rio de Janeiro,INV0039
R02343,S01455,ZenSecurity,2021-04-15,2021,Q2,Pre-Seed,0.84,5.75,6.59,13.9,Google Ventures,Family Office,2,Artificial Intelligence,United Kingdom,Europe,Cambridge,INV0059
R02344,S01456,LumeAI,2021-05-27,2021,Q2,Pre-Seed,0.54,4.13,4.67,12.1,Nexus Venture Partners,Corporate VC,3,Fintech,Thailand,Asia,Bangkok,INV0072
R02345,S01456,LumeAI,2026-02-18,2026,Q1,Series A,11.55,65.85,77.4,24.7,Abu Dhabi Investment Authority,Corporate VC,3,Fintech,Thailand,Asia,Bangkok,INV0051
R02346,S01456,LumeAI,2025-04-28,2025,Q2,Series C,300.0,1782.06,2082.06,16.9,Greylock Partners,Government/Sovereign Fund,5,Fintech,Thailand,Asia,Bangkok,INV0018
R02347,S01457,EchoBeam,2020-04-12,2020,Q2,Seed,2.27,19.29,21.56,11.9,SBI Investment,Angel Investor,3,Gaming & Entertainment,United Kingdom,Europe,Manchester,INV0065
R02348,S01458,NovaEnergy,2025-11-14,2025,Q4,Pre-Seed,0.38,2.6,2.98,13.4,Bessemer Venture Partners,Venture Capital,1,SaaS / Enterprise Software,China,Asia,Shenzhen,INV0013
R02349,S01458,NovaEnergy,2025-03-29,2025,Q1,Seed,1.66,12.95,14.61,24.1,Sapphire Ventures,Venture Capital,5,SaaS / Enterprise Software,China,Asia,Shenzhen,INV0035
R02350,S01459,CruxAI,2023-11-29,2023,Q4,Seed,0.95,5.33,6.28,12.1,Battery Ventures,Venture Capital,1,Fintech,Israel,Middle East,Haifa,INV0019
R02351,S01459,CruxAI,2026-02-02,2026,Q1,Series B,31.68,305.49,337.17,26.4,Greylock Partners,Accelerator,3,Fintech,Israel,Middle East,Haifa,INV0018
R02352,S01460,CoreCloud,2021-03-02,2021,Q1,Seed,2.44,12.62,15.06,12.0,Naspers / Prosus,Crowdfunding,3,Artificial Intelligence,Germany,Europe,Hamburg,INV0066
R02353,S01461,HyperLink,2022-04-05,2022,Q2,Pre-Seed,0.24,0.93,1.17,8.7,Elevation Capital,Crowdfunding,1,Healthcare & Biotech,India,Asia,Delhi NCR,INV0036
R02354,S01461,HyperLink,2025-07-30,2025,Q3,Seed,7.11,63.76,70.87,13.0,Cherry Ventures,Private Equity,4,Healthcare & Biotech,India,Asia,Delhi NCR,INV0043
R02355,S01461,HyperLink,2024-09-17,2024,Q3,Series A,6.2,67.53,73.73,29.6,Salesforce Ventures,Venture Capital,2,Healthcare & Biotech,India,Asia,Delhi NCR,INV0058
R02356,S01462,QuarkHealth,2024-11-01,2024,Q4,Pre-Seed,0.88,5.63,6.51,12.6,Cherry Ventures,Angel Investor,7,SaaS / Enterprise Software,Canada,North America,Vancouver,INV0043
R02357,S01463,OnyxFinance,2026-02-06,2026,Q1,Pre-Seed,0.51,1.64,2.15,8.6,TLcom Capital,Accelerator,3,Web3 / Blockchain,Kenya,Africa,Nairobi,INV0068
R02358,S01463,OnyxFinance,2023-01-24,2023,Q1,Seed,1.33,10.11,11.44,13.8,Tencent,Corporate VC,1,Web3 / Blockchain,Kenya,Africa,Nairobi,INV0053
R02359,S01463,OnyxFinance,2025-06-19,2025,Q2,Series B,33.86,346.18,380.04,22.3,Coatue Management,Venture Capital,5,Web3 / Blockchain,Kenya,Africa,Nairobi,INV0017
R02360,S01464,BoltPay,2020-05-02,2020,Q2,Seed,3.03,22.99,26.02,16.7,NVIDIA NVentures,Venture Capital,1,Logistics & Supply Chain,Poland,Europe,Kraków,INV0060
R02361,S01464,BoltPay,2024-11-11,2024,Q4,Series A,21.89,254.71,276.6,26.6,Intel Capital,Venture Capital,2,Logistics & Supply Chain,Poland,Europe,Kraków,INV0056
R02362,S01464,BoltPay,2022-07-14,2022,Q3,Series C,74.79,247.08,321.87,24.2,B Capital Group,Private Equity,2,Logistics & Supply Chain,Poland,Europe,Kraków,INV0048
R02363,S01465,CyberCore,2024-01-02,2024,Q1,Seed,1.38,7.64,9.02,19.5,EQT Ventures,Angel Investor,5,Healthcare & Biotech,China,Asia,Beijing,INV0030
R02364,S01466,LumeFinance,2021-03-19,2021,Q1,Seed,3.37,23.91,27.28,22.8,SBI Investment,Venture Capital,5,Artificial Intelligence,India,Asia,Bangalore,INV0065
R02365,S01466,LumeFinance,2026-01-23,2026,Q1,Series A,7.99,65.94,73.93,29.2,Techstars,Angel Investor,6,Artificial Intelligence,India,Asia,Bangalore,INV0024
R02366,S01466,LumeFinance,2021-04-20,2021,Q2,Series B,15.48,77.35,92.83,17.0,Alibaba Group,Corporate VC,2,Artificial Intelligence,India,Asia,Bangalore,INV0054
R02367,S01467,OnyxRobotics,2025-04-10,2025,Q2,Pre-Seed,0.49,2.33,2.82,11.7,Qualcomm Ventures,Venture Capital,1,E-Commerce,China,Asia,Beijing,INV0062
R02368,S01468,AstraFlow,2025-04-06,2025,Q2,Seed,2.77,8.37,11.14,13.2,Cherry Ventures,Venture Capital,2,E-Commerce,India,Asia,Pune,INV0043
R02369,S01469,HubX,2022-05-17,2022,Q2,Seed,0.8,3.82,4.62,14.5,Blume Ventures,Angel Investor,4,E-Commerce,Brazil,South America,São Paulo,INV0071
R02370,S01470,OrionForge,2022-06-26,2022,Q2,Pre-Seed,0.5,1.62,2.12,6.8,NEA,Corporate VC,4,Healthcare & Biotech,Germany,Europe,Munich,INV0020
R02371,S01471,RuneFinance,2025-09-04,2025,Q3,Seed,2.96,16.29,19.25,22.7,Benchmark,Government/Sovereign Fund,5,Artificial Intelligence,China,Asia,Guangzhou,INV0008
R02372,S01472,PixelAI,2022-02-25,2022,Q1,Seed,1.7,13.25,14.95,10.4,Andreessen Horowitz (a16z),Crowdfunding,1,SaaS / Enterprise Software,Spain,Europe,Madrid,INV0002
R02373,S01473,RuneSense,2026-03-11,2026,Q1,Seed,2.16,11.87,14.03,12.2,DST Global,Family Office,1,Artificial Intelligence,South Korea,Asia,Busan,INV0033
R02374,S01474,ZenHub,2023-05-20,2023,Q2,Pre-Seed,0.78,5.87,6.65,9.4,Techstars,Venture Capital,3,Cybersecurity,Philippines,Asia,Manila,INV0024
R02375,S01475,NexusAI,2020-07-26,2020,Q3,Pre-Seed,0.25,1.26,1.51,8.6,SoftBank Vision Fund,Venture Capital,3,Cybersecurity,China,Asia,Beijing,INV0005
R02376,S01476,DeltaX,2022-05-13,2022,Q2,Pre-Seed,1.19,11.86,13.05,7.7,Sapphire Ventures,Corporate VC,2,Fintech,France,Europe,Toulouse,INV0035
R02377,S01476,DeltaX,2021-02-03,2021,Q1,Seed,1.38,10.78,12.16,24.7,Y Combinator,Crowdfunding,7,Fintech,France,Europe,Toulouse,INV0007
R02378,S01476,DeltaX,2021-07-09,2021,Q3,Series B,27.7,119.07,146.77,26.3,Microsoft M12,Angel Investor,2,Fintech,France,Europe,Toulouse,INV0057
R02379,S01477,GridNet,2025-10-26,2025,Q4,Pre-Seed,0.63,4.37,5.0,8.2,GIC,Venture Capital,4,Healthcare & Biotech,United States,North America,Chicago,INV0050
R02380,S01478,CloudLogic,2024-05-22,2024,Q2,Seed,2.44,20.48,22.92,14.6,Atomico,Corporate VC,7,Fintech,China,Asia,Hangzhou,INV0032
R02381,S01479,Xenoio,2021-07-29,2021,Q3,Pre-Seed,1.07,9.74,10.81,5.8,NVIDIA NVentures,Venture Capital,2,Space Tech,United States,North America,San Diego,INV0060
R02382,S01479,Xenoio,2025-09-21,2025,Q3,Series A,13.5,117.96,131.46,24.5,Bessemer Venture Partners,Angel Investor,3,Space Tech,United States,North America,San Diego,INV0013
R02383,S01480,QuarkFinance,2021-10-14,2021,Q4,Pre-Seed,0.87,3.0,3.87,12.8,Point Nine Capital,Corporate VC,4,Artificial Intelligence,United States,North America,Boston,INV0044
R02384,S01481,TerraPlatform,2024-04-20,2024,Q2,Pre-Seed,1.43,4.59,6.02,12.4,Seedcamp,Venture Capital,6,Artificial Intelligence,India,Asia,Pune,INV0028
R02385,S01481,TerraPlatform,2025-12-02,2025,Q4,Seed,2.22,7.88,10.1,13.9,Peak XV Partners (fka Sequoia India),Venture Capital,5,Artificial Intelligence,India,Asia,Pune,INV0021
R02386,S01482,DeltaRobotics,2025-08-22,2025,Q3,Pre-Seed,0.84,2.93,3.77,6.2,Coatue Management,Venture Capital,2,Cybersecurity,United Kingdom,Europe,Edinburgh,INV0017
R02387,S01483,VibeWorks,2020-11-27,2020,Q4,Pre-Seed,0.22,2.18,2.4,11.5,Draper Associates,Corporate VC,3,Insurtech,Egypt,Africa,Cairo,INV0041
R02388,S01483,VibeWorks,2021-10-19,2021,Q4,Seed,2.03,7.48,9.51,22.4,Elevation Capital,Family Office,3,Insurtech,Egypt,Africa,Cairo,INV0036
R02389,S01483,VibeWorks,2020-07-02,2020,Q3,Series A,3.0,30.67,33.67,21.2,EQT Ventures,Angel Investor,5,Insurtech,Egypt,Africa,Cairo,INV0030
R02390,S01484,CyberEnergy,2024-04-30,2024,Q2,Pre-Seed,1.21,5.54,6.75,7.3,Matrix Partners,Venture Capital,3,Legal Tech,United States,North America,Austin,INV0022
R02391,S01485,CoreX,2023-06-05,2023,Q2,Pre-Seed,0.32,0.97,1.29,9.8,Antler,Government/Sovereign Fund,4,Artificial Intelligence,India,Asia,Chennai,INV0027
R02392,S01486,WaveDynamics,2021-05-28,2021,Q2,Seed,1.83,11.77,13.6,14.2,Tencent,Family Office,4,Artificial Intelligence,Netherlands,Europe,Amsterdam,INV0053
R02393,S01487,UltraFlow,2023-02-06,2023,Q1,Seed,1.45,14.46,15.91,13.1,Temasek,Angel Investor,3,Edtech,Brazil,South America,Rio de Janeiro,INV0049
R02394,S01488,RuneBio,2024-03-12,2024,Q1,Pre-Seed,0.34,3.33,3.67,7.4,Sequoia Capital,Venture Capital,6,Space Tech,France,Europe,Toulouse,INV0001
R02395,S01488,RuneBio,2023-10-24,2023,Q4,Series A,8.4,50.8,59.2,19.1,LocalGlobe,Private Equity,8,Space Tech,France,Europe,Toulouse,INV0042
R02396,S01488,RuneBio,2022-10-11,2022,Q4,Series C,38.85,144.26,183.11,16.3,Mitsubishi UFJ Capital,Venture Capital,3,Space Tech,France,Europe,Toulouse,INV0064
R02397,S01489,LumeWare,2025-01-09,2025,Q1,Seed,7.5,62.93,70.43,14.5,NEA,Government/Sovereign Fund,1,SaaS / Enterprise Software,China,Asia,Guangzhou,INV0020
R02398,S01489,LumeWare,2025-05-26,2025,Q2,Series A,20.02,113.24,133.26,25.1,Seedcamp,Private Equity,2,SaaS / Enterprise Software,China,Asia,Guangzhou,INV0028
R02399,S01490,YieldHealth,2023-11-03,2023,Q4,Seed,1.99,15.84,17.83,10.1,B Capital Group,Venture Capital,3,Food & AgriTech,Netherlands,Europe,Amsterdam,INV0048
R02400,S01491,GridForge,2021-12-02,2021,Q4,Seed,7.5,66.33,73.83,22.8,Abu Dhabi Investment Authority,Corporate VC,3,Artificial Intelligence,United States,North America,Los Angeles,INV0051
R02401,S01492,SageDynamics,2022-07-01,2022,Q3,Pre-Seed,0.51,3.55,4.06,7.8,General Catalyst,Venture Capital,3,Artificial Intelligence,India,Asia,Chennai,INV0009
R02402,S01492,SageDynamics,2021-06-26,2021,Q2,Seed,1.78,11.79,13.57,13.5,Tencent,Accelerator,1,Artificial Intelligence,India,Asia,Chennai,INV0053
R02403,S01492,SageDynamics,2020-03-25,2020,Q1,Series A,6.2,43.04,49.24,26.9,Salesforce Ventures,Corporate VC,1,Artificial Intelligence,India,Asia,Chennai,INV0058
R02404,S01493,Deltaly,2024-05-06,2024,Q2,Seed,2.07,17.44,19.51,12.6,Headline,Venture Capital,2,Artificial Intelligence,United States,North America,Miami,INV0045
R02405,S01494,Forgeverse,2021-11-24,2021,Q4,Pre-Seed,0.57,1.92,2.49,14.8,Benchmark,Angel Investor,4,E-Commerce,India,Asia,Bangalore,INV0008
R02406,S01495,ApexTech,2022-08-10,2022,Q3,Pre-Seed,0.55,2.35,2.9,6.0,Sapphire Ventures,Venture Capital,3,E-Commerce,Singapore,Asia,Singapore,INV0035
R02407,S01496,CruxForge,2024-01-07,2024,Q1,Pre-Seed,0.24,2.2,2.44,7.5,Plug and Play,Private Equity,3,Food & AgriTech,United States,North America,Boston,INV0026
R02408,S01497,SwiftHub,2024-05-13,2024,Q2,Pre-Seed,0.69,3.5,4.19,10.2,LocalGlobe,Angel Investor,1,Artificial Intelligence,United States,North America,Chicago,INV0042
R02409,S01497,SwiftHub,2024-12-29,2024,Q4,Series A,10.96,107.98,118.94,20.9,EQT Ventures,Venture Capital,5,Artificial Intelligence,United States,North America,Chicago,INV0030
R02410,S01498,IonCore,2023-01-03,2023,Q1,Pre-Seed,0.37,2.02,2.39,8.5,IVP,Corporate VC,3,Fintech,India,Asia,Pune,INV0034
R02411,S01498,IonCore,2023-03-05,2023,Q1,Series A,13.85,64.08,77.93,29.8,Antler,Angel Investor,10,Fintech,India,Asia,Pune,INV0027
R02412,S01498,IonCore,2026-01-01,2026,Q1,Series B,21.02,165.61,186.63,18.5,Partech Africa,Corporate VC,4,Fintech,India,Asia,Pune,INV0069
R02413,S01499,PixelX,2020-02-13,2020,Q1,Pre-Seed,0.37,3.36,3.73,8.6,Techstars,Venture Capital,1,Fintech,Switzerland,Europe,Zurich,INV0024
R02414,S01500,CruxBase,2025-02-11,2025,Q1,Pre-Seed,0.25,1.35,1.6,9.8,Antler,Venture Capital,9,SaaS / Enterprise Software,United States,North America,Seattle,INV0027
R02415,S01501,Deltafy,2025-04-29,2025,Q2,Seed,1.75,17.43,19.18,11.6,GIC,Crowdfunding,8,Cybersecurity,Estonia,Europe,Tallinn,INV0050
R02416,S01501,Deltafy,2020-05-11,2020,Q2,Series A,12.0,89.67,101.67,29.1,Headline,Angel Investor,4,Cybersecurity,Estonia,Europe,Tallinn,INV0045
R02417,S01502,ProtoStack,2021-03-02,2021,Q1,Pre-Seed,0.54,4.27,4.81,13.4,SoftBank Vision Fund,Corporate VC,1,Fintech,Netherlands,Europe,Rotterdam,INV0005
R02418,S01502,ProtoStack,2020-03-25,2020,Q1,Seed,2.47,10.82,13.29,13.1,Alibaba Group,Corporate VC,1,Fintech,Netherlands,Europe,Rotterdam,INV0054
R02419,S01503,JetForge,2024-07-14,2024,Q3,Seed,0.96,7.06,8.02,24.9,Alibaba Group,Venture Capital,4,Healthcare & Biotech,India,Asia,Delhi NCR,INV0054
R02420,S01504,ArcFinance,2020-08-29,2020,Q3,Seed,1.03,8.67,9.7,21.2,DST Global,Family Office,1,Artificial Intelligence,Germany,Europe,Hamburg,INV0033
R02421,S01504,ArcFinance,2021-05-01,2021,Q2,Series B,30.75,293.67,324.42,20.9,Draper Associates,Crowdfunding,6,Artificial Intelligence,Germany,Europe,Hamburg,INV0041
R02422,S01505,IonPay,2020-06-18,2020,Q2,Pre-Seed,1.16,7.8,8.96,6.5,IVP,Angel Investor,1,HR Tech,South Korea,Asia,Seoul,INV0034
R02423,S01506,TideAI,2022-09-16,2022,Q3,Seed,1.86,13.98,15.84,14.0,Temasek,Venture Capital,2,Fintech,Sweden,Europe,Stockholm,INV0049
R02424,S01506,TideAI,2023-11-15,2023,Q4,Series A,35.05,373.51,408.56,28.5,Headline,Angel Investor,1,Fintech,Sweden,Europe,Stockholm,INV0045
R02425,S01507,CyberWorks,2020-03-13,2020,Q1,Seed,4.98,40.42,45.4,16.1,Naspers / Prosus,Private Equity,6,Healthcare & Biotech,United Kingdom,Europe,Cambridge,INV0066
R02426,S01507,CyberWorks,2024-04-28,2024,Q2,Series A,5.53,29.37,34.9,21.0,Founders Fund,Venture Capital,3,Healthcare & Biotech,United Kingdom,Europe,Cambridge,INV0014
R02427,S01507,CyberWorks,2021-01-20,2021,Q1,Series C,69.65,292.05,361.7,18.1,General Catalyst,Accelerator,2,Healthcare & Biotech,United Kingdom,Europe,Cambridge,INV0009
R02428,S01508,SageNet,2024-03-22,2024,Q1,Pre-Seed,1.18,6.15,7.33,5.3,Nexus Venture Partners,Crowdfunding,9,Healthcare & Biotech,Netherlands,Europe,Rotterdam,INV0072
R02429,S01509,LumeWorks,2020-05-16,2020,Q2,Seed,0.52,3.85,4.37,12.7,Benchmark,Venture Capital,4,E-Commerce,India,Asia,Pune,INV0008
R02430,S01510,OnyxSystems,2024-01-20,2024,Q1,Pre-Seed,0.14,1.12,1.26,8.5,Norwest Venture Partners,Family Office,1,Artificial Intelligence,United States,North America,Los Angeles,INV0037
R02431,S01511,NeoLink,2024-06-16,2024,Q2,Pre-Seed,0.96,3.35,4.31,5.6,Greylock Partners,Venture Capital,2,SaaS / Enterprise Software,India,Asia,Pune,INV0018
R02432,S01512,LumeCore,2020-09-15,2020,Q3,Pre-Seed,0.59,2.18,2.77,14.2,Ribbit Capital,Crowdfunding,6,Cybersecurity,Australia,Oceania,Melbourne,INV0016
R02433,S01513,Wavefy,2023-05-08,2023,Q2,Seed,1.52,13.24,14.76,21.8,Partech,Corporate VC,2,Fintech,United States,North America,Boston,INV0046
R02434,S01514,NexusMind,2022-02-15,2022,Q1,Pre-Seed,0.51,3.68,4.19,9.6,NVIDIA NVentures,Venture Capital,7,Healthcare & Biotech,United States,North America,Chicago,INV0060
R02435,S01515,BoltFinance,2023-05-08,2023,Q2,Pre-Seed,0.49,3.25,3.74,13.7,Peak XV Partners (fka Sequoia India),Venture Capital,4,SaaS / Enterprise Software,Germany,Europe,Hamburg,INV0021
R02436,S01516,CoreWare,2025-03-18,2025,Q1,Seed,1.26,5.99,7.25,16.4,NVIDIA NVentures,Corporate VC,2,SaaS / Enterprise Software,Switzerland,Europe,Zurich,INV0060
R02437,S01517,YieldBase,2022-06-30,2022,Q2,Seed,1.85,13.33,15.18,10.4,Qualcomm Ventures,Private Equity,2,Artificial Intelligence,China,Asia,Hangzhou,INV0062
R02438,S01517,YieldBase,2020-07-18,2020,Q3,Series A,10.32,86.43,96.75,26.8,Battery Ventures,Venture Capital,1,Artificial Intelligence,China,Asia,Hangzhou,INV0019
R02439,S01517,YieldBase,2024-09-27,2024,Q3,Series B,14.33,167.01,181.34,28.5,Benchmark,Angel Investor,3,Artificial Intelligence,China,Asia,Hangzhou,INV0008
R02440,S01518,ApexLink,2024-10-06,2024,Q4,Seed,3.25,19.61,22.86,14.6,Index Ventures,Accelerator,1,Edtech,Colombia,South America,Medellín,INV0015
R02441,S01518,ApexLink,2020-05-21,2020,Q2,Series B,12.9,57.86,70.76,19.0,SoftBank Vision Fund,Angel Investor,6,Edtech,Colombia,South America,Medellín,INV0005
R02442,S01518,ApexLink,2020-07-16,2020,Q3,Series C,77.44,480.68,558.12,24.5,Draper Associates,Venture Capital,5,Edtech,Colombia,South America,Medellín,INV0041
R02443,S01519,DawnMind,2024-10-13,2024,Q4,Seed,1.66,6.25,7.91,20.6,Saudi Aramco Ventures,Venture Capital,7,Real Estate Tech,China,Asia,Hangzhou,INV0052
R02444,S01519,DawnMind,2025-08-03,2025,Q3,Series B,93.06,1035.04,1128.1,27.4,SBI Investment,Angel Investor,2,Real Estate Tech,China,Asia,Hangzhou,INV0065
R02445,S01519,DawnMind,2023-07-27,2023,Q3,Series C,30.0,103.08,133.08,20.7,BlueYard Capital,Venture Capital,2,Real Estate Tech,China,Asia,Hangzhou,INV0029
R02446,S01520,MetaHealth,2022-11-24,2022,Q4,Pre-Seed,0.9,4.37,5.27,14.3,Kingsway Capital,Angel Investor,1,Artificial Intelligence,United States,North America,Chicago,INV0067
R02447,S01521,OrionWare,2024-07-20,2024,Q3,Pre-Seed,0.28,1.37,1.65,5.9,Elevation Capital,Government/Sovereign Fund,3,Insurtech,Canada,North America,Montreal,INV0036
R02448,S01522,Cruxly,2020-08-09,2020,Q3,Seed,1.87,8.32,10.19,12.0,Coatue Management,Venture Capital,3,SaaS / Enterprise Software,Germany,Europe,Munich,INV0017
R02449,S01523,DeltaSystems,2022-12-29,2022,Q4,Seed,1.56,9.2,10.76,20.3,Intel Capital,Private Equity,2,Edtech,Netherlands,Europe,Amsterdam,INV0056
R02450,S01524,ZenoPlatform,2025-09-17,2025,Q3,Pre-Seed,0.42,1.56,1.98,11.0,Kingsway Capital,Venture Capital,4,Real Estate Tech,India,Asia,Mumbai,INV0067
R02451,S01524,ZenoPlatform,2026-01-21,2026,Q1,Seed,1.31,9.6,10.91,11.6,Tencent,Government/Sovereign Fund,10,Real Estate Tech,India,Asia,Mumbai,INV0053
R02452,S01524,ZenoPlatform,2025-02-13,2025,Q1,Series B,64.41,336.7,401.11,21.0,NVIDIA NVentures,Corporate VC,2,Real Estate Tech,India,Asia,Mumbai,INV0060
R02453,S01525,Zenofy,2025-08-29,2025,Q3,Seed,0.97,7.17,8.14,17.7,Benchmark,Accelerator,6,SaaS / Enterprise Software,Australia,Oceania,Melbourne,INV0008
R02454,S01526,PulsePlatform,2024-05-17,2024,Q2,Pre-Seed,0.59,1.9,2.49,13.9,BlueYard Capital,Government/Sovereign Fund,6,SaaS / Enterprise Software,India,Asia,Delhi NCR,INV0029
R02455,S01527,NeoSpace,2022-11-16,2022,Q4,Seed,3.23,18.68,21.91,17.4,TLcom Capital,Government/Sovereign Fund,2,Robotics & Automation,China,Asia,Guangzhou,INV0068
R02456,S01528,EdgeWorks,2020-05-18,2020,Q2,Pre-Seed,0.47,4.09,4.56,6.9,B Capital Group,Crowdfunding,6,Insurtech,United States,North America,Austin,INV0048
R02457,S01529,ApexX,2022-04-26,2022,Q2,Pre-Seed,0.35,2.09,2.44,14.3,Blume Ventures,Angel Investor,1,E-Commerce,Sweden,Europe,Gothenburg,INV0071
R02458,S01529,ApexX,2022-09-17,2022,Q3,Seed,1.76,13.36,15.12,18.5,Mitsubishi UFJ Capital,Private Equity,3,E-Commerce,Sweden,Europe,Gothenburg,INV0064
R02459,S01529,ApexX,2021-01-04,2021,Q1,Series A,18.78,205.17,223.95,24.5,Seedcamp,Accelerator,3,E-Commerce,Sweden,Europe,Gothenburg,INV0028
R02460,S01530,RapidNet,2024-05-29,2024,Q2,Seed,3.76,26.54,30.3,23.6,DST Global,Government/Sovereign Fund,1,Fintech,United States,North America,Denver,INV0033
R02461,S01531,BoltSpace,2021-09-19,2021,Q3,Pre-Seed,1.73,9.99,11.72,10.9,Balderton Capital,Angel Investor,2,SaaS / Enterprise Software,United States,North America,Seattle,INV0031
R02462,S01531,BoltSpace,2024-05-14,2024,Q2,Seed,3.12,11.47,14.59,13.0,TLcom Capital,Accelerator,11,SaaS / Enterprise Software,United States,North America,Seattle,INV0068
R02463,S01532,UltraRobotics,2024-05-20,2024,Q2,Seed,1.04,5.65,6.69,24.8,Northzone,Private Equity,3,Fintech,India,Asia,Pune,INV0047
R02464,S01532,UltraRobotics,2022-09-03,2022,Q3,Series B,10.32,83.99,94.31,25.7,Accel Partners,Angel Investor,5,Fintech,India,Asia,Pune,INV0004
R02465,S01533,Vibefy,2024-06-24,2024,Q2,Seed,1.53,10.99,12.52,21.6,Abu Dhabi Investment Authority,Corporate VC,6,SaaS / Enterprise Software,United States,North America,Denver,INV0051
R02466,S01534,OnyxWare,2023-07-28,2023,Q3,Pre-Seed,0.71,4.63,5.34,9.7,Northzone,Government/Sovereign Fund,4,Fintech,Mexico,South America,Mexico City,INV0047
R02467,S01534,OnyxWare,2025-02-01,2025,Q1,Seed,3.29,11.44,14.73,15.1,Index Ventures,Family Office,4,Fintech,Mexico,South America,Mexico City,INV0015
R02468,S01535,RapidSystems,2023-01-07,2023,Q1,Pre-Seed,0.78,5.55,6.33,12.0,Samsung Ventures,Angel Investor,4,Artificial Intelligence,United States,North America,San Francisco,INV0055
R02469,S01536,ArcSecurity,2021-11-21,2021,Q4,Pre-Seed,0.68,5.38,6.06,12.8,Draper Associates,Angel Investor,6,SaaS / Enterprise Software,China,Asia,Hangzhou,INV0041
R02470,S01537,AlphaPay,2021-10-22,2021,Q4,Seed,2.39,8.68,11.07,15.9,NVIDIA NVentures,Venture Capital,5,Fintech,United States,North America,Seattle,INV0060
R02471,S01538,PixelStack,2020-05-23,2020,Q2,Seed,1.62,11.7,13.32,16.8,Lightspeed Venture Partners,Angel Investor,2,Fintech,United Kingdom,Europe,Cambridge,INV0006
R02472,S01539,CoreLink,2023-10-22,2023,Q4,Seed,1.9,10.82,12.72,23.7,SOSV,Accelerator,4,Space Tech,United States,North America,Miami,INV0025
R02473,S01539,CoreLink,2020-09-05,2020,Q3,Series B,30.41,267.13,297.54,26.5,Salesforce Ventures,Venture Capital,3,Space Tech,United States,North America,Miami,INV0058
R02474,S01540,ProtoForge,2024-05-15,2024,Q2,Pre-Seed,1.82,16.41,18.23,13.0,GV (Google Ventures),Private Equity,8,SaaS / Enterprise Software,India,Asia,Delhi NCR,INV0011
R02475,S01540,ProtoForge,2022-06-23,2022,Q2,Series A,7.96,46.94,54.9,28.0,Benchmark,Venture Capital,2,SaaS / Enterprise Software,India,Asia,Delhi NCR,INV0008
R02476,S01541,HyperBio,2025-01-29,2025,Q1,Seed,1.0,7.62,8.62,16.0,Benchmark,Corporate VC,1,Cybersecurity,United Kingdom,Europe,Cambridge,INV0008
R02477,S01542,CruxWorks,2021-10-30,2021,Q4,Pre-Seed,0.69,4.22,4.91,9.2,Y Combinator,Accelerator,1,Artificial Intelligence,United States,North America,Boston,INV0007
R02478,S01543,XenoCore,2020-12-07,2020,Q4,Seed,0.65,5.36,6.01,21.1,Rakuten Capital,Venture Capital,4,SaaS / Enterprise Software,United States,North America,Miami,INV0063
R02479,S01543,XenoCore,2022-06-24,2022,Q2,Series B,30.44,335.9,366.34,27.5,Chiratae Ventures,Venture Capital,2,SaaS / Enterprise Software,United States,North America,Miami,INV0070
R02480,S01544,Neoly,2020-02-26,2020,Q1,Pre-Seed,0.17,0.97,1.14,14.6,Partech,Angel Investor,1,Artificial Intelligence,United States,North America,Boston,INV0046
R02481,S01544,Neoly,2020-05-21,2020,Q2,Series A,12.17,64.06,76.23,17.3,Qualcomm Ventures,Venture Capital,1,Artificial Intelligence,United States,North America,Boston,INV0062
R02482,S01545,HubMind,2022-06-24,2022,Q2,Pre-Seed,0.9,8.23,9.13,7.2,Chiratae Ventures,Venture Capital,4,SaaS / Enterprise Software,United States,North America,Chicago,INV0070
R02483,S01546,Vibeverse,2026-01-11,2026,Q1,Seed,1.22,4.23,5.45,13.9,Partech,Venture Capital,4,Artificial Intelligence,Brazil,South America,Belo Horizonte,INV0046
R02484,S01547,MetaBeam,2024-01-12,2024,Q1,Pre-Seed,0.44,3.25,3.69,8.8,GIC,Crowdfunding,3,E-Commerce,India,Asia,Pune,INV0050
R02485,S01548,CloudCore,2022-09-15,2022,Q3,Seed,1.22,4.2,5.42,19.7,Union Square Ventures,Venture Capital,6,Healthcare & Biotech,India,Asia,Bangalore,INV0039
R02486,S01549,Xenofy,2024-02-15,2024,Q1,Seed,1.79,10.02,11.81,15.5,500 Global,Angel Investor,4,Space Tech,Philippines,Asia,Manila,INV0023
R02487,S01550,BetaHealth,2023-04-18,2023,Q2,Seed,1.52,10.9,12.42,24.6,Index Ventures,Venture Capital,2,Food & AgriTech,South Korea,Asia,Seoul,INV0015
R02488,S01550,BetaHealth,2024-11-27,2024,Q4,Series B,43.55,264.46,308.01,30.0,SOSV,Venture Capital,6,Food & AgriTech,South Korea,Asia,Seoul,INV0025
R02489,S01551,Alphaly,2022-07-09,2022,Q3,Seed,1.6,15.09,16.69,24.4,Samsung Ventures,Venture Capital,1,Fintech,United States,North America,New York,INV0055
R02490,S01552,RapidFlow,2022-12-27,2022,Q4,Pre-Seed,0.35,1.7,2.05,10.3,Saudi Aramco Ventures,Venture Capital,1,Web3 / Blockchain,Israel,Middle East,Haifa,INV0052
R02491,S01552,RapidFlow,2023-08-30,2023,Q3,Series A,4.63,40.66,45.29,26.7,SOSV,Venture Capital,4,Web3 / Blockchain,Israel,Middle East,Haifa,INV0025
R02492,S01553,XenoFinance,2023-06-10,2023,Q2,Seed,1.65,15.46,17.11,17.6,Coatue Management,Angel Investor,3,Artificial Intelligence,Mexico,South America,Mexico City,INV0017
R02493,S01553,XenoFinance,2025-11-17,2025,Q4,Series B,40.09,411.89,451.98,15.2,Peak XV Partners (fka Sequoia India),Government/Sovereign Fund,3,Artificial Intelligence,Mexico,South America,Mexico City,INV0021
R02494,S01553,XenoFinance,2020-10-19,2020,Q4,Series C,202.01,938.02,1140.03,12.5,Norwest Venture Partners,Family Office,6,Artificial Intelligence,Mexico,South America,Mexico City,INV0037
R02495,S01554,SageLink,2024-05-21,2024,Q2,Pre-Seed,0.41,2.77,3.18,6.2,Lightspeed Venture Partners,Venture Capital,4,Cybersecurity,United States,North America,Boston,INV0006
R02496,S01555,Gridfy,2022-12-10,2022,Q4,Pre-Seed,0.15,1.16,1.31,13.5,Andreessen Horowitz (a16z),Angel Investor,1,Logistics & Supply Chain,United States,North America,Los Angeles,INV0002
R02497,S01555,Gridfy,2025-02-10,2025,Q1,Seed,1.61,12.93,14.54,24.4,Kingsway Capital,Family Office,5,Logistics & Supply Chain,United States,North America,Los Angeles,INV0067
R02498,S01556,DawnFinance,2023-02-21,2023,Q1,Pre-Seed,0.15,1.27,1.42,10.3,Headline,Venture Capital,2,Artificial Intelligence,United Kingdom,Europe,London,INV0045
R02499,S01556,DawnFinance,2024-08-26,2024,Q3,Seed,1.2,8.81,10.01,24.6,Benchmark,Venture Capital,7,Artificial Intelligence,United Kingdom,Europe,London,INV0008
R02500,S01557,HyperEnergy,2020-07-20,2020,Q3,Seed,2.89,10.42,13.31,24.8,Sapphire Ventures,Private Equity,6,Artificial Intelligence,India,Asia,Mumbai,INV0035
R02501,S01557,HyperEnergy,2026-02-07,2026,Q1,Series B,32.11,204.65,236.76,26.6,Balderton Capital,Venture Capital,2,Artificial Intelligence,India,Asia,Mumbai,INV0031
R02502,S01557,HyperEnergy,2024-02-18,2024,Q1,Series C,87.72,466.46,554.18,10.0,Chiratae Ventures,Venture Capital,4,Artificial Intelligence,India,Asia,Mumbai,INV0070
R02503,S01558,PulseX,2024-06-05,2024,Q2,Seed,1.99,16.57,18.56,10.2,Alibaba Group,Corporate VC,7,E-Commerce,India,Asia,Delhi NCR,INV0054
R02504,S01559,FluxSpace,2025-03-03,2025,Q1,Pre-Seed,0.28,2.62,2.9,12.9,Founders Fund,Government/Sovereign Fund,11,Cybersecurity,Israel,Middle East,Tel Aviv,INV0014
R02505,S01560,Echofy,2023-10-09,2023,Q4,Pre-Seed,0.19,0.82,1.01,7.8,Battery Ventures,Venture Capital,3,SaaS / Enterprise Software,Colombia,South America,Bogotá,INV0019
R02506,S01560,Echofy,2021-01-19,2021,Q1,Series A,17.5,177.27,194.77,28.0,Mitsubishi UFJ Capital,Family Office,6,SaaS / Enterprise Software,Colombia,South America,Bogotá,INV0064
R02507,S01561,NeoAnalytics,2021-06-06,2021,Q2,Seed,2.5,15.9,18.4,22.0,Norwest Venture Partners,Accelerator,2,Healthcare & Biotech,Vietnam,Asia,Ho Chi Minh City,INV0037
R02508,S01562,HyperFlow,2021-06-14,2021,Q2,Seed,1.44,11.42,12.86,16.5,Peak XV Partners (fka Sequoia India),Venture Capital,3,E-Commerce,United States,North America,Chicago,INV0021
R02509,S01563,EdgeAI,2020-06-22,2020,Q2,Seed,1.92,18.21,20.13,18.4,Tiger Global,Private Equity,2,Healthcare & Biotech,France,Europe,Paris,INV0003
R02510,S01563,EdgeAI,2024-08-19,2024,Q3,Series B,44.35,208.23,252.58,23.9,Naspers / Prosus,Venture Capital,8,Healthcare & Biotech,France,Europe,Paris,INV0066
R02511,S01564,CloudRobotics,2025-12-27,2025,Q4,Seed,1.0,3.73,4.73,16.2,Accel Partners,Crowdfunding,5,Healthcare & Biotech,Canada,North America,Montreal,INV0004
R02512,S01564,CloudRobotics,2024-01-18,2024,Q1,Series B,11.91,88.23,100.14,29.5,Draper Associates,Venture Capital,3,Healthcare & Biotech,Canada,North America,Montreal,INV0041
R02513,S01564,CloudRobotics,2022-11-27,2022,Q4,Series C,69.71,337.35,407.06,9.2,Andreessen Horowitz (a16z),Government/Sovereign Fund,4,Healthcare & Biotech,Canada,North America,Montreal,INV0002
R02514,S01565,OnyxLink,2023-04-02,2023,Q2,Pre-Seed,1.13,4.35,5.48,14.5,Index Ventures,Venture Capital,3,Fintech,United States,North America,Seattle,INV0015
R02515,S01565,OnyxLink,2020-03-13,2020,Q1,Series A,11.17,96.22,107.39,22.5,Point Nine Capital,Crowdfunding,3,Fintech,United States,North America,Seattle,INV0044
R02516,S01566,SwiftAI,2021-05-13,2021,Q2,Seed,1.7,7.85,9.55,13.0,Amazon Alexa Fund,Venture Capital,6,Artificial Intelligence,Germany,Europe,Frankfurt,INV0061
R02517,S01566,SwiftAI,2023-05-06,2023,Q2,Series A,8.05,76.81,84.86,22.1,Rakuten Capital,Venture Capital,2,Artificial Intelligence,Germany,Europe,Frankfurt,INV0063
R02518,S01566,SwiftAI,2021-11-29,2021,Q4,Series B,43.71,371.66,415.37,26.5,Point Nine Capital,Venture Capital,5,Artificial Intelligence,Germany,Europe,Frankfurt,INV0044
R02519,S01567,DawnAnalytics,2025-11-23,2025,Q4,Seed,1.32,4.36,5.68,18.6,Google Ventures,Corporate VC,11,Fintech,Indonesia,Asia,Surabaya,INV0059
R02520,S01567,DawnAnalytics,2024-03-06,2024,Q1,Series B,10.0,61.51,71.51,17.3,Andreessen Horowitz (a16z),Venture Capital,4,Fintech,Indonesia,Asia,Surabaya,INV0002
R02521,S01567,DawnAnalytics,2020-02-19,2020,Q1,Series C,65.26,508.65,573.91,23.7,Techstars,Accelerator,5,Fintech,Indonesia,Asia,Surabaya,INV0024
R02522,S01568,VeloCloud,2020-06-16,2020,Q2,Seed,2.5,12.97,15.47,20.8,500 Global,Venture Capital,3,Fintech,United States,North America,Miami,INV0023
R02523,S01568,VeloCloud,2022-07-09,2022,Q3,Series B,36.35,330.22,366.57,26.5,Index Ventures,Private Equity,5,Fintech,United States,North America,Miami,INV0015
R02524,S01569,BetaSense,2021-02-02,2021,Q1,Seed,5.77,28.88,34.65,21.5,Insight Partners,Venture Capital,2,HR Tech,Egypt,Africa,Cairo,INV0010
R02525,S01569,BetaSense,2024-05-30,2024,Q2,Series B,10.9,44.09,54.99,18.7,Kingsway Capital,Venture Capital,7,HR Tech,Egypt,Africa,Cairo,INV0067
R02526,S01570,SwiftStack,2023-07-29,2023,Q3,Seed,0.73,2.4,3.13,13.5,Antler,Venture Capital,2,Healthcare & Biotech,United States,North America,Boston,INV0027
R02527,S01570,SwiftStack,2020-07-14,2020,Q3,Series B,27.25,197.18,224.43,20.1,Techstars,Family Office,5,Healthcare & Biotech,United States,North America,Boston,INV0024
R02528,S01571,Yieldio,2021-01-30,2021,Q1,Pre-Seed,0.96,5.25,6.21,14.1,Antler,Private Equity,4,Fintech,China,Asia,Beijing,INV0027
R02529,S01572,JetMind,2025-04-05,2025,Q2,Seed,3.17,10.21,13.38,10.5,Accel Partners,Accelerator,9,Fintech,Israel,Middle East,Jerusalem,INV0004
R02530,S01573,DataAI,2022-03-03,2022,Q1,Seed,2.02,17.12,19.14,22.9,Cherry Ventures,Venture Capital,1,Gaming & Entertainment,United States,North America,San Diego,INV0043
R02531,S01573,DataAI,2025-02-10,2025,Q1,Series A,11.12,86.26,97.38,19.5,Cherry Ventures,Venture Capital,4,Gaming & Entertainment,United States,North America,San Diego,INV0043
R02532,S01574,DeltaWare,2023-06-24,2023,Q2,Pre-Seed,0.76,2.6,3.36,9.6,Accel India,Venture Capital,3,Healthcare & Biotech,China,Asia,Hangzhou,INV0073
R02533,S01575,QuarkBeam,2020-06-17,2020,Q2,Seed,2.49,17.82,20.31,17.9,Point Nine Capital,Venture Capital,2,Gaming & Entertainment,Turkey,Europe,Ankara,INV0044
R02534,S01575,QuarkBeam,2024-02-24,2024,Q1,Series A,8.18,66.53,74.71,26.0,Peak XV Partners (fka Sequoia India),Accelerator,2,Gaming & Entertainment,Turkey,Europe,Ankara,INV0021
R02535,S01576,LumeX,2023-12-19,2023,Q4,Seed,0.53,2.75,3.28,15.5,Battery Ventures,Venture Capital,2,Social Media / Creator Economy,Canada,North America,Toronto,INV0019
R02536,S01577,Edgefy,2020-04-09,2020,Q2,Seed,2.5,10.82,13.32,16.9,Benchmark,Venture Capital,1,Fintech,United Kingdom,Europe,Bristol,INV0008
R02537,S01578,FluxLabs,2022-12-10,2022,Q4,Pre-Seed,0.35,2.78,3.13,12.1,Northzone,Venture Capital,1,Artificial Intelligence,Thailand,Asia,Bangkok,INV0047
R02538,S01579,TideEnergy,2026-01-28,2026,Q1,Pre-Seed,0.43,2.59,3.02,11.0,Microsoft M12,Venture Capital,2,Legal Tech,India,Asia,Pune,INV0057
R02539,S01579,TideEnergy,2025-11-17,2025,Q4,Series A,23.38,270.42,293.8,15.2,Amazon Alexa Fund,Crowdfunding,4,Legal Tech,India,Asia,Pune,INV0061
R02540,S01579,TideEnergy,2025-10-13,2025,Q4,Series B,33.62,148.55,182.17,21.2,Andreessen Horowitz (a16z),Venture Capital,3,Legal Tech,India,Asia,Pune,INV0002
R02541,S01580,CloudWare,2024-02-01,2024,Q1,Pre-Seed,0.15,1.0,1.15,5.1,LocalGlobe,Private Equity,1,Legal Tech,China,Asia,Guangzhou,INV0042
R02542,S01580,CloudWare,2021-08-04,2021,Q3,Seed,1.02,4.63,5.65,24.6,NVIDIA NVentures,Venture Capital,3,Legal Tech,China,Asia,Guangzhou,INV0060
R02543,S01581,CyberMind,2023-03-20,2023,Q1,Seed,1.07,7.88,8.95,21.7,Insight Partners,Venture Capital,3,Artificial Intelligence,China,Asia,Shanghai,INV0010
R02544,S01582,Deltaverse,2025-04-15,2025,Q2,Pre-Seed,0.12,0.88,1.0,8.0,Andreessen Horowitz (a16z),Venture Capital,2,SaaS / Enterprise Software,Mexico,South America,Mexico City,INV0002
R02545,S01582,Deltaverse,2020-06-24,2020,Q2,Seed,0.94,7.53,8.47,13.9,Accel Partners,Corporate VC,6,SaaS / Enterprise Software,Mexico,South America,Mexico City,INV0004
R02546,S01582,Deltaverse,2021-06-27,2021,Q2,Series A,19.3,105.25,124.55,16.7,Insight Partners,Venture Capital,6,SaaS / Enterprise Software,Mexico,South America,Mexico City,INV0010
R02547,S01583,Quantumio,2024-05-19,2024,Q2,Seed,1.5,4.95,6.45,19.2,Tencent,Corporate VC,4,Legal Tech,India,Asia,Mumbai,INV0053
R02548,S01583,Quantumio,2021-10-01,2021,Q4,Series A,12.21,91.39,103.6,17.6,BlueYard Capital,Corporate VC,2,Legal Tech,India,Asia,Mumbai,INV0029
R02549,S01583,Quantumio,2020-02-26,2020,Q1,Series B,104.65,811.93,916.58,29.0,SoftBank Vision Fund,Venture Capital,2,Legal Tech,India,Asia,Mumbai,INV0005
R02550,S01584,NexusSecurity,2021-12-14,2021,Q4,Pre-Seed,0.99,3.15,4.14,5.2,Greylock Partners,Corporate VC,7,Fintech,China,Asia,Shenzhen,INV0018
R02551,S01585,NeoX,2026-01-18,2026,Q1,Seed,3.0,28.97,31.97,22.5,Index Ventures,Venture Capital,4,Healthcare & Biotech,United Kingdom,Europe,Bristol,INV0015
R02552,S01586,Nexusio,2024-06-11,2024,Q2,Pre-Seed,0.54,5.12,5.66,6.1,Partech Africa,Private Equity,2,Food & AgriTech,Germany,Europe,Munich,INV0069
R02553,S01587,SwiftX,2023-04-14,2023,Q2,Seed,1.2,9.61,10.81,21.1,Naspers / Prosus,Venture Capital,8,Gaming & Entertainment,United States,North America,San Francisco,INV0066
R02554,S01588,MetaPay,2025-12-13,2025,Q4,Seed,1.2,11.74,12.94,15.6,500 Global,Corporate VC,1,Web3 / Blockchain,South Africa,Africa,Johannesburg,INV0023
R02555,S01589,Jetly,2021-12-22,2021,Q4,Seed,2.18,19.82,22.0,12.3,Saudi Aramco Ventures,Venture Capital,3,E-Commerce,United Kingdom,Europe,Bristol,INV0052
R02556,S01590,OrionEnergy,2023-07-07,2023,Q3,Seed,2.87,25.8,28.67,22.4,Accel Partners,Corporate VC,3,Climate Tech / Clean Energy,United States,North America,Miami,INV0004
R02557,S01590,OrionEnergy,2023-03-12,2023,Q1,Series B,63.22,425.99,489.21,26.7,B Capital Group,Private Equity,2,Climate Tech / Clean Energy,United States,North America,Miami,INV0048
R02558,S01591,NovaLogic,2025-03-22,2025,Q1,Seed,0.58,4.25,4.83,24.9,Headline,Corporate VC,2,Gaming & Entertainment,United States,North America,San Francisco,INV0045
R02559,S01592,BoltBio,2020-03-11,2020,Q1,Seed,3.27,27.18,30.45,15.0,Lightspeed Venture Partners,Venture Capital,2,E-Commerce,Germany,Europe,Munich,INV0006
R02560,S01592,BoltBio,2024-05-19,2024,Q2,Series B,38.15,407.21,445.36,29.0,GV (Google Ventures),Corporate VC,2,E-Commerce,Germany,Europe,Munich,INV0011
R02561,S01592,BoltBio,2025-01-04,2025,Q1,Series C,236.8,1323.54,1560.34,13.4,General Catalyst,Family Office,7,E-Commerce,Germany,Europe,Munich,INV0009
R02562,S01593,WaveBio,2025-08-21,2025,Q3,Seed,0.86,6.16,7.02,11.1,Salesforce Ventures,Corporate VC,1,Healthcare & Biotech,Thailand,Asia,Bangkok,INV0058
R02563,S01593,WaveBio,2020-11-06,2020,Q4,Series A,10.76,107.69,118.45,19.2,Nexus Venture Partners,Angel Investor,1,Healthcare & Biotech,Thailand,Asia,Bangkok,INV0072
R02564,S01594,MetaSense,2024-03-03,2024,Q1,Seed,1.68,9.11,10.79,24.4,DST Global,Venture Capital,3,Legal Tech,United States,North America,Seattle,INV0033
R02565,S01595,LumePay,2024-07-14,2024,Q3,Seed,0.76,5.61,6.37,19.9,Kingsway Capital,Private Equity,3,Legal Tech,United States,North America,Austin,INV0067
R02566,S01596,DawnStack,2022-11-28,2022,Q4,Pre-Seed,0.29,2.2,2.49,8.3,Plug and Play,Corporate VC,8,SaaS / Enterprise Software,United States,North America,San Diego,INV0026
R02567,S01596,DawnStack,2025-11-07,2025,Q4,Series A,7.58,38.91,46.49,26.9,Atomico,Angel Investor,5,SaaS / Enterprise Software,United States,North America,San Diego,INV0032
R02568,S01597,DataStack,2023-08-16,2023,Q3,Seed,1.09,5.54,6.63,20.8,Northzone,Accelerator,6,Gaming & Entertainment,United States,North America,Boston,INV0047
R02569,S01597,DataStack,2023-12-08,2023,Q4,Series B,52.11,323.49,375.6,16.6,Benchmark,Government/Sovereign Fund,1,Gaming & Entertainment,United States,North America,Boston,INV0008
R02570,S01598,HubPlatform,2021-06-02,2021,Q2,Pre-Seed,0.31,1.4,1.71,8.4,Battery Ventures,Venture Capital,4,Edtech,Brazil,South America,Belo Horizonte,INV0019
R02571,S01598,HubPlatform,2022-06-06,2022,Q2,Series A,26.51,197.19,223.7,15.9,First Round Capital,Accelerator,7,Edtech,Brazil,South America,Belo Horizonte,INV0040
R02572,S01598,HubPlatform,2021-09-10,2021,Q3,Series C,146.08,923.99,1070.07,23.4,NVIDIA NVentures,Venture Capital,5,Edtech,Brazil,South America,Belo Horizonte,INV0060
R02573,S01599,QuantumDynamics,2025-07-29,2025,Q3,Seed,0.72,6.75,7.47,20.1,500 Global,Private Equity,4,Web3 / Blockchain,China,Asia,Beijing,INV0023
R02574,S01599,QuantumDynamics,2020-11-20,2020,Q4,Series A,8.85,39.67,48.52,29.5,Headline,Venture Capital,2,Web3 / Blockchain,China,Asia,Beijing,INV0045
R02575,S01599,QuantumDynamics,2023-01-11,2023,Q1,Series C,66.53,429.34,495.87,18.6,Balderton Capital,Venture Capital,3,Web3 / Blockchain,China,Asia,Beijing,INV0031
R02576,S01600,UltraDynamics,2022-01-23,2022,Q1,Pre-Seed,0.82,5.69,6.51,10.2,Y Combinator,Private Equity,2,Insurtech,Japan,Asia,Tokyo,INV0007
R02577,S01601,UltraAI,2023-02-28,2023,Q1,Pre-Seed,1.22,7.83,9.05,6.0,NVIDIA NVentures,Angel Investor,3,Cybersecurity,China,Asia,Guangzhou,INV0060
R02578,S01601,UltraAI,2021-07-31,2021,Q3,Series A,11.67,135.14,146.81,20.1,Lightspeed Venture Partners,Angel Investor,4,Cybersecurity,China,Asia,Guangzhou,INV0006
R02579,S01602,IonDynamics,2020-08-20,2020,Q3,Pre-Seed,0.4,3.74,4.14,14.4,Cherry Ventures,Corporate VC,4,Fintech,France,Europe,Lyon,INV0043
R02580,S01603,NexusNet,2026-03-08,2026,Q1,Pre-Seed,0.34,3.03,3.37,14.1,Khosla Ventures,Crowdfunding,1,Artificial Intelligence,United Kingdom,Europe,Manchester,INV0012
R02581,S01603,NexusNet,2022-09-24,2022,Q3,Seed,1.01,4.9,5.91,10.7,Greylock Partners,Corporate VC,5,Artificial Intelligence,United Kingdom,Europe,Manchester,INV0018
R02582,S01604,RapidX,2025-12-09,2025,Q4,Pre-Seed,0.98,5.64,6.62,12.5,Index Ventures,Venture Capital,4,Cybersecurity,Israel,Middle East,Tel Aviv,INV0015
R02583,S01605,WaveMind,2020-05-06,2020,Q2,Seed,2.61,8.95,11.56,12.9,Accel Partners,Angel Investor,3,SaaS / Enterprise Software,Australia,Oceania,Sydney,INV0004
R02584,S01606,VibePlatform,2020-02-02,2020,Q1,Pre-Seed,0.38,2.96,3.34,13.7,Salesforce Ventures,Venture Capital,3,Healthcare & Biotech,Singapore,Asia,Singapore,INV0058
R02585,S01607,EdgeHub,2025-10-14,2025,Q4,Pre-Seed,0.28,1.13,1.41,5.7,Amazon Alexa Fund,Venture Capital,5,Cybersecurity,United Kingdom,Europe,London,INV0061
R02586,S01608,IonFinance,2025-06-15,2025,Q2,Seed,1.01,7.47,8.48,24.1,Abu Dhabi Investment Authority,Crowdfunding,2,Logistics & Supply Chain,Australia,Oceania,Sydney,INV0051
R02587,S01608,IonFinance,2022-07-30,2022,Q3,Series B,31.84,353.61,385.45,23.6,General Catalyst,Accelerator,3,Logistics & Supply Chain,Australia,Oceania,Sydney,INV0009
R02588,S01609,VeloLabs,2020-03-26,2020,Q1,Seed,0.77,3.18,3.95,22.0,Google Ventures,Venture Capital,1,E-Commerce,United States,North America,Austin,INV0059
R02589,S01610,ZenCore,2021-12-28,2021,Q4,Pre-Seed,0.86,3.51,4.37,8.4,Bessemer Venture Partners,Venture Capital,2,Logistics & Supply Chain,India,Asia,Delhi NCR,INV0013
R02590,S01610,ZenCore,2023-12-29,2023,Q4,Series A,12.8,63.63,76.43,24.5,Intel Capital,Family Office,7,Logistics & Supply Chain,India,Asia,Delhi NCR,INV0056
R02591,S01610,ZenCore,2024-01-20,2024,Q1,Series C,86.21,633.01,719.22,23.4,Andreessen Horowitz (a16z),Angel Investor,4,Logistics & Supply Chain,India,Asia,Delhi NCR,INV0002
R02592,S01611,BetaBeam,2022-02-25,2022,Q1,Seed,1.5,9.32,10.82,21.2,Saudi Aramco Ventures,Venture Capital,5,Logistics & Supply Chain,China,Asia,Shenzhen,INV0052
R02593,S01611,BetaBeam,2022-03-25,2022,Q1,Series A,8.39,42.33,50.72,17.3,Index Ventures,Venture Capital,2,Logistics & Supply Chain,China,Asia,Shenzhen,INV0015
R02594,S01611,BetaBeam,2024-02-07,2024,Q1,Series C,65.98,445.61,511.59,18.7,GIC,Venture Capital,4,Logistics & Supply Chain,China,Asia,Shenzhen,INV0050
R02595,S01612,HubSecurity,2025-03-02,2025,Q1,Seed,0.63,4.42,5.05,19.9,DST Global,Angel Investor,1,Logistics & Supply Chain,Brazil,South America,São Paulo,INV0033
R02596,S01612,HubSecurity,2020-11-15,2020,Q4,Series A,23.11,229.34,252.45,24.6,Greylock Partners,Venture Capital,3,Logistics & Supply Chain,Brazil,South America,São Paulo,INV0018
R02597,S01612,HubSecurity,2024-07-13,2024,Q3,Series B,20.81,152.2,173.01,22.5,Coatue Management,Government/Sovereign Fund,8,Logistics & Supply Chain,Brazil,South America,São Paulo,INV0017
R02598,S01613,HubStack,2023-04-11,2023,Q2,Seed,4.01,37.32,41.33,18.9,Headline,Venture Capital,2,Robotics & Automation,India,Asia,Pune,INV0045
R02599,S01613,HubStack,2022-11-13,2022,Q4,Series B,30.67,207.15,237.82,27.0,GV (Google Ventures),Private Equity,1,Robotics & Automation,India,Asia,Pune,INV0011
R02600,S01613,HubStack,2020-07-16,2020,Q3,Series D,118.3,533.12,651.42,12.2,TLcom Capital,Crowdfunding,1,Robotics & Automation,India,Asia,Pune,INV0068
R02601,S01614,NexusSpace,2023-01-06,2023,Q1,Pre-Seed,0.3,1.69,1.99,6.1,Accel India,Venture Capital,1,Fintech,Nigeria,Africa,Nairobi,INV0073
R02602,S01614,NexusSpace,2024-12-05,2024,Q4,Series A,45.0,361.85,406.85,25.5,NEA,Private Equity,1,Fintech,Nigeria,Africa,Nairobi,INV0020
R02603,S01614,NexusSpace,2023-01-20,2023,Q1,Series C,53.22,203.63,256.85,13.4,Accel Partners,Private Equity,1,Fintech,Nigeria,Africa,Nairobi,INV0004
R02604,S01615,Onyxverse,2022-06-10,2022,Q2,Seed,1.35,10.01,11.36,17.5,Abu Dhabi Investment Authority,Angel Investor,1,SaaS / Enterprise Software,United States,North America,Austin,INV0051
R02605,S01615,Onyxverse,2022-01-24,2022,Q1,Series B,42.01,425.77,467.78,18.8,GIC,Accelerator,4,SaaS / Enterprise Software,United States,North America,Austin,INV0050
R02606,S01616,AstraCore,2024-06-17,2024,Q2,Seed,5.13,29.28,34.41,20.3,LocalGlobe,Corporate VC,3,Gaming & Entertainment,United States,North America,Boston,INV0042
R02607,S01616,AstraCore,2025-07-18,2025,Q3,Series A,21.05,235.23,256.28,17.9,First Round Capital,Angel Investor,2,Gaming & Entertainment,United States,North America,Boston,INV0040
R02608,S01617,PulsePay,2025-05-30,2025,Q2,Pre-Seed,0.67,2.94,3.61,14.9,Qualcomm Ventures,Crowdfunding,7,Fintech,United States,North America,San Diego,INV0062
R02609,S01617,PulsePay,2021-07-25,2021,Q3,Series A,21.42,212.86,234.28,24.0,Peak XV Partners (fka Sequoia India),Venture Capital,1,Fintech,United States,North America,San Diego,INV0021
R02610,S01617,PulsePay,2025-03-31,2025,Q1,Series B,73.73,541.49,615.22,28.4,Y Combinator,Angel Investor,2,Fintech,United States,North America,San Diego,INV0007
R02611,S01618,Pixelverse,2021-08-01,2021,Q3,Pre-Seed,0.16,1.58,1.74,13.9,General Catalyst,Corporate VC,7,Artificial Intelligence,India,Asia,Mumbai,INV0009
R02612,S01619,VibeSecurity,2020-08-07,2020,Q3,Seed,2.74,23.71,26.45,10.3,Accel Partners,Venture Capital,3,Artificial Intelligence,United States,North America,Denver,INV0004
R02613,S01619,VibeSecurity,2023-09-11,2023,Q3,Series A,11.78,90.51,102.29,15.2,Saudi Aramco Ventures,Accelerator,3,Artificial Intelligence,United States,North America,Denver,INV0052
R02614,S01620,Hubio,2020-04-09,2020,Q2,Pre-Seed,0.34,1.72,2.06,7.6,Partech,Venture Capital,2,E-Commerce,United States,North America,Miami,INV0046
R02615,S01620,Hubio,2021-10-14,2021,Q4,Series A,10.1,99.2,109.3,29.8,Plug and Play,Angel Investor,4,E-Commerce,United States,North America,Miami,INV0026
R02616,S01621,RuneForge,2024-07-23,2024,Q3,Seed,1.43,10.82,12.25,16.1,Sapphire Ventures,Accelerator,1,Social Media / Creator Economy,United States,North America,Austin,INV0035
R02617,S01622,PulseLink,2025-07-29,2025,Q3,Pre-Seed,0.41,3.9,4.31,11.0,Tencent,Accelerator,5,Insurtech,United States,North America,Boston,INV0053
R02618,S01622,PulseLink,2025-01-11,2025,Q1,Series A,32.33,134.79,167.12,27.6,SBI Investment,Venture Capital,10,Insurtech,United States,North America,Boston,INV0065
R02619,S01623,KiteBeam,2024-10-24,2024,Q4,Pre-Seed,0.18,1.45,1.63,14.2,Qualcomm Ventures,Venture Capital,4,Edtech,Australia,Oceania,Sydney,INV0062
R02620,S01623,KiteBeam,2023-07-09,2023,Q3,Seed,1.09,8.32,9.41,18.7,Founders Fund,Venture Capital,4,Edtech,Australia,Oceania,Sydney,INV0014
R02621,S01623,KiteBeam,2025-05-11,2025,Q2,Series B,28.8,344.58,373.38,20.6,Matrix Partners,Angel Investor,4,Edtech,Australia,Oceania,Sydney,INV0022
R02622,S01624,NeoRobotics,2023-09-25,2023,Q3,Seed,1.94,13.77,15.71,11.4,Partech,Private Equity,2,Food & AgriTech,India,Asia,Mumbai,INV0046
R02623,S01625,CorePay,2021-10-08,2021,Q4,Seed,2.08,12.69,14.77,16.3,Northzone,Accelerator,2,Fintech,France,Europe,Toulouse,INV0047
R02624,S01625,CorePay,2021-04-02,2021,Q2,Series A,12.59,143.67,156.26,20.0,General Catalyst,Family Office,2,Fintech,France,Europe,Toulouse,INV0009
R02625,S01626,Cloudly,2020-03-30,2020,Q1,Seed,0.91,8.14,9.05,17.0,Coatue Management,Venture Capital,1,Real Estate Tech,United States,North America,Boston,INV0017
R02626,S01626,Cloudly,2024-11-25,2024,Q4,Series B,18.33,191.78,210.11,21.0,Sequoia Capital,Crowdfunding,1,Real Estate Tech,United States,North America,Boston,INV0001
R02627,S01627,VibeBio,2023-05-14,2023,Q2,Seed,1.94,13.08,15.02,13.4,Lightspeed Venture Partners,Private Equity,3,E-Commerce,India,Asia,Chennai,INV0006
R02628,S01627,VibeBio,2023-02-09,2023,Q1,Series A,3.76,44.23,47.99,18.5,Intel Capital,Angel Investor,5,E-Commerce,India,Asia,Chennai,INV0056
R02629,S01628,SageHub,2022-09-18,2022,Q3,Seed,5.62,47.96,53.58,17.9,Point Nine Capital,Venture Capital,2,SaaS / Enterprise Software,United States,North America,Chicago,INV0044
R02630,S01629,TideRobotics,2023-07-27,2023,Q3,Seed,0.8,6.6,7.4,11.2,Google Ventures,Venture Capital,6,Robotics & Automation,United States,North America,Chicago,INV0059
R02631,S01630,OrionHub,2021-05-01,2021,Q2,Pre-Seed,0.97,4.61,5.58,12.3,Salesforce Ventures,Private Equity,7,SaaS / Enterprise Software,United States,North America,San Francisco,INV0058
R02632,S01631,AlphaNet,2021-07-16,2021,Q3,Pre-Seed,1.63,13.05,14.68,13.1,Sapphire Ventures,Corporate VC,1,Space Tech,United Kingdom,Europe,Manchester,INV0035
R02633,S01632,ZenLabs,2021-02-15,2021,Q1,Pre-Seed,0.64,5.71,6.35,14.3,Amazon Alexa Fund,Angel Investor,4,Fintech,United Kingdom,Europe,Cambridge,INV0061
R02634,S01632,ZenLabs,2023-12-01,2023,Q4,Series A,27.11,303.7,330.81,17.3,GIC,Venture Capital,1,Fintech,United Kingdom,Europe,Cambridge,INV0050
R02635,S01633,Dawnio,2025-11-14,2025,Q4,Pre-Seed,0.2,1.37,1.57,14.6,Tiger Global,Corporate VC,2,Artificial Intelligence,United States,North America,Seattle,INV0003
R02636,S01634,AlphaHealth,2025-10-24,2025,Q4,Pre-Seed,0.37,1.68,2.05,10.0,Amazon Alexa Fund,Family Office,1,Fintech,United States,North America,New York,INV0061
R02637,S01634,AlphaHealth,2021-05-16,2021,Q2,Series A,11.7,121.13,132.83,21.9,500 Global,Corporate VC,2,Fintech,United States,North America,New York,INV0023
R02638,S01635,BoltSystems,2022-11-16,2022,Q4,Seed,5.45,50.35,55.8,23.0,Coatue Management,Accelerator,8,Edtech,United States,North America,Boston,INV0017
R02639,S01635,BoltSystems,2024-05-29,2024,Q2,Series A,25.33,179.47,204.8,20.4,Temasek,Private Equity,8,Edtech,United States,North America,Boston,INV0049
R02640,S01635,BoltSystems,2021-02-04,2021,Q1,Series B,28.12,135.55,163.67,25.6,Temasek,Government/Sovereign Fund,5,Edtech,United States,North America,Boston,INV0049
R02641,S01636,VeloFinance,2023-04-08,2023,Q2,Seed,2.09,10.29,12.38,20.8,Balderton Capital,Government/Sovereign Fund,3,Travel Tech,India,Asia,Bangalore,INV0031
R02642,S01636,VeloFinance,2020-03-02,2020,Q1,Series B,41.75,213.58,255.33,18.8,Headline,Angel Investor,3,Travel Tech,India,Asia,Bangalore,INV0045
R02643,S01636,VeloFinance,2023-08-26,2023,Q3,Series C,53.55,171.93,225.48,22.4,GV (Google Ventures),Venture Capital,5,Travel Tech,India,Asia,Bangalore,INV0011
R02644,S01637,PixelForge,2020-09-03,2020,Q3,Pre-Seed,0.63,4.36,4.99,5.4,Intel Capital,Venture Capital,5,Artificial Intelligence,Israel,Middle East,Tel Aviv,INV0056
R02645,S01638,ApexFinance,2024-01-09,2024,Q1,Pre-Seed,0.92,6.6,7.52,6.6,Lightspeed Venture Partners,Venture Capital,4,E-Commerce,Israel,Middle East,Haifa,INV0006
R02646,S01638,ApexFinance,2020-08-16,2020,Q3,Seed,0.93,7.33,8.26,24.3,Tiger Global,Venture Capital,5,E-Commerce,Israel,Middle East,Haifa,INV0003
R02647,S01639,DawnCloud,2022-11-25,2022,Q4,Seed,1.59,11.72,13.31,12.8,Chiratae Ventures,Private Equity,4,Artificial Intelligence,India,Asia,Chennai,INV0070
R02648,S01640,TideTech,2024-01-13,2024,Q1,Pre-Seed,0.59,2.01,2.6,12.6,First Round Capital,Government/Sovereign Fund,4,Gaming & Entertainment,United States,North America,San Francisco,INV0040
R02649,S01640,TideTech,2020-03-22,2020,Q1,Series A,9.9,48.39,58.29,16.3,Elevation Capital,Government/Sovereign Fund,7,Gaming & Entertainment,United States,North America,San Francisco,INV0036
R02650,S01641,IonSense,2020-03-16,2020,Q1,Seed,1.3,11.21,12.51,24.9,Peak XV Partners (fka Sequoia India),Venture Capital,6,Insurtech,United States,North America,Boston,INV0021
R02651,S01641,IonSense,2022-11-04,2022,Q4,Series A,11.28,99.6,110.88,23.4,Insight Partners,Private Equity,5,Insurtech,United States,North America,Boston,INV0010
R02652,S01642,RapidMind,2026-03-05,2026,Q1,Seed,2.4,18.5,20.9,14.9,Balderton Capital,Corporate VC,2,Food & AgriTech,United States,North America,San Francisco,INV0031
R02653,S01642,RapidMind,2022-07-07,2022,Q3,Series A,23.03,132.23,155.26,19.4,Peak XV Partners (fka Sequoia India),Venture Capital,2,Food & AgriTech,United States,North America,San Francisco,INV0021
R02654,S01642,RapidMind,2025-10-14,2025,Q4,Series C,184.01,1132.93,1316.94,11.3,Y Combinator,Venture Capital,2,Food & AgriTech,United States,North America,San Francisco,INV0007
R02655,S01643,BetaLogic,2022-10-23,2022,Q4,Pre-Seed,0.23,0.84,1.07,6.2,Atomico,Angel Investor,1,Web3 / Blockchain,United States,North America,New York,INV0032
R02656,S01644,CyberSystems,2020-05-27,2020,Q2,Pre-Seed,0.29,2.64,2.93,7.5,Mitsubishi UFJ Capital,Venture Capital,2,Artificial Intelligence,United Kingdom,Europe,Manchester,INV0064
R02657,S01645,TideLogic,2025-02-01,2025,Q1,Pre-Seed,0.18,1.55,1.73,7.4,Sequoia Capital,Venture Capital,2,Fintech,Brazil,South America,São Paulo,INV0001
R02658,S01645,TideLogic,2026-02-15,2026,Q1,Series A,8.2,80.9,89.1,24.6,Union Square Ventures,Angel Investor,1,Fintech,Brazil,South America,São Paulo,INV0039
R02659,S01646,CoreTech,2020-07-11,2020,Q3,Seed,1.31,4.72,6.03,21.2,TLcom Capital,Venture Capital,2,Healthcare & Biotech,United States,North America,Chicago,INV0068
R02660,S01646,CoreTech,2020-09-29,2020,Q3,Series B,35.79,165.38,201.17,28.7,Sequoia Capital,Venture Capital,1,Healthcare & Biotech,United States,North America,Chicago,INV0001
R02661,S01647,DawnTech,2020-01-11,2020,Q1,Pre-Seed,0.56,3.66,4.22,5.4,Balderton Capital,Venture Capital,3,Edtech,United Kingdom,Europe,Edinburgh,INV0031
R02662,S01647,DawnTech,2023-05-13,2023,Q2,Seed,3.33,11.74,15.07,20.3,Y Combinator,Private Equity,2,Edtech,United Kingdom,Europe,Edinburgh,INV0007
R02663,S01647,DawnTech,2025-10-09,2025,Q4,Series B,49.56,350.76,400.32,26.5,Rakuten Capital,Venture Capital,3,Edtech,United Kingdom,Europe,Edinburgh,INV0063
R02664,S01648,EchoRobotics,2020-06-16,2020,Q2,Seed,1.99,7.65,9.64,12.9,Redpoint Ventures,Venture Capital,1,Logistics & Supply Chain,Germany,Europe,Hamburg,INV0038
R02665,S01648,EchoRobotics,2022-10-17,2022,Q4,Series A,10.39,105.65,116.04,29.8,Rakuten Capital,Accelerator,11,Logistics & Supply Chain,Germany,Europe,Hamburg,INV0063
R02666,S01649,SwiftBase,2021-08-03,2021,Q3,Seed,2.27,14.15,16.42,17.0,Sapphire Ventures,Venture Capital,8,Space Tech,Indonesia,Asia,Surabaya,INV0035
R02667,S01649,SwiftBase,2020-08-10,2020,Q3,Series A,13.09,87.13,100.22,23.3,Matrix Partners,Private Equity,4,Space Tech,Indonesia,Asia,Surabaya,INV0022
R02668,S01650,QuantumFinance,2023-01-09,2023,Q1,Seed,2.07,6.42,8.49,16.9,Insight Partners,Venture Capital,2,Web3 / Blockchain,China,Asia,Hangzhou,INV0010
R02669,S01650,QuantumFinance,2026-01-26,2026,Q1,Series B,10.0,65.75,75.75,28.4,Blume Ventures,Family Office,5,Web3 / Blockchain,China,Asia,Hangzhou,INV0071
R02670,S01650,QuantumFinance,2022-09-13,2022,Q3,Series D,99.56,321.78,421.34,16.2,DST Global,Government/Sovereign Fund,5,Web3 / Blockchain,China,Asia,Hangzhou,INV0033
R02671,S01651,KiteLabs,2025-12-20,2025,Q4,Pre-Seed,0.28,1.45,1.73,10.6,Coatue Management,Angel Investor,4,Artificial Intelligence,South Korea,Asia,Busan,INV0017
R02672,S01651,KiteLabs,2024-08-26,2024,Q3,Series A,44.05,212.41,256.46,26.3,Sequoia Capital,Corporate VC,3,Artificial Intelligence,South Korea,Asia,Busan,INV0001
R02673,S01652,OrionFinance,2022-10-20,2022,Q4,Pre-Seed,0.37,2.5,2.87,13.3,Point Nine Capital,Family Office,2,Cybersecurity,United States,North America,New York,INV0044
R02674,S01653,Yieldverse,2024-07-12,2024,Q3,Seed,3.35,12.16,15.51,16.4,500 Global,Venture Capital,5,Artificial Intelligence,India,Asia,Bangalore,INV0023
R02675,S01653,Yieldverse,2025-05-09,2025,Q2,Series B,23.88,252.4,276.28,23.3,GIC,Private Equity,3,Artificial Intelligence,India,Asia,Bangalore,INV0050
R02676,S01653,Yieldverse,2020-01-09,2020,Q1,Series D,161.83,595.66,757.49,21.4,Rakuten Capital,Government/Sovereign Fund,3,Artificial Intelligence,India,Asia,Bangalore,INV0063
R02677,S01654,IonHealth,2021-03-19,2021,Q1,Seed,3.46,30.68,34.14,21.8,Union Square Ventures,Family Office,4,Artificial Intelligence,Germany,Europe,Munich,INV0039
R02678,S01655,DeltaEnergy,2025-08-26,2025,Q3,Seed,1.5,10.49,11.99,17.7,Sequoia Capital,Government/Sovereign Fund,7,Fintech,Nigeria,Africa,Nairobi,INV0001
R02679,S01655,DeltaEnergy,2024-11-03,2024,Q4,Series B,31.21,186.18,217.39,23.2,TLcom Capital,Venture Capital,3,Fintech,Nigeria,Africa,Nairobi,INV0068
R02680,S01656,ProtoCloud,2023-12-25,2023,Q4,Pre-Seed,0.49,3.71,4.2,7.7,B Capital Group,Venture Capital,6,Fintech,Poland,Europe,Warsaw,INV0048
R02681,S01657,QuarkRobotics,2021-02-28,2021,Q1,Seed,3.37,13.78,17.15,12.9,Temasek,Angel Investor,2,E-Commerce,Kenya,Africa,Nairobi,INV0049
R02682,S01658,VertexBeam,2024-02-16,2024,Q1,Seed,1.62,12.0,13.62,16.8,Khosla Ventures,Corporate VC,3,SaaS / Enterprise Software,Australia,Oceania,Sydney,INV0012
R02683,S01659,NeoFinance,2022-05-04,2022,Q2,Pre-Seed,0.52,1.68,2.2,8.0,Mitsubishi UFJ Capital,Venture Capital,4,Insurtech,United States,North America,Denver,INV0064
R02684,S01659,NeoFinance,2022-03-10,2022,Q1,Series A,16.43,81.42,97.85,23.4,Amazon Alexa Fund,Government/Sovereign Fund,3,Insurtech,United States,North America,Denver,INV0061
R02685,S01660,NeoWare,2020-05-21,2020,Q2,Pre-Seed,0.38,2.65,3.03,6.9,GV (Google Ventures),Venture Capital,4,Fintech,Philippines,Asia,Manila,INV0011
R02686,S01660,NeoWare,2024-04-08,2024,Q2,Seed,0.71,2.4,3.11,18.7,SOSV,Angel Investor,2,Fintech,Philippines,Asia,Manila,INV0025
R02687,S01661,AlphaForge,2020-12-10,2020,Q4,Pre-Seed,0.29,1.89,2.18,10.3,Balderton Capital,Venture Capital,1,Insurtech,United States,North America,San Francisco,INV0031
R02688,S01662,NeoBase,2024-06-27,2024,Q2,Pre-Seed,0.17,1.55,1.72,12.1,DST Global,Angel Investor,6,Artificial Intelligence,Israel,Middle East,Jerusalem,INV0033
R02689,S01662,NeoBase,2021-08-12,2021,Q3,Series A,13.52,161.22,174.74,15.9,General Catalyst,Venture Capital,9,Artificial Intelligence,Israel,Middle East,Jerusalem,INV0009
R02690,S01662,NeoBase,2023-06-25,2023,Q2,Series B,42.44,197.97,240.41,24.3,GV (Google Ventures),Angel Investor,2,Artificial Intelligence,Israel,Middle East,Jerusalem,INV0011
R02691,S01663,WaveSense,2020-10-31,2020,Q4,Seed,0.56,3.29,3.85,10.5,Greylock Partners,Angel Investor,1,Healthcare & Biotech,United States,North America,New York,INV0018
R02692,S01664,Metaio,2020-07-16,2020,Q3,Pre-Seed,0.54,2.19,2.73,6.2,Elevation Capital,Corporate VC,2,HR Tech,Netherlands,Europe,Amsterdam,INV0036
R02693,S01665,CruxLabs,2023-12-15,2023,Q4,Seed,2.19,11.62,13.81,22.7,Redpoint Ventures,Venture Capital,3,Healthcare & Biotech,Mexico,South America,Monterrey,INV0038
R02694,S01665,CruxLabs,2026-01-12,2026,Q1,Series B,58.51,335.25,393.76,20.3,Y Combinator,Angel Investor,1,Healthcare & Biotech,Mexico,South America,Monterrey,INV0007
R02695,S01666,CyberNet,2024-12-26,2024,Q4,Pre-Seed,0.46,2.24,2.7,12.7,Techstars,Venture Capital,4,Fintech,Israel,Middle East,Tel Aviv,INV0024
R02696,S01666,CyberNet,2020-08-16,2020,Q3,Seed,1.13,6.43,7.56,23.8,Kingsway Capital,Family Office,1,Fintech,Israel,Middle East,Tel Aviv,INV0067
R02697,S01667,QuantumPay,2025-05-15,2025,Q2,Seed,1.42,5.24,6.66,22.2,Mitsubishi UFJ Capital,Angel Investor,11,SaaS / Enterprise Software,United States,North America,Austin,INV0064
R02698,S01668,GridWare,2022-07-02,2022,Q3,Pre-Seed,0.56,2.56,3.12,12.9,Matrix Partners,Angel Investor,6,Artificial Intelligence,Brazil,South America,Belo Horizonte,INV0022
R02699,S01669,RapidLogic,2024-12-11,2024,Q4,Seed,3.51,29.3,32.81,15.6,Khosla Ventures,Private Equity,2,Social Media / Creator Economy,China,Asia,Shanghai,INV0012
R02700,S01669,RapidLogic,2025-06-24,2025,Q2,Series B,23.14,257.49,280.63,27.7,Accel India,Private Equity,1,Social Media / Creator Economy,China,Asia,Shanghai,INV0073
R02701,S01669,RapidLogic,2022-09-12,2022,Q3,Series C,150.94,1082.21,1233.15,23.3,SBI Investment,Venture Capital,1,Social Media / Creator Economy,China,Asia,Shanghai,INV0065
R02702,S01670,NovaForge,2021-02-20,2021,Q1,Seed,1.49,4.83,6.32,15.4,DST Global,Corporate VC,7,E-Commerce,United Kingdom,Europe,Cambridge,INV0033
R02703,S01670,NovaForge,2022-09-21,2022,Q3,Series A,13.92,161.09,175.01,21.3,Google Ventures,Family Office,4,E-Commerce,United Kingdom,Europe,Cambridge,INV0059
R02704,S01671,ZenStack,2022-05-04,2022,Q2,Seed,1.98,13.26,15.24,18.4,Saudi Aramco Ventures,Venture Capital,2,Fintech,United States,North America,Denver,INV0052
R02705,S01672,TideSpace,2022-03-27,2022,Q1,Seed,3.09,12.75,15.84,23.5,GV (Google Ventures),Venture Capital,1,Artificial Intelligence,Germany,Europe,Munich,INV0011
R02706,S01673,MetaSystems,2024-03-17,2024,Q1,Pre-Seed,0.55,4.16,4.71,8.2,Y Combinator,Venture Capital,1,Artificial Intelligence,Canada,North America,Toronto,INV0007
R02707,S01673,MetaSystems,2024-12-28,2024,Q4,Series A,11.92,121.73,133.65,29.6,Norwest Venture Partners,Angel Investor,1,Artificial Intelligence,Canada,North America,Toronto,INV0037
R02708,S01674,QuarkSecurity,2023-06-25,2023,Q2,Pre-Seed,0.24,0.73,0.97,8.2,Saudi Aramco Ventures,Venture Capital,2,E-Commerce,India,Asia,Chennai,INV0052
R02709,S01675,ZenoNet,2020-07-01,2020,Q3,Pre-Seed,0.27,1.96,2.23,14.4,Greylock Partners,Accelerator,8,Artificial Intelligence,China,Asia,Shanghai,INV0018
R02710,S01675,ZenoNet,2024-08-14,2024,Q3,Series A,12.77,135.86,148.63,26.3,SBI Investment,Government/Sovereign Fund,7,Artificial Intelligence,China,Asia,Shanghai,INV0065
R02711,S01676,ZenoLogic,2022-05-26,2022,Q2,Pre-Seed,0.26,2.57,2.83,10.7,Microsoft M12,Private Equity,3,Cybersecurity,Germany,Europe,Frankfurt,INV0057
R02712,S01677,EchoX,2021-04-07,2021,Q2,Seed,2.35,10.12,12.47,21.6,Atomico,Angel Investor,1,Web3 / Blockchain,United States,North America,Seattle,INV0032
R02713,S01678,RuneHub,2024-08-27,2024,Q3,Seed,1.32,4.25,5.57,16.9,General Catalyst,Crowdfunding,7,SaaS / Enterprise Software,United States,North America,San Diego,INV0009
R02714,S01679,HubSpace,2023-10-29,2023,Q4,Seed,1.64,6.33,7.97,10.9,Point Nine Capital,Venture Capital,8,Real Estate Tech,United Kingdom,Europe,Edinburgh,INV0044
R02715,S01679,HubSpace,2025-10-08,2025,Q4,Series A,8.59,97.22,105.81,20.0,Bessemer Venture Partners,Corporate VC,6,Real Estate Tech,United Kingdom,Europe,Edinburgh,INV0013
R02716,S01680,ForgeStack,2024-03-22,2024,Q1,Pre-Seed,0.52,3.86,4.38,6.5,SBI Investment,Crowdfunding,9,Space Tech,United States,North America,San Francisco,INV0065
R02717,S01680,ForgeStack,2024-09-23,2024,Q3,Seed,3.07,17.37,20.44,20.0,First Round Capital,Angel Investor,1,Space Tech,United States,North America,San Francisco,INV0040
R02718,S01681,GridCore,2023-07-17,2023,Q3,Seed,2.91,12.86,15.77,19.1,GV (Google Ventures),Venture Capital,3,Food & AgriTech,China,Asia,Shanghai,INV0011
R02719,S01682,HyperSense,2024-12-01,2024,Q4,Seed,1.0,8.21,9.21,14.8,Abu Dhabi Investment Authority,Venture Capital,3,SaaS / Enterprise Software,Sweden,Europe,Gothenburg,INV0051
R02720,S01683,CyberPay,2020-02-29,2020,Q1,Seed,2.19,21.58,23.77,10.9,Google Ventures,Venture Capital,4,Robotics & Automation,Switzerland,Europe,Geneva,INV0059
R02721,S01684,HyperLabs,2020-07-05,2020,Q3,Pre-Seed,0.6,4.28,4.88,9.3,Partech,Accelerator,4,Fintech,United States,North America,Miami,INV0046
R02722,S01684,HyperLabs,2025-07-17,2025,Q3,Series A,3.26,28.99,32.25,22.0,Northzone,Corporate VC,6,Fintech,United States,North America,Miami,INV0047
R02723,S01685,ForgeDynamics,2020-09-03,2020,Q3,Seed,0.5,2.94,3.44,19.8,First Round Capital,Private Equity,4,Edtech,United States,North America,Boston,INV0040
R02724,S01685,ForgeDynamics,2024-05-09,2024,Q2,Series A,7.18,58.03,65.21,20.7,Plug and Play,Government/Sovereign Fund,1,Edtech,United States,North America,Boston,INV0026
R02725,S01686,ProtoX,2021-11-30,2021,Q4,Pre-Seed,1.79,15.77,17.56,14.7,Alibaba Group,Family Office,2,Web3 / Blockchain,United States,North America,Seattle,INV0054
R02726,S01687,BetaHub,2023-05-16,2023,Q2,Seed,2.29,8.01,10.3,15.2,Lightspeed Venture Partners,Angel Investor,5,HR Tech,Israel,Middle East,Jerusalem,INV0006
R02727,S01687,BetaHub,2023-09-07,2023,Q3,Series A,11.09,77.55,88.64,26.2,Sapphire Ventures,Venture Capital,1,HR Tech,Israel,Middle East,Jerusalem,INV0035
R02728,S01688,FluxBeam,2025-12-29,2025,Q4,Pre-Seed,0.18,1.18,1.36,8.3,EQT Ventures,Private Equity,5,Edtech,United States,North America,Chicago,INV0030
R02729,S01688,FluxBeam,2022-11-24,2022,Q4,Seed,2.33,19.26,21.59,23.1,Partech Africa,Venture Capital,1,Edtech,United States,North America,Chicago,INV0069
R02730,S01689,LumeSecurity,2023-07-11,2023,Q3,Pre-Seed,0.54,3.96,4.5,11.1,IVP,Crowdfunding,4,Fintech,Saudi Arabia,Middle East,Riyadh,INV0034
R02731,S01690,EdgeRobotics,2020-02-03,2020,Q1,Pre-Seed,0.41,1.57,1.98,7.7,Norwest Venture Partners,Venture Capital,6,Climate Tech / Clean Energy,United States,North America,New York,INV0037
R02732,S01690,EdgeRobotics,2024-04-19,2024,Q2,Series A,9.04,71.13,80.17,16.8,Draper Associates,Venture Capital,5,Climate Tech / Clean Energy,United States,North America,New York,INV0041
R02733,S01691,Onyxfy,2021-01-08,2021,Q1,Pre-Seed,0.16,0.51,0.67,12.7,Partech,Venture Capital,5,Healthcare & Biotech,China,Asia,Shenzhen,INV0046
R02734,S01691,Onyxfy,2024-02-06,2024,Q1,Series A,5.75,64.24,69.99,16.1,Headline,Private Equity,2,Healthcare & Biotech,China,Asia,Shenzhen,INV0045
R02735,S01692,RuneBeam,2021-04-24,2021,Q2,Pre-Seed,0.22,1.98,2.2,6.8,Rakuten Capital,Angel Investor,6,Artificial Intelligence,Switzerland,Europe,Zurich,INV0063
R02736,S01693,CyberTech,2023-01-10,2023,Q1,Pre-Seed,0.65,2.42,3.07,13.3,Cherry Ventures,Corporate VC,3,Logistics & Supply Chain,United States,North America,Denver,INV0043
R02737,S01694,DeltaHub,2020-11-16,2020,Q4,Seed,3.39,16.08,19.47,10.8,Sapphire Ventures,Angel Investor,2,Fintech,Estonia,Europe,Tallinn,INV0035
R02738,S01694,DeltaHub,2020-02-12,2020,Q1,Series A,3.0,34.66,37.66,24.0,Seedcamp,Venture Capital,4,Fintech,Estonia,Europe,Tallinn,INV0028
R02739,S01695,Coreverse,2024-05-10,2024,Q2,Pre-Seed,0.55,2.87,3.42,10.4,Sapphire Ventures,Venture Capital,3,Artificial Intelligence,India,Asia,Mumbai,INV0035
R02740,S01695,Coreverse,2025-06-19,2025,Q2,Series A,12.07,131.16,143.23,24.9,Khosla Ventures,Venture Capital,2,Artificial Intelligence,India,Asia,Mumbai,INV0012
R02741,S01695,Coreverse,2020-03-13,2020,Q1,Series B,31.8,301.2,333.0,27.0,Balderton Capital,Corporate VC,9,Artificial Intelligence,India,Asia,Mumbai,INV0031
R02742,S01696,Novafy,2025-06-06,2025,Q2,Pre-Seed,0.41,1.33,1.74,10.2,Elevation Capital,Angel Investor,2,Artificial Intelligence,United States,North America,San Francisco,INV0036
R02743,S01697,SwiftLink,2024-07-14,2024,Q3,Pre-Seed,0.34,3.23,3.57,9.2,Blume Ventures,Angel Investor,2,Artificial Intelligence,India,Asia,Bangalore,INV0071
R02744,S01698,Forgely,2021-11-03,2021,Q4,Pre-Seed,0.58,3.03,3.61,11.0,Qualcomm Ventures,Venture Capital,9,Healthcare & Biotech,United Kingdom,Europe,Edinburgh,INV0062
R02745,S01699,NovaTech,2020-03-11,2020,Q1,Pre-Seed,0.75,7.05,7.8,11.8,TLcom Capital,Venture Capital,3,Artificial Intelligence,United States,North America,Miami,INV0068
R02746,S01699,NovaTech,2020-11-20,2020,Q4,Seed,2.07,8.15,10.22,14.8,Qualcomm Ventures,Venture Capital,2,Artificial Intelligence,United States,North America,Miami,INV0062
R02747,S01700,SageMind,2023-10-11,2023,Q4,Pre-Seed,0.51,4.88,5.39,7.7,Saudi Aramco Ventures,Angel Investor,4,SaaS / Enterprise Software,United States,North America,San Francisco,INV0052
R02748,S01700,SageMind,2024-10-26,2024,Q4,Series A,9.18,76.67,85.85,25.9,Matrix Partners,Corporate VC,1,SaaS / Enterprise Software,United States,North America,San Francisco,INV0022
R02749,S01701,OnyxFlow,2021-02-23,2021,Q1,Pre-Seed,0.41,1.51,1.92,7.2,Northzone,Venture Capital,8,Real Estate Tech,Thailand,Asia,Bangkok,INV0047
R02750,S01701,OnyxFlow,2022-07-05,2022,Q3,Series A,12.04,90.89,102.93,16.1,Matrix Partners,Private Equity,3,Real Estate Tech,Thailand,Asia,Bangkok,INV0022
R02751,S01702,CruxSecurity,2023-05-13,2023,Q2,Seed,1.33,10.06,11.39,24.0,General Catalyst,Government/Sovereign Fund,5,Climate Tech / Clean Energy,United States,North America,San Francisco,INV0009
R02752,S01702,CruxSecurity,2023-04-25,2023,Q2,Series A,18.94,159.46,178.4,19.4,Union Square Ventures,Government/Sovereign Fund,1,Climate Tech / Clean Energy,United States,North America,San Francisco,INV0039
R02753,S01702,CruxSecurity,2025-03-08,2025,Q1,Series B,50.03,260.95,310.98,15.3,Peak XV Partners (fka Sequoia India),Venture Capital,8,Climate Tech / Clean Energy,United States,North America,San Francisco,INV0021
R02754,S01703,ApexBio,2022-02-19,2022,Q1,Seed,1.19,9.73,10.92,23.2,Alibaba Group,Government/Sovereign Fund,2,SaaS / Enterprise Software,United States,North America,Boston,INV0054
R02755,S01704,Pulsely,2025-07-22,2025,Q3,Seed,7.46,62.95,70.41,11.7,Kingsway Capital,Accelerator,3,Climate Tech / Clean Energy,United Kingdom,Europe,Bristol,INV0067
R02756,S01705,SageFinance,2025-08-28,2025,Q3,Seed,1.34,11.96,13.3,23.4,Kingsway Capital,Venture Capital,8,Cybersecurity,Colombia,South America,Medellín,INV0067
R02757,S01705,SageFinance,2026-01-02,2026,Q1,Series B,20.97,196.18,217.15,29.7,Benchmark,Corporate VC,5,Cybersecurity,Colombia,South America,Medellín,INV0008
R02758,S01706,ApexLabs,2020-07-08,2020,Q3,Seed,2.35,19.68,22.03,23.9,General Catalyst,Crowdfunding,3,Fintech,United States,North America,Austin,INV0009
R02759,S01707,BetaForge,2022-04-16,2022,Q2,Seed,3.66,26.53,30.19,20.0,Atomico,Government/Sovereign Fund,4,E-Commerce,United States,North America,New York,INV0032
R02760,S01708,BetaWorks,2024-02-10,2024,Q1,Pre-Seed,0.6,4.12,4.72,7.9,Matrix Partners,Corporate VC,4,Fintech,Sweden,Europe,Gothenburg,INV0022
R02761,S01708,BetaWorks,2025-10-02,2025,Q4,Series A,23.16,112.91,136.07,20.5,Bessemer Venture Partners,Venture Capital,2,Fintech,Sweden,Europe,Gothenburg,INV0013
R02762,S01708,BetaWorks,2023-02-24,2023,Q1,Series B,16.72,71.87,88.59,22.2,Alibaba Group,Corporate VC,1,Fintech,Sweden,Europe,Gothenburg,INV0054
R02763,S01709,EchoLogic,2020-04-05,2020,Q2,Pre-Seed,1.64,6.45,8.09,14.6,Northzone,Accelerator,1,Healthcare & Biotech,United Kingdom,Europe,Cambridge,INV0047
R02764,S01710,UltraX,2025-11-19,2025,Q4,Pre-Seed,0.63,2.98,3.61,6.8,Union Square Ventures,Venture Capital,3,Food & AgriTech,China,Asia,Guangzhou,INV0039
R02765,S01711,HyperSystems,2022-10-04,2022,Q4,Pre-Seed,0.9,4.44,5.34,7.7,Antler,Venture Capital,1,Healthcare & Biotech,Indonesia,Asia,Surabaya,INV0027
R02766,S01712,TideNet,2021-07-31,2021,Q3,Seed,2.48,24.18,26.66,18.6,Matrix Partners,Venture Capital,2,Social Media / Creator Economy,Indonesia,Asia,Surabaya,INV0022
R02767,S01713,JetHub,2020-03-21,2020,Q1,Seed,1.52,11.58,13.1,18.8,TLcom Capital,Family Office,1,Healthcare & Biotech,United States,North America,New York,INV0068
R02768,S01714,XenoStack,2024-02-13,2024,Q1,Seed,4.25,21.16,25.41,12.2,Tencent,Venture Capital,4,Fintech,United States,North America,New York,INV0053
R02769,S01715,LumeDynamics,2023-10-18,2023,Q4,Pre-Seed,0.42,3.82,4.24,6.4,Rakuten Capital,Angel Investor,2,Fintech,Israel,Middle East,Jerusalem,INV0063
R02770,S01716,DataBase,2024-05-11,2024,Q2,Pre-Seed,0.23,1.1,1.33,9.3,GV (Google Ventures),Venture Capital,3,Healthcare & Biotech,China,Asia,Hangzhou,INV0011
R02771,S01717,OrionBio,2022-08-01,2022,Q3,Pre-Seed,0.77,3.89,4.66,8.5,Headline,Family Office,1,Web3 / Blockchain,United States,North America,Chicago,INV0045
R02772,S01718,KiteSpace,2023-03-06,2023,Q1,Pre-Seed,0.42,3.52,3.94,9.2,Peak XV Partners (fka Sequoia India),Angel Investor,4,Cybersecurity,India,Asia,Chennai,INV0021
R02773,S01718,KiteSpace,2022-05-08,2022,Q2,Series A,31.16,142.49,173.65,16.5,Antler,Venture Capital,6,Cybersecurity,India,Asia,Chennai,INV0027
R02774,S01718,KiteSpace,2023-01-28,2023,Q1,Series C,53.88,332.01,385.89,20.6,Y Combinator,Corporate VC,4,Cybersecurity,India,Asia,Chennai,INV0007
R02775,S01719,Quantumly,2020-07-10,2020,Q3,Seed,1.11,3.42,4.53,10.5,Qualcomm Ventures,Venture Capital,7,HR Tech,South Korea,Asia,Seoul,INV0062
R02776,S01720,Zenverse,2024-11-24,2024,Q4,Pre-Seed,0.56,3.39,3.95,14.2,Microsoft M12,Corporate VC,3,Cybersecurity,China,Asia,Guangzhou,INV0057
R02777,S01721,EchoHub,2022-09-01,2022,Q3,Seed,0.79,2.47,3.26,19.6,Balderton Capital,Corporate VC,7,E-Commerce,India,Asia,Hyderabad,INV0031
R02778,S01722,CyberSpace,2022-01-28,2022,Q1,Seed,1.28,7.63,8.91,13.6,Coatue Management,Venture Capital,3,Artificial Intelligence,China,Asia,Beijing,INV0017
R02779,S01722,CyberSpace,2020-10-19,2020,Q4,Series A,11.36,92.56,103.92,17.2,Techstars,Crowdfunding,3,Artificial Intelligence,China,Asia,Beijing,INV0024
R02780,S01723,NeoBio,2025-03-05,2025,Q1,Seed,5.33,26.21,31.54,14.2,Antler,Family Office,3,Healthcare & Biotech,India,Asia,Bangalore,INV0027
R02781,S01724,JetPay,2021-03-15,2021,Q1,Seed,1.4,8.72,10.12,15.0,500 Global,Private Equity,6,Artificial Intelligence,France,Europe,Paris,INV0023
R02782,S01725,Protoly,2025-02-17,2025,Q1,Pre-Seed,0.86,3.91,4.77,11.2,Temasek,Venture Capital,1,Healthcare & Biotech,United Kingdom,Europe,Bristol,INV0049
R02783,S01725,Protoly,2023-04-26,2023,Q2,Seed,2.73,22.46,25.19,10.4,IVP,Private Equity,3,Healthcare & Biotech,United Kingdom,Europe,Bristol,INV0034
R02784,S01726,VeloWare,2024-10-21,2024,Q4,Seed,1.87,13.81,15.68,14.5,DST Global,Accelerator,5,Travel Tech,United States,North America,Chicago,INV0033
R02785,S01726,VeloWare,2021-03-29,2021,Q1,Series A,8.71,56.64,65.35,26.5,SOSV,Accelerator,4,Travel Tech,United States,North America,Chicago,INV0025
R02786,S01727,Hubfy,2025-10-12,2025,Q4,Pre-Seed,0.28,1.37,1.65,5.9,Coatue Management,Venture Capital,10,SaaS / Enterprise Software,Singapore,Asia,Singapore,INV0017
R02787,S01727,Hubfy,2025-09-13,2025,Q3,Seed,1.73,13.55,15.28,22.4,Kingsway Capital,Private Equity,3,SaaS / Enterprise Software,Singapore,Asia,Singapore,INV0067
R02788,S01728,AlphaAI,2022-10-12,2022,Q4,Pre-Seed,0.18,1.3,1.48,8.2,NEA,Corporate VC,6,Climate Tech / Clean Energy,Netherlands,Europe,Rotterdam,INV0020
R02789,S01728,AlphaAI,2024-07-03,2024,Q3,Series A,13.14,93.74,106.88,21.7,GV (Google Ventures),Private Equity,2,Climate Tech / Clean Energy,Netherlands,Europe,Rotterdam,INV0011
R02790,S01728,AlphaAI,2023-10-24,2023,Q4,Series C,38.37,163.48,201.85,13.9,NVIDIA NVentures,Family Office,2,Climate Tech / Clean Energy,Netherlands,Europe,Rotterdam,INV0060
R02791,S01729,PixelLogic,2025-12-31,2025,Q4,Pre-Seed,0.52,2.14,2.66,10.1,GV (Google Ventures),Crowdfunding,1,SaaS / Enterprise Software,United States,North America,Austin,INV0011
R02792,S01730,SageBeam,2022-10-07,2022,Q4,Pre-Seed,0.35,3.42,3.77,14.3,Temasek,Venture Capital,3,Edtech,United States,North America,Chicago,INV0049
R02793,S01731,AstraMind,2020-04-04,2020,Q2,Pre-Seed,0.48,3.49,3.97,14.2,Techstars,Accelerator,3,Cybersecurity,United States,North America,Seattle,INV0024
R02794,S01731,AstraMind,2024-03-23,2024,Q1,Series A,24.55,234.41,258.96,23.2,Accel Partners,Crowdfunding,2,Cybersecurity,United States,North America,Seattle,INV0004
R02795,S01732,VeloHealth,2025-05-31,2025,Q2,Seed,1.12,6.62,7.74,13.1,Plug and Play,Angel Investor,5,E-Commerce,Australia,Oceania,Sydney,INV0026
R02796,S01733,RuneNet,2020-12-24,2020,Q4,Seed,3.02,26.51,29.53,10.0,Samsung Ventures,Venture Capital,7,Climate Tech / Clean Energy,United Kingdom,Europe,London,INV0055
R02797,S01734,AstraLink,2025-01-03,2025,Q1,Seed,2.58,19.34,21.92,14.2,Plug and Play,Angel Investor,7,Artificial Intelligence,China,Asia,Hangzhou,INV0026
R02798,S01735,QuantumBeam,2023-09-03,2023,Q3,Pre-Seed,0.29,2.25,2.54,8.1,Benchmark,Venture Capital,3,E-Commerce,China,Asia,Hangzhou,INV0008
R02799,S01735,QuantumBeam,2021-07-19,2021,Q3,Series A,12.33,112.7,125.03,21.4,Naspers / Prosus,Angel Investor,3,E-Commerce,China,Asia,Hangzhou,INV0066
R02800,S01736,Sagely,2021-07-31,2021,Q3,Seed,1.4,4.37,5.77,18.7,Amazon Alexa Fund,Corporate VC,4,Logistics & Supply Chain,Japan,Asia,Tokyo,INV0061
R02801,S01737,VibeHealth,2024-11-27,2024,Q4,Seed,1.12,3.96,5.08,15.9,GV (Google Ventures),Corporate VC,3,Fintech,United States,North America,Austin,INV0011
R02802,S01738,CruxPay,2023-10-08,2023,Q4,Seed,1.08,5.4,6.48,12.7,Partech Africa,Private Equity,2,Healthcare & Biotech,Brazil,South America,São Paulo,INV0069
R02803,S01738,CruxPay,2025-04-19,2025,Q2,Series A,10.86,70.31,81.17,24.6,SoftBank Vision Fund,Venture Capital,3,Healthcare & Biotech,Brazil,South America,São Paulo,INV0005
R02804,S01739,ZenNet,2023-08-22,2023,Q3,Pre-Seed,1.37,10.22,11.59,12.8,Alibaba Group,Venture Capital,2,Web3 / Blockchain,China,Asia,Guangzhou,INV0054
R02805,S01739,ZenNet,2023-07-27,2023,Q3,Series A,9.53,52.09,61.62,26.3,SOSV,Venture Capital,6,Web3 / Blockchain,China,Asia,Guangzhou,INV0025
R02806,S01740,QuantumBase,2025-06-14,2025,Q2,Pre-Seed,0.16,0.68,0.84,9.3,Google Ventures,Venture Capital,1,Healthcare & Biotech,China,Asia,Beijing,INV0059
R02807,S01741,Hubverse,2020-06-30,2020,Q2,Seed,1.84,8.9,10.74,19.3,Temasek,Corporate VC,1,Cybersecurity,Singapore,Asia,Singapore,INV0049
R02808,S01741,Hubverse,2022-06-09,2022,Q2,Series B,30.0,176.6,206.6,28.3,Ribbit Capital,Venture Capital,4,Cybersecurity,Singapore,Asia,Singapore,INV0016
R02809,S01742,VeloSpace,2022-10-24,2022,Q4,Pre-Seed,0.3,2.02,2.32,5.2,Mitsubishi UFJ Capital,Venture Capital,1,Edtech,United States,North America,San Diego,INV0064
R02810,S01743,BetaTech,2022-01-21,2022,Q1,Seed,1.34,5.13,6.47,22.1,Union Square Ventures,Venture Capital,2,SaaS / Enterprise Software,Netherlands,Europe,Rotterdam,INV0039
R02811,S01743,BetaTech,2024-05-12,2024,Q2,Series A,8.29,89.84,98.13,16.7,Founders Fund,Angel Investor,3,SaaS / Enterprise Software,Netherlands,Europe,Rotterdam,INV0014
R02812,S01744,EdgeBase,2024-11-17,2024,Q4,Seed,1.05,4.42,5.47,21.2,TLcom Capital,Angel Investor,4,SaaS / Enterprise Software,United States,North America,Los Angeles,INV0068
R02813,S01744,EdgeBase,2020-07-31,2020,Q3,Series B,34.51,312.93,347.44,21.7,Sequoia Capital,Private Equity,4,SaaS / Enterprise Software,United States,North America,Los Angeles,INV0001
R02814,S01745,VertexFinance,2020-05-29,2020,Q2,Seed,1.12,9.04,10.16,17.4,Lightspeed Venture Partners,Family Office,1,Artificial Intelligence,Kenya,Africa,Nairobi,INV0006
R02815,S01745,VertexFinance,2021-05-01,2021,Q2,Series A,19.85,218.46,238.31,16.3,GV (Google Ventures),Venture Capital,9,Artificial Intelligence,Kenya,Africa,Nairobi,INV0011
R02816,S01745,VertexFinance,2025-11-29,2025,Q4,Series B,53.48,421.59,475.07,26.1,IVP,Angel Investor,5,Artificial Intelligence,Kenya,Africa,Nairobi,INV0034
R02817,S01746,MetaFlow,2025-08-15,2025,Q3,Seed,0.63,2.55,3.18,20.5,Balderton Capital,Angel Investor,2,Climate Tech / Clean Energy,Israel,Middle East,Haifa,INV0031
R02818,S01747,VeloFlow,2022-02-20,2022,Q1,Pre-Seed,0.61,5.87,6.48,11.2,Ribbit Capital,Accelerator,2,Gaming & Entertainment,United States,North America,Seattle,INV0016
