startup_name,industry,country,funding_amount_usd,funding_stage,source_dataset
"Williamson, Greer and Clark",SaaS,Australia,304706.0,Seed,startup_funding_dataset
"Bradford, Green and Miranda",Finance,India,641212096.0,IPO,startup_funding_dataset
Kelly LLC,AI,UK,4149256.0,Series A,startup_funding_dataset
Riggs-Wells,Health,France,940259054.0,IPO,startup_funding_dataset
"Walters, Edwards and Welch",E-commerce,France,419487.0,Seed,startup_funding_dataset
"Martinez, Miller and Valdez",AI,UK,4356688.0,Series A,startup_funding_dataset
Garcia Inc,Education,USA,48615111.0,Series B,startup_funding_dataset
"Castro, Brown and Anderson",Finance,Netherlands,246306446.0,IPO,startup_funding_dataset
"Thompson, Orozco and Johnson",Gaming,Germany,387248.0,Seed,startup_funding_dataset
"Drake, Nelson and Smith",SaaS,USA,171659162.0,Series C,startup_funding_dataset
Page-Brooks,SaaS,Canada,25021898.0,Series B,startup_funding_dataset
Perez PLC,SaaS,Canada,15381185.0,Series B,startup_funding_dataset
Mcintyre-Gonzalez,SaaS,India,108337.0,Seed,startup_funding_dataset
Rice-Krueger,AI,UK,603891616.0,IPO,startup_funding_dataset
Adams-Burke,Education,Canada,32978521.0,Series B,startup_funding_dataset
Gross-Vazquez,SaaS,France,321493.0,Seed,startup_funding_dataset
Deleon-Morrison,Education,Germany,384290.0,Seed,startup_funding_dataset
Hunt PLC,Finance,Australia,445137464.0,IPO,startup_funding_dataset
"Edwards, Fisher and Johnson",AI,Netherlands,2678391.0,Series A,startup_funding_dataset
Santiago Group,Tech,USA,1993382.0,Series A,startup_funding_dataset
Schaefer-Walker,Education,Australia,503448862.0,IPO,startup_funding_dataset
Schwartz-Hansen,AI,USA,915449700.0,IPO,startup_funding_dataset
Velazquez Inc,Health,India,413097.0,Seed,startup_funding_dataset
Davis Inc,Health,Germany,969794492.0,IPO,startup_funding_dataset
Thornton Group,Gaming,Germany,2823288.0,Series A,startup_funding_dataset
"Hicks, Walters and Crawford",Finance,France,30785233.0,Series B,startup_funding_dataset
"Fuentes, Bright and Rice",Tech,Germany,452812896.0,IPO,startup_funding_dataset
"Harris, Hicks and Martinez",Gaming,Australia,54326520.0,Series C,startup_funding_dataset
Lowe-Lawson,Tech,India,3172004.0,Series A,startup_funding_dataset
Hogan-Martin,Health,France,171156441.0,Series C,startup_funding_dataset
Porter Inc,E-commerce,Germany,434321.0,Seed,startup_funding_dataset
Salinas-Wilson,SaaS,India,20213168.0,Series B,startup_funding_dataset
Gates-Hall,Education,USA,49164978.0,Series B,startup_funding_dataset
"Franco, Jenkins and Davis",Health,UK,954481067.0,IPO,startup_funding_dataset
Kelly-Perez,Tech,Australia,38022554.0,Series B,startup_funding_dataset
Ochoa Group,SaaS,Canada,875505221.0,IPO,startup_funding_dataset
Greer-Evans,E-commerce,Germany,31185367.0,Series B,startup_funding_dataset
Mccarthy-Scott,Gaming,India,492204156.0,IPO,startup_funding_dataset
Campbell PLC,Tech,UK,98229893.0,Series C,startup_funding_dataset
Torres-Rivera,E-commerce,Australia,5487164.0,Series A,startup_funding_dataset
Williams-Palmer,Education,France,92642917.0,Series C,startup_funding_dataset
"Williamson, Marshall and Miller",Education,Germany,28296395.0,Series B,startup_funding_dataset
Miller-Hunter,AI,France,195103070.0,Series C,startup_funding_dataset
Vasquez Ltd,Education,Netherlands,772675997.0,IPO,startup_funding_dataset
"Chase, Garcia and Collins",SaaS,USA,356895.0,Seed,startup_funding_dataset
Kelly-Mata,Tech,Netherlands,165091418.0,Series C,startup_funding_dataset
"Clark, Wallace and Lewis",Education,UK,33194821.0,Series B,startup_funding_dataset
Cox-Ryan,Gaming,Germany,7873154.0,Series A,startup_funding_dataset
Freeman Inc,Education,USA,309408.0,Seed,startup_funding_dataset
Wright-Turner,Gaming,UK,71152189.0,Series C,startup_funding_dataset
"Palmer, Branch and Ward",E-commerce,Canada,10273549.0,Series B,startup_funding_dataset
Castaneda PLC,E-commerce,India,76353123.0,Series C,startup_funding_dataset
Higgins-Smith,E-commerce,Netherlands,3587231.0,Series A,startup_funding_dataset
Johnson-Farrell,SaaS,France,179672205.0,Series C,startup_funding_dataset
"Gonzales, Walton and Webb",Finance,Germany,1023276.0,Series A,startup_funding_dataset
"Green, Macdonald and Green",E-commerce,Australia,140708501.0,Series C,startup_funding_dataset
Snyder and Sons,Finance,Canada,8186900.0,Series A,startup_funding_dataset
Wood and Sons,Gaming,UK,460470.0,Seed,startup_funding_dataset
Taylor-Fernandez,Gaming,Netherlands,517461857.0,IPO,startup_funding_dataset
Richardson Group,Tech,France,518072574.0,IPO,startup_funding_dataset
"Jackson, Brown and Francis",Tech,Canada,110010644.0,Series C,startup_funding_dataset
"Chapman, Gilbert and Fitzgerald",Health,Canada,80717.0,Seed,startup_funding_dataset
Smith-Arnold,Finance,India,611926058.0,IPO,startup_funding_dataset
Peterson LLC,E-commerce,Canada,845755100.0,IPO,startup_funding_dataset
"Larson, Norris and Moore",AI,USA,129632.0,Seed,startup_funding_dataset
Bradford-Russell,SaaS,Canada,160404.0,Seed,startup_funding_dataset
Snyder Ltd,Tech,UK,9605245.0,Series A,startup_funding_dataset
"Flores, Ritter and Walker",Tech,France,420976.0,Seed,startup_funding_dataset
Duncan Ltd,AI,France,32753106.0,Series B,startup_funding_dataset
Smith LLC,Education,UK,17314923.0,Series B,startup_funding_dataset
"Sandoval, Campbell and Green",Tech,USA,39116617.0,Series B,startup_funding_dataset
"Munoz, Avery and Jacobson",SaaS,Netherlands,213927473.0,IPO,startup_funding_dataset
Matthews-Willis,Finance,Netherlands,7874060.0,Series A,startup_funding_dataset
"Davis, Farmer and Curtis",Health,UK,2611381.0,Series A,startup_funding_dataset
Stark and Sons,Gaming,Netherlands,872233528.0,IPO,startup_funding_dataset
Johnson and Sons,E-commerce,France,5856960.0,Series A,startup_funding_dataset
Smith-Wu,Health,USA,32373997.0,Series B,startup_funding_dataset
"Tate, Mclean and Simpson",AI,UK,334120.0,Seed,startup_funding_dataset
Stafford and Sons,E-commerce,UK,148414162.0,Series C,startup_funding_dataset
Nichols Ltd,Gaming,USA,128184206.0,Series C,startup_funding_dataset
Moreno Group,Finance,France,16083786.0,Series B,startup_funding_dataset
"Douglas, Delgado and Miller",E-commerce,Canada,58539317.0,Series C,startup_funding_dataset
Ibarra-Meyer,Tech,UK,138166484.0,Series C,startup_funding_dataset
Robinson Group,AI,Netherlands,109072157.0,Series C,startup_funding_dataset
"Young, Braun and Mcdowell",Finance,Australia,49531232.0,Series B,startup_funding_dataset
Chavez Ltd,Health,India,140656086.0,Series C,startup_funding_dataset
Greene-Young,AI,Germany,520823899.0,IPO,startup_funding_dataset
"Valentine, Guzman and Jones",SaaS,Germany,124299329.0,Series C,startup_funding_dataset
Farley-Richardson,Finance,Netherlands,22297876.0,Series B,startup_funding_dataset
"Ray, Evans and Williams",Education,Australia,941305234.0,IPO,startup_funding_dataset
Boone-Rodriguez,Health,Australia,5217077.0,Series A,startup_funding_dataset
Brock and Sons,Health,India,231564796.0,IPO,startup_funding_dataset
"Curtis, Burns and Cochran",AI,USA,284177133.0,IPO,startup_funding_dataset
"Daugherty, Santana and Bradley",E-commerce,USA,34154324.0,Series B,startup_funding_dataset
Harris-Price,AI,UK,7410532.0,Series A,startup_funding_dataset
Henry-Peck,Education,Australia,180698577.0,Series C,startup_funding_dataset
Banks LLC,Gaming,Netherlands,916547613.0,IPO,startup_funding_dataset
"Cruz, Ward and Munoz",SaaS,Canada,494110.0,Seed,startup_funding_dataset
Sparks-Burton,Finance,Canada,148876033.0,Series C,startup_funding_dataset
Wise-Stuart,Tech,France,157372.0,Seed,startup_funding_dataset
Kelly-Dawson,SaaS,Canada,13866350.0,Series B,startup_funding_dataset
Lang-Davis,Education,India,3162430.0,Series A,startup_funding_dataset
"Obrien, Meyer and Whitehead",Gaming,India,17617184.0,Series B,startup_funding_dataset
"Jordan, Bean and Burns",Tech,USA,9121035.0,Series A,startup_funding_dataset
Gray-Martin,Finance,France,73194843.0,Series C,startup_funding_dataset
Shelton Inc,Finance,India,166182317.0,Series C,startup_funding_dataset
"Deleon, Mathis and Robinson",SaaS,India,37872070.0,Series B,startup_funding_dataset
"Jones, Carter and Foster",AI,India,178567.0,Seed,startup_funding_dataset
Byrd-Schwartz,E-commerce,USA,388086.0,Seed,startup_funding_dataset
Kennedy Group,Health,Canada,274166.0,Seed,startup_funding_dataset
"Estrada, Kelley and Carrillo",Finance,UK,318871.0,Seed,startup_funding_dataset
Bailey-Jones,Tech,Germany,986622061.0,IPO,startup_funding_dataset
Parker Inc,Finance,Germany,50678.0,Seed,startup_funding_dataset
Stone and Sons,E-commerce,Australia,53869275.0,Series C,startup_funding_dataset
"Stephens, Best and Thompson",SaaS,Canada,28294651.0,Series B,startup_funding_dataset
"Bishop, Wilson and Gonzalez",Finance,Netherlands,39024908.0,Series B,startup_funding_dataset
Brown and Sons,Tech,India,148231469.0,Series C,startup_funding_dataset
Nelson-Parker,Tech,Canada,45461696.0,Series B,startup_funding_dataset
Ellis-Cochran,Education,Germany,28443367.0,Series B,startup_funding_dataset
"Rogers, Henderson and Ramirez",SaaS,France,3062633.0,Series A,startup_funding_dataset
Moore-Baker,Health,Germany,916247470.0,IPO,startup_funding_dataset
Acosta-Brown,Education,Canada,3506879.0,Series A,startup_funding_dataset
Gonzalez-Raymond,SaaS,France,69976415.0,Series C,startup_funding_dataset
Singh and Sons,Education,Netherlands,22540239.0,Series B,startup_funding_dataset
Hayes Group,Health,France,223956.0,Seed,startup_funding_dataset
Ramirez PLC,Health,Netherlands,5296779.0,Series A,startup_funding_dataset
Price Group,E-commerce,UK,191996.0,Seed,startup_funding_dataset
Garza-Griffin,Education,UK,20047622.0,Series B,startup_funding_dataset
Reeves-Rivas,Tech,France,841483222.0,IPO,startup_funding_dataset
"Parker, Miles and Huff",Health,India,47655960.0,Series B,startup_funding_dataset
Smith and Sons,Education,Netherlands,377257561.0,IPO,startup_funding_dataset
Snyder-Webb,SaaS,India,7487648.0,Series A,startup_funding_dataset
Everett and Sons,Health,Australia,124525719.0,Series C,startup_funding_dataset
"Edwards, Burton and Carson",SaaS,Australia,283239139.0,IPO,startup_funding_dataset
"Crawford, Johnston and Everett",Finance,USA,869557948.0,IPO,startup_funding_dataset
"Rocha, Torres and Moore",Education,Canada,36331325.0,Series B,startup_funding_dataset
Johnson-Berry,Finance,India,153693.0,Seed,startup_funding_dataset
Cooper LLC,Education,France,14317058.0,Series B,startup_funding_dataset
Thompson PLC,SaaS,USA,412006.0,Seed,startup_funding_dataset
"Salas, Miller and Ruiz",Tech,India,22301846.0,Series B,startup_funding_dataset
Greer-Taylor,Finance,Netherlands,350434.0,Seed,startup_funding_dataset
Wolf-Anderson,SaaS,Canada,29369320.0,Series B,startup_funding_dataset
Fleming LLC,Gaming,India,63316823.0,Series C,startup_funding_dataset
Miller-Watson,Education,Canada,45702831.0,Series B,startup_funding_dataset
"Woods, Gomez and Graham",SaaS,Canada,247075552.0,IPO,startup_funding_dataset
"Cook, Perkins and Berger",Education,France,27183917.0,Series B,startup_funding_dataset
Sanders and Sons,Finance,UK,570368877.0,IPO,startup_funding_dataset
Shaw-Wolf,Education,Germany,18584071.0,Series B,startup_funding_dataset
Oneal Group,E-commerce,UK,146761.0,Seed,startup_funding_dataset
"Schmidt, Mathews and Boone",Finance,Netherlands,34101204.0,Series B,startup_funding_dataset
Beck-Ball,Education,Netherlands,8602589.0,Series A,startup_funding_dataset
"Morris, May and Henderson",Tech,Australia,72497446.0,Series C,startup_funding_dataset
Lee Group,AI,Canada,2146154.0,Series A,startup_funding_dataset
"King, Larson and Jones",AI,UK,412280666.0,IPO,startup_funding_dataset
Murphy-Holt,Health,France,7920973.0,Series A,startup_funding_dataset
"Marsh, Gibbs and Carpenter",Health,Canada,14508889.0,Series B,startup_funding_dataset
Williams-Reid,AI,India,4105436.0,Series A,startup_funding_dataset
Baker Ltd,Education,Australia,548514222.0,IPO,startup_funding_dataset
Jones Group,Education,France,77820.0,Seed,startup_funding_dataset
Munoz-Esparza,AI,Canada,542188990.0,IPO,startup_funding_dataset
Thomas-Valencia,E-commerce,Australia,48351554.0,Series B,startup_funding_dataset
Young-Cantrell,Gaming,Canada,43081334.0,Series B,startup_funding_dataset
Abbott Inc,Tech,India,752071506.0,IPO,startup_funding_dataset
Phelps LLC,Education,Netherlands,21166524.0,Series B,startup_funding_dataset
Glass Ltd,Education,India,225144.0,Seed,startup_funding_dataset
Kerr-Tran,Education,Germany,729605641.0,IPO,startup_funding_dataset
Brown-Miranda,Education,UK,34592957.0,Series B,startup_funding_dataset
Allen and Sons,Finance,India,10045027.0,Series B,startup_funding_dataset
Juarez-Woods,AI,Australia,3066783.0,Series A,startup_funding_dataset
"Lamb, Gibbs and Turner",AI,Australia,6935410.0,Series A,startup_funding_dataset
"Thomas, Gonzalez and Morris",Health,Germany,831048678.0,IPO,startup_funding_dataset
Matthews-Rios,Tech,Netherlands,372378.0,Seed,startup_funding_dataset
Torres-Williams,Health,India,821069773.0,IPO,startup_funding_dataset
Chavez-Stewart,Education,Australia,32784848.0,Series B,startup_funding_dataset
Parks Ltd,Education,Canada,25596692.0,Series B,startup_funding_dataset
"Yates, Simmons and Baker",Education,France,12667611.0,Series B,startup_funding_dataset
Huerta and Sons,Health,Australia,424919.0,Seed,startup_funding_dataset
Brooks-Wong,SaaS,Australia,99132917.0,Series C,startup_funding_dataset
Terry-Powell,Education,Germany,49229577.0,Series B,startup_funding_dataset
Conner-Kramer,Education,Netherlands,142338789.0,Series C,startup_funding_dataset
Baker-Stanley,Finance,Australia,97282704.0,Series C,startup_funding_dataset
"Turner, Huff and Poole",E-commerce,USA,164407.0,Seed,startup_funding_dataset
Walker Ltd,Tech,Canada,6032335.0,Series A,startup_funding_dataset
Williams Ltd,E-commerce,Canada,489847.0,Seed,startup_funding_dataset
Elliott and Sons,Gaming,UK,1690432.0,Series A,startup_funding_dataset
Ramirez Inc,Tech,India,421730.0,Seed,startup_funding_dataset
"Rivas, Chan and Brown",Gaming,USA,337012326.0,IPO,startup_funding_dataset
Sanders-Burke,E-commerce,Germany,60774066.0,Series C,startup_funding_dataset
Turner LLC,Gaming,Canada,125641.0,Seed,startup_funding_dataset
"Good, Yoder and Jackson",E-commerce,Netherlands,38075399.0,Series B,startup_funding_dataset
"Curry, Bates and Anderson",AI,Canada,39625570.0,Series B,startup_funding_dataset
"Meyer, Munoz and Carr",SaaS,France,50460885.0,Series C,startup_funding_dataset
Anderson Group,Health,UK,301602752.0,IPO,startup_funding_dataset
Hamilton-Walls,SaaS,France,12802656.0,Series B,startup_funding_dataset
Warren Inc,Finance,Australia,186575.0,Seed,startup_funding_dataset
"Moore, Brady and Moore",Gaming,Netherlands,1142173.0,Series A,startup_funding_dataset
Parker-Morse,Finance,USA,471355889.0,IPO,startup_funding_dataset
Vasquez-Walters,Health,Canada,3250347.0,Series A,startup_funding_dataset
Johnson-Barnett,E-commerce,UK,11478876.0,Series B,startup_funding_dataset
"Ramirez, Adkins and Peterson",Finance,Australia,632745442.0,IPO,startup_funding_dataset
"Ward, Watts and Rubio",SaaS,France,389253282.0,IPO,startup_funding_dataset
Powell-Calhoun,Gaming,Netherlands,170187501.0,Series C,startup_funding_dataset
Harris-Thomas,AI,USA,244055.0,Seed,startup_funding_dataset
"Munoz, Taylor and Mason",E-commerce,Netherlands,441415.0,Seed,startup_funding_dataset
"Rogers, Sandoval and Bullock",Tech,Australia,9255795.0,Series A,startup_funding_dataset
Gray-Mora,Health,USA,34980399.0,Series B,startup_funding_dataset
"Nelson, Wright and Mckenzie",AI,France,154780161.0,Series C,startup_funding_dataset
"King, Garcia and Curry",SaaS,USA,322397916.0,IPO,startup_funding_dataset
Griffith-Collins,AI,France,3386561.0,Series A,startup_funding_dataset
"Stevenson, Sweeney and Bishop",Education,India,815671936.0,IPO,startup_funding_dataset
"Davenport, Butler and Singleton",AI,Germany,228716371.0,IPO,startup_funding_dataset
Reyes LLC,SaaS,USA,34067110.0,Series B,startup_funding_dataset
Austin LLC,SaaS,UK,64833.0,Seed,startup_funding_dataset
Martin-Rasmussen,AI,Germany,493049.0,Seed,startup_funding_dataset
White Inc,Finance,Netherlands,51297917.0,Series C,startup_funding_dataset
"Cunningham, Smith and Hoffman",Finance,Netherlands,175327.0,Seed,startup_funding_dataset
Baldwin Inc,Education,USA,702209625.0,IPO,startup_funding_dataset
Carroll-Gallagher,Finance,Netherlands,42929886.0,Series B,startup_funding_dataset
White LLC,Health,Germany,328713369.0,IPO,startup_funding_dataset
"Reynolds, Gay and Chambers",Health,Canada,444237.0,Seed,startup_funding_dataset
Pearson-Hernandez,Health,UK,613964813.0,IPO,startup_funding_dataset
Grimes and Sons,Education,USA,180450.0,Seed,startup_funding_dataset
"Lane, Jordan and Carter",Health,Canada,37632662.0,Series B,startup_funding_dataset
Boone Inc,Gaming,Canada,7302274.0,Series A,startup_funding_dataset
Garcia-Hall,E-commerce,UK,405166.0,Seed,startup_funding_dataset
Carr-Woods,SaaS,Netherlands,36108741.0,Series B,startup_funding_dataset
Jackson LLC,Finance,Canada,9168744.0,Series A,startup_funding_dataset
"Miller, Rodriguez and Silva",Health,Netherlands,89202.0,Seed,startup_funding_dataset
"Ward, Martinez and Abbott",Gaming,Australia,1162729.0,Series A,startup_funding_dataset
Martin PLC,Education,France,201471652.0,IPO,startup_funding_dataset
Torres Group,Health,Australia,410375.0,Seed,startup_funding_dataset
Wallace Inc,E-commerce,USA,104011964.0,Series C,startup_funding_dataset
Mcknight LLC,SaaS,Netherlands,233461115.0,IPO,startup_funding_dataset
Davis-Davis,SaaS,Canada,14466756.0,Series B,startup_funding_dataset
"Thompson, Sanchez and Raymond",Tech,UK,53295138.0,Series C,startup_funding_dataset
"Simmons, Byrd and Rivera",Tech,UK,16694613.0,Series B,startup_funding_dataset
Smith Inc,Education,UK,267061.0,Seed,startup_funding_dataset
"Mack, Walters and Taylor",Health,India,2022827.0,Series A,startup_funding_dataset
Obrien Ltd,Tech,Canada,99148884.0,Series C,startup_funding_dataset
"Manning, Cross and Rojas",Tech,France,253675260.0,IPO,startup_funding_dataset
"Vaughn, Foley and Buchanan",AI,France,77733276.0,Series C,startup_funding_dataset
Conner Ltd,E-commerce,Netherlands,21423314.0,Series B,startup_funding_dataset
Wong Inc,AI,Netherlands,520732786.0,IPO,startup_funding_dataset
Andrews Group,Education,Germany,1178111.0,Series A,startup_funding_dataset
"Hernandez, Cruz and Johnson",E-commerce,UK,287400159.0,IPO,startup_funding_dataset
Johnson Group,AI,UK,4817417.0,Series A,startup_funding_dataset
Jordan LLC,AI,Canada,2006706.0,Series A,startup_funding_dataset
Moore and Sons,Tech,Australia,16484644.0,Series B,startup_funding_dataset
Miller Inc,Education,India,478715.0,Seed,startup_funding_dataset
Vargas Group,Tech,UK,9413542.0,Series A,startup_funding_dataset
"Lee, Wolfe and Anderson",Health,Germany,389146.0,Seed,startup_funding_dataset
Peterson and Sons,AI,Netherlands,9343742.0,Series A,startup_funding_dataset
Adams-Williams,Health,USA,2007980.0,Series A,startup_funding_dataset
Estrada-Gamble,AI,Australia,17774850.0,Series B,startup_funding_dataset
Hill-Cruz,AI,USA,40502023.0,Series B,startup_funding_dataset
Rodriguez-Byrd,Education,Netherlands,15916609.0,Series B,startup_funding_dataset
"Howard, Harris and Brown",Tech,India,73482.0,Seed,startup_funding_dataset
Larson-Wilson,Health,Canada,1869271.0,Series A,startup_funding_dataset
James-Collins,Health,Canada,5509879.0,Series A,startup_funding_dataset
"Farrell, Patrick and Brandt",Tech,UK,995878549.0,IPO,startup_funding_dataset
Contreras Group,Health,Australia,62249166.0,Series C,startup_funding_dataset
Rodriguez Group,E-commerce,USA,46269142.0,Series B,startup_funding_dataset
Garcia and Sons,Tech,Canada,1530226.0,Series A,startup_funding_dataset
Perkins PLC,Tech,India,17693909.0,Series B,startup_funding_dataset
Taylor PLC,Finance,USA,85503986.0,Series C,startup_funding_dataset
Salinas and Sons,AI,UK,223193.0,Seed,startup_funding_dataset
Hamilton LLC,Education,USA,182935848.0,Series C,startup_funding_dataset
"Johnson, Gates and Tapia",Gaming,Netherlands,108515632.0,Series C,startup_funding_dataset
"Vasquez, Brown and Perry",Finance,India,27915714.0,Series B,startup_funding_dataset
"Bishop, Boone and Harmon",Tech,Germany,74093592.0,Series C,startup_funding_dataset
Bautista Ltd,AI,Australia,2836624.0,Series A,startup_funding_dataset
Rodriguez and Sons,Gaming,Netherlands,12031956.0,Series B,startup_funding_dataset
Morris-Hawkins,AI,Canada,14660466.0,Series B,startup_funding_dataset
Chan Ltd,Health,UK,185281738.0,Series C,startup_funding_dataset
Stanley Inc,SaaS,Canada,836932957.0,IPO,startup_funding_dataset
Jenkins-Atkinson,SaaS,USA,307116.0,Seed,startup_funding_dataset
"Miller, Simmons and Peters",AI,USA,457321922.0,IPO,startup_funding_dataset
Scott PLC,Gaming,Australia,28648755.0,Series B,startup_funding_dataset
Simmons-Kim,Tech,Germany,1052792.0,Series A,startup_funding_dataset
"Brennan, Young and Stevenson",AI,Canada,112374707.0,Series C,startup_funding_dataset
"Davis, Anderson and Giles",E-commerce,Canada,7335471.0,Series A,startup_funding_dataset
Woods PLC,Health,Netherlands,93509691.0,Series C,startup_funding_dataset
Long LLC,Health,Australia,96461.0,Seed,startup_funding_dataset
Brewer LLC,Gaming,Germany,537573458.0,IPO,startup_funding_dataset
"Davis, Odom and Miller",SaaS,India,379349.0,Seed,startup_funding_dataset
"Evans, Mata and Lester",E-commerce,UK,32774289.0,Series B,startup_funding_dataset
Hanson Inc,Tech,Netherlands,150362437.0,Series C,startup_funding_dataset
"Thomas, Berry and Carlson",Health,India,506284197.0,IPO,startup_funding_dataset
Mendoza-Mason,SaaS,Canada,291000172.0,IPO,startup_funding_dataset
Martin-Farrell,AI,Canada,685393082.0,IPO,startup_funding_dataset
"Howe, Doyle and Roberts",Education,USA,387139.0,Seed,startup_funding_dataset
"Torres, Zhang and Carlson",Education,India,15847640.0,Series B,startup_funding_dataset
Kelly PLC,E-commerce,UK,158625019.0,Series C,startup_funding_dataset
Ramsey-Thomas,E-commerce,Netherlands,32573750.0,Series B,startup_funding_dataset
Spence and Sons,E-commerce,France,22834637.0,Series B,startup_funding_dataset
Hill PLC,Education,USA,43258256.0,Series B,startup_funding_dataset
Lopez and Sons,SaaS,USA,21702798.0,Series B,startup_funding_dataset
"Day, Cuevas and Cameron",Finance,Australia,808840839.0,IPO,startup_funding_dataset
Galvan Inc,SaaS,India,90977490.0,Series C,startup_funding_dataset
Rodriguez-Smith,Tech,India,912737835.0,IPO,startup_funding_dataset
Thompson-Madden,Gaming,Canada,114827.0,Seed,startup_funding_dataset
Smith PLC,Finance,Australia,9140393.0,Series A,startup_funding_dataset
Thomas Inc,E-commerce,USA,495641256.0,IPO,startup_funding_dataset
"Davis, Stokes and Hamilton",Tech,India,587103817.0,IPO,startup_funding_dataset
Williams PLC,Gaming,Canada,224995137.0,IPO,startup_funding_dataset
Cole-Robles,SaaS,Australia,422687815.0,IPO,startup_funding_dataset
Phillips PLC,Health,Netherlands,85177336.0,Series C,startup_funding_dataset
Williams-Sullivan,Education,Australia,9022504.0,Series A,startup_funding_dataset
"Carson, Rodriguez and Buck",Gaming,Netherlands,150351.0,Seed,startup_funding_dataset
Williams and Sons,SaaS,USA,393413993.0,IPO,startup_funding_dataset
Taylor Ltd,Finance,UK,4082159.0,Series A,startup_funding_dataset
"Romero, Davis and Torres",Gaming,Australia,74968515.0,Series C,startup_funding_dataset
Hamilton-Miller,Health,India,57892648.0,Series C,startup_funding_dataset
Campbell-Contreras,SaaS,France,752868352.0,IPO,startup_funding_dataset
"Gomez, Valentine and Castillo",Tech,India,4486508.0,Series A,startup_funding_dataset
Mcmahon LLC,E-commerce,Australia,939739297.0,IPO,startup_funding_dataset
Lewis PLC,Gaming,France,6738964.0,Series A,startup_funding_dataset
"Flores, Bailey and Carpenter",Health,Canada,16121029.0,Series B,startup_funding_dataset
Aguirre LLC,Tech,Australia,13416126.0,Series B,startup_funding_dataset
"Rosario, Beltran and Dillon",Education,Netherlands,207191.0,Seed,startup_funding_dataset
Warner Ltd,Gaming,USA,4084024.0,Series A,startup_funding_dataset
Cox-Pollard,E-commerce,Germany,33731998.0,Series B,startup_funding_dataset
Kim-Nolan,E-commerce,Netherlands,2954881.0,Series A,startup_funding_dataset
Douglas PLC,SaaS,Germany,154865.0,Seed,startup_funding_dataset
Valentine-White,Health,Netherlands,219234518.0,IPO,startup_funding_dataset
Fuller-Powell,AI,Netherlands,117929.0,Seed,startup_funding_dataset
Griffith-Meadows,Gaming,Netherlands,40879456.0,Series B,startup_funding_dataset
Irwin-Jones,Tech,Canada,447331.0,Seed,startup_funding_dataset
Curtis Ltd,AI,Netherlands,21115885.0,Series B,startup_funding_dataset
"Smith, Anderson and Valentine",Finance,France,39885582.0,Series B,startup_funding_dataset
"Bell, Rodriguez and Montgomery",E-commerce,Canada,102060933.0,Series C,startup_funding_dataset
Cherry-Lawrence,SaaS,Germany,162878.0,Seed,startup_funding_dataset
English Group,Tech,Australia,134832.0,Seed,startup_funding_dataset
Fuller-Nelson,Tech,UK,207701.0,Seed,startup_funding_dataset
"Levine, Jensen and Johnson",Health,Germany,12096341.0,Series B,startup_funding_dataset
Wiley-Velez,Education,India,283454.0,Seed,startup_funding_dataset
"Moore, Pearson and Sullivan",Education,France,156565319.0,Series C,startup_funding_dataset
Garcia-Ford,SaaS,Canada,18792964.0,Series B,startup_funding_dataset
"Salazar, Hickman and Jones",E-commerce,Australia,6776070.0,Series A,startup_funding_dataset
Jackson-Parks,Gaming,France,443574.0,Seed,startup_funding_dataset
"Chang, Hampton and Bishop",Health,UK,556240974.0,IPO,startup_funding_dataset
Turner Inc,Finance,Germany,116229244.0,Series C,startup_funding_dataset
Cole-Greer,AI,Netherlands,58159.0,Seed,startup_funding_dataset
Brown PLC,AI,Australia,416638.0,Seed,startup_funding_dataset
Burns Inc,Education,Germany,1642310.0,Series A,startup_funding_dataset
Larson-Barnett,SaaS,Canada,86197033.0,Series C,startup_funding_dataset
Palmer-Wilson,Finance,Netherlands,154450061.0,Series C,startup_funding_dataset
Thompson Group,Education,Netherlands,4551177.0,Series A,startup_funding_dataset
"Ramirez, Dougherty and Allen",Education,Netherlands,981555785.0,IPO,startup_funding_dataset
Peterson Ltd,Gaming,Canada,673783966.0,IPO,startup_funding_dataset
Jackson-Maxwell,E-commerce,Australia,558998116.0,IPO,startup_funding_dataset
"Smith, Mcdaniel and Foley",AI,India,21375613.0,Series B,startup_funding_dataset
Ward-Hernandez,Finance,India,60342338.0,Series C,startup_funding_dataset
"Parker, Gilbert and Davis",Finance,Canada,461767963.0,IPO,startup_funding_dataset
Landry Group,Finance,Netherlands,32977619.0,Series B,startup_funding_dataset
Smith-Brown,E-commerce,UK,979194089.0,IPO,startup_funding_dataset
"Woods, Hicks and Moore",AI,France,197279381.0,Series C,startup_funding_dataset
Hernandez-Moore,Health,Germany,354136600.0,IPO,startup_funding_dataset
"Wu, Long and Charles",AI,Australia,446316866.0,IPO,startup_funding_dataset
Sexton LLC,Gaming,Netherlands,626248974.0,IPO,startup_funding_dataset
Martinez-Turner,Tech,Australia,129261092.0,Series C,startup_funding_dataset
Ford Ltd,Education,USA,13728713.0,Series B,startup_funding_dataset
Watson-Sawyer,AI,Canada,152348236.0,Series C,startup_funding_dataset
"Padilla, Wilcox and Ramsey",Finance,UK,130169747.0,Series C,startup_funding_dataset
Smith-Lester,E-commerce,UK,84000595.0,Series C,startup_funding_dataset
"Sellers, Robertson and Joseph",Health,UK,430803880.0,IPO,startup_funding_dataset
"Mcbride, Bishop and Reeves",SaaS,Canada,14077745.0,Series B,startup_funding_dataset
Becker-Owens,Finance,UK,136296174.0,Series C,startup_funding_dataset
"Flores, Edwards and Wells",SaaS,UK,6553137.0,Series A,startup_funding_dataset
"Fletcher, Marsh and White",Tech,France,219470.0,Seed,startup_funding_dataset
Willis and Sons,Tech,USA,28863164.0,Series B,startup_funding_dataset
Clark-Warren,E-commerce,UK,7737140.0,Series A,startup_funding_dataset
"Smith, Schneider and Leonard",Health,Netherlands,155197531.0,Series C,startup_funding_dataset
Gates LLC,E-commerce,Netherlands,92998613.0,Series C,startup_funding_dataset
Stevens-Wright,Tech,USA,194843450.0,Series C,startup_funding_dataset
"Hall, Davis and Huerta",Education,Canada,532781598.0,IPO,startup_funding_dataset
Strickland-Miller,Tech,Canada,39451777.0,Series B,startup_funding_dataset
Gonzales PLC,SaaS,UK,552643491.0,IPO,startup_funding_dataset
Armstrong-Hubbard,Gaming,Germany,382693.0,Seed,startup_funding_dataset
"Hodge, Stevenson and Weaver",E-commerce,France,4919065.0,Series A,startup_funding_dataset
Dorsey and Sons,SaaS,France,978195913.0,IPO,startup_funding_dataset
Duncan-Zimmerman,AI,Germany,365379035.0,IPO,startup_funding_dataset
Chen-Rodriguez,Gaming,India,20852857.0,Series B,startup_funding_dataset
Young-Blair,SaaS,Netherlands,107203161.0,Series C,startup_funding_dataset
"Roach, Tran and Arnold",SaaS,USA,419579525.0,IPO,startup_funding_dataset
"Moreno, Perry and Moses",Gaming,Germany,542703499.0,IPO,startup_funding_dataset
Beard-Cruz,Finance,Canada,7862923.0,Series A,startup_funding_dataset
"Arnold, Stewart and Williams",Gaming,Canada,9243732.0,Series A,startup_funding_dataset
Wilkinson LLC,Gaming,USA,792830248.0,IPO,startup_funding_dataset
Cunningham-Martin,Tech,UK,82989765.0,Series C,startup_funding_dataset
"Flores, Wilson and Bell",Education,Germany,462305.0,Seed,startup_funding_dataset
Glover Inc,SaaS,Netherlands,998839121.0,IPO,startup_funding_dataset
Arias-Ortiz,SaaS,UK,156562154.0,Series C,startup_funding_dataset
Olson PLC,Gaming,India,329560499.0,IPO,startup_funding_dataset
Wright Inc,AI,UK,1053623.0,Series A,startup_funding_dataset
English-Nguyen,Gaming,USA,176635040.0,Series C,startup_funding_dataset
Thompson-Wilson,Health,Canada,32934690.0,Series B,startup_funding_dataset
Mayer Inc,AI,UK,347697255.0,IPO,startup_funding_dataset
Williams Inc,Gaming,France,4993085.0,Series A,startup_funding_dataset
Webb Ltd,AI,Australia,11238789.0,Series B,startup_funding_dataset
Richards-Pope,Health,Netherlands,116646711.0,Series C,startup_funding_dataset
Stone PLC,Health,France,57681.0,Seed,startup_funding_dataset
"Reynolds, Davies and Dunn",Health,Australia,18132362.0,Series B,startup_funding_dataset
Carter LLC,Health,France,136442270.0,Series C,startup_funding_dataset
Campbell-Zimmerman,Health,Netherlands,318459.0,Seed,startup_funding_dataset
Chase-Galloway,Health,Australia,8350629.0,Series A,startup_funding_dataset
"Campbell, Cox and Harmon",AI,USA,175249592.0,Series C,startup_funding_dataset
"Barton, Sanders and Grant",AI,Germany,161206692.0,Series C,startup_funding_dataset
Johnson LLC,Health,UK,400129.0,Seed,startup_funding_dataset
"Riley, Taylor and Barron",E-commerce,Canada,5699204.0,Series A,startup_funding_dataset
Reyes Inc,Health,France,714228590.0,IPO,startup_funding_dataset
"Downs, Mills and Meadows",E-commerce,Canada,983532297.0,IPO,startup_funding_dataset
Wallace-Petty,E-commerce,India,576729246.0,IPO,startup_funding_dataset
"Edwards, Yates and Zimmerman",Education,France,8891825.0,Series A,startup_funding_dataset
Estes Inc,Health,Australia,5847416.0,Series A,startup_funding_dataset
Barnes-Ford,Health,UK,215142697.0,IPO,startup_funding_dataset
Hobbs and Sons,Finance,India,527692912.0,IPO,startup_funding_dataset
Jones-Day,E-commerce,Netherlands,100709345.0,Series C,startup_funding_dataset
Proctor-Brown,Education,Australia,2912096.0,Series A,startup_funding_dataset
"White, Torres and Peterson",Tech,Germany,3324082.0,Series A,startup_funding_dataset
Hart Inc,Gaming,USA,43541848.0,Series B,startup_funding_dataset
"Daniels, Potts and Craig",AI,UK,60021744.0,Series C,startup_funding_dataset
Ashley LLC,Education,India,11398524.0,Series B,startup_funding_dataset
Travis-Hale,Gaming,France,167410364.0,Series C,startup_funding_dataset
Davis-Massey,AI,Canada,8538779.0,Series A,startup_funding_dataset
Franklin and Sons,Education,UK,48708963.0,Series B,startup_funding_dataset
Crawford-Lewis,Finance,UK,117225943.0,Series C,startup_funding_dataset
Manning-Marsh,Gaming,USA,175884643.0,Series C,startup_funding_dataset
"Snyder, Olson and Williams",Education,Canada,855039585.0,IPO,startup_funding_dataset
Hill-Hampton,E-commerce,Australia,4246341.0,Series A,startup_funding_dataset
Green LLC,Tech,France,498179602.0,IPO,startup_funding_dataset
"Perry, Ferrell and Donovan",Gaming,France,509491752.0,IPO,startup_funding_dataset
Cochran-Hayes,Health,India,30633216.0,Series B,startup_funding_dataset
Spencer-Allison,Education,India,7562239.0,Series A,startup_funding_dataset
"Pena, Brewer and Salazar",Tech,Germany,751262456.0,IPO,startup_funding_dataset
Maynard Ltd,Health,Canada,24110374.0,Series B,startup_funding_dataset
Adams Ltd,E-commerce,USA,22566744.0,Series B,startup_funding_dataset
"Jackson, Moreno and Mccoy",Gaming,Germany,195021316.0,Series C,startup_funding_dataset
"Huff, Sims and Franklin",SaaS,Australia,58976043.0,Series C,startup_funding_dataset
Torres PLC,Health,India,466407344.0,IPO,startup_funding_dataset
Ortiz-Wolfe,E-commerce,France,73447622.0,Series C,startup_funding_dataset
"Berger, Murray and Fischer",Gaming,France,50471295.0,Series C,startup_funding_dataset
"Johnson, Harmon and Cohen",Finance,Australia,364990.0,Seed,startup_funding_dataset
"Simpson, Salazar and Vega",Health,USA,164032138.0,Series C,startup_funding_dataset
"Simmons, Stephens and King",Tech,UK,375358.0,Seed,startup_funding_dataset
Burgess-Smith,Gaming,Germany,392801.0,Seed,startup_funding_dataset
"Ellis, Mathews and Ellis",AI,Australia,17996648.0,Series B,startup_funding_dataset
"Rogers, Maxwell and Jones",E-commerce,Germany,243310.0,Seed,startup_funding_dataset
"Johnson, Lewis and Perez",SaaS,Australia,395873.0,Seed,startup_funding_dataset
Allen-Rivera,E-commerce,Australia,14529612.0,Series B,startup_funding_dataset
Fowler-Smith,SaaS,Canada,56336.0,Seed,startup_funding_dataset
Lawson Ltd,Education,USA,335854.0,Seed,startup_funding_dataset
"Williams, Vaughan and Smith",SaaS,Australia,195219312.0,Series C,startup_funding_dataset
"Williamson, Esparza and Walters",Gaming,India,30618917.0,Series B,startup_funding_dataset
"Bowman, Church and Patel",Gaming,France,443659257.0,IPO,startup_funding_dataset
Edwards-Knox,AI,UK,11797885.0,Series B,startup_funding_dataset
Sutton and Sons,SaaS,France,147629.0,Seed,startup_funding_dataset
"Jones, Stewart and Garner",AI,UK,12687523.0,Series B,startup_funding_dataset
James Inc,Health,India,271647.0,Seed,startup_funding_dataset
"Smith, Johnson and Martinez",E-commerce,Australia,26583431.0,Series B,startup_funding_dataset
Rogers-Dominguez,AI,India,895291772.0,IPO,startup_funding_dataset
"Miller, Hill and Johnson",SaaS,Germany,48816581.0,Series B,startup_funding_dataset
"Schmidt, Jackson and Thompson",Gaming,UK,198795074.0,Series C,startup_funding_dataset
Cline-Stafford,Education,India,28115234.0,Series B,startup_funding_dataset
Landry LLC,Tech,Netherlands,936248043.0,IPO,startup_funding_dataset
Newman-Mills,Gaming,UK,491022843.0,IPO,startup_funding_dataset
Warren Group,AI,Australia,218955.0,Seed,startup_funding_dataset
"Brown, Fields and Garza",Health,Canada,39888785.0,Series B,startup_funding_dataset
Hull-Skinner,Health,France,476025.0,Seed,startup_funding_dataset
"Martinez, Williams and Mcbride",SaaS,USA,61944060.0,Series C,startup_funding_dataset
Howard-Davis,SaaS,Netherlands,8706465.0,Series A,startup_funding_dataset
"Woodward, Morales and Barrett",Gaming,France,8119105.0,Series A,startup_funding_dataset
James Group,Health,Germany,797040670.0,IPO,startup_funding_dataset
"Nguyen, Clark and Jefferson",Gaming,UK,20355155.0,Series B,startup_funding_dataset
Coleman-Perkins,Tech,India,21448726.0,Series B,startup_funding_dataset
Anderson-Johns,AI,India,160703.0,Seed,startup_funding_dataset
Bates PLC,Health,Germany,4948712.0,Series A,startup_funding_dataset
Freeman Ltd,AI,India,5451082.0,Series A,startup_funding_dataset
"White, Pearson and Patterson",Tech,USA,471556458.0,IPO,startup_funding_dataset
Parrish Inc,Health,Germany,4211675.0,Series A,startup_funding_dataset
Flynn LLC,Finance,Germany,287071864.0,IPO,startup_funding_dataset
Walker and Sons,Health,France,455530323.0,IPO,startup_funding_dataset
"Bryant, Mitchell and Vasquez",Education,USA,100329.0,Seed,startup_funding_dataset
Stewart Ltd,Gaming,Canada,8467901.0,Series A,startup_funding_dataset
Rich-Brown,E-commerce,Canada,523676215.0,IPO,startup_funding_dataset
Weaver-Hays,Gaming,USA,60535117.0,Series C,startup_funding_dataset
Marsh-Sanchez,SaaS,USA,196400904.0,Series C,startup_funding_dataset
"Moore, Thompson and Curry",Finance,USA,13624045.0,Series B,startup_funding_dataset
Haynes PLC,E-commerce,Australia,133507413.0,Series C,startup_funding_dataset
Miller-Anderson,Finance,Netherlands,489759917.0,IPO,startup_funding_dataset
Wilson Inc,Finance,Netherlands,1079477.0,Series A,startup_funding_dataset
Klein-Cardenas,Health,Australia,140503.0,Seed,startup_funding_dataset
Evans LLC,Tech,India,47249031.0,Series B,startup_funding_dataset
Chandler-Davies,Gaming,India,413075.0,Seed,startup_funding_dataset
Gonzalez-Luna,Gaming,Canada,17259121.0,Series B,startup_funding_dataset
Burgess-Mathis,E-commerce,Netherlands,45768423.0,Series B,startup_funding_dataset
"Moore, Lee and Beasley",AI,USA,3309003.0,Series A,startup_funding_dataset
"Thomas, Lewis and Rojas",Education,France,766465971.0,IPO,startup_funding_dataset
"Soto, Lawson and Harrison",AI,Germany,24948721.0,Series B,startup_funding_dataset
Whitney Group,Tech,Canada,38897098.0,Series B,startup_funding_dataset
"Hodges, Massey and Hardy",Tech,France,31496076.0,Series B,startup_funding_dataset
"Blanchard, Dorsey and Gilbert",Tech,UK,410526032.0,IPO,startup_funding_dataset
"Jones, Owens and Hodges",Tech,Canada,7679280.0,Series A,startup_funding_dataset
"Miller, Farmer and Ramos",E-commerce,France,180742086.0,Series C,startup_funding_dataset
Watkins Ltd,Tech,India,874476947.0,IPO,startup_funding_dataset
"May, Kelly and Martinez",Tech,Australia,185191329.0,Series C,startup_funding_dataset
"Vasquez, Vaughan and Garcia",SaaS,Australia,7858688.0,Series A,startup_funding_dataset
Stephens-Martin,AI,Australia,182677921.0,Series C,startup_funding_dataset
Dixon LLC,E-commerce,India,29132230.0,Series B,startup_funding_dataset
Wilkinson-Harrison,Gaming,Australia,70432936.0,Series C,startup_funding_dataset
Bell-King,Health,Netherlands,244839.0,Seed,startup_funding_dataset
Williams-Collier,SaaS,Germany,6687012.0,Series A,startup_funding_dataset
"Floyd, Romero and Ramirez",SaaS,USA,63064750.0,Series C,startup_funding_dataset
Zhang and Sons,Education,France,15189991.0,Series B,startup_funding_dataset
Bryant-Sanchez,E-commerce,Australia,354642.0,Seed,startup_funding_dataset
Bryant Group,Finance,France,1104062.0,Series A,startup_funding_dataset
"Mccann, Wheeler and Johnson",Tech,Australia,852743003.0,IPO,startup_funding_dataset
"Buchanan, Mcdaniel and Prince",SaaS,India,466381751.0,IPO,startup_funding_dataset
Thompson Inc,E-commerce,USA,483682862.0,IPO,startup_funding_dataset
Warren PLC,Health,Germany,39044523.0,Series B,startup_funding_dataset
Ryan-Clay,Health,USA,781990740.0,IPO,startup_funding_dataset
Dillon-Farrell,AI,USA,746871767.0,IPO,startup_funding_dataset
Mcdowell and Sons,E-commerce,Netherlands,2646516.0,Series A,startup_funding_dataset
Ramirez Group,Tech,Australia,43237401.0,Series B,startup_funding_dataset
Goodman Group,Education,USA,21500985.0,Series B,startup_funding_dataset
Jackson and Sons,Tech,France,7583814.0,Series A,startup_funding_dataset
"Walker, Flowers and Robinson",Tech,France,497401.0,Seed,startup_funding_dataset
"Simpson, Morris and Dunn",Finance,UK,21197272.0,Series B,startup_funding_dataset
Moody PLC,Education,France,11000166.0,Series B,startup_funding_dataset
"Carter, Carter and Coleman",Education,Netherlands,618205440.0,IPO,startup_funding_dataset
"Craig, Soto and Booth",Tech,India,559435354.0,IPO,startup_funding_dataset
Clark LLC,Gaming,Netherlands,115094223.0,Series C,startup_funding_dataset
Miller LLC,Finance,Canada,410761.0,Seed,startup_funding_dataset
Bird-Richards,Tech,Netherlands,16301143.0,Series B,startup_funding_dataset
Diaz Ltd,E-commerce,France,254158.0,Seed,startup_funding_dataset
Lam PLC,E-commerce,UK,125332204.0,Series C,startup_funding_dataset
"Cervantes, Gomez and Gonzalez",Tech,France,42594784.0,Series B,startup_funding_dataset
"Young, Marsh and Ford",Health,Netherlands,7420831.0,Series A,startup_funding_dataset
May Inc,E-commerce,France,8690831.0,Series A,startup_funding_dataset
"Mccoy, Morrow and Nguyen",AI,India,7596792.0,Series A,startup_funding_dataset
Mendoza-Brooks,Finance,UK,168077980.0,Series C,startup_funding_dataset
"Mcbride, Neal and Bowman",Education,Germany,24309563.0,Series B,startup_funding_dataset
Escobar-Hoffman,Tech,Canada,328301375.0,IPO,startup_funding_dataset
"Hansen, Morales and Garcia",Education,UK,5785713.0,Series A,startup_funding_dataset
Perez-Miller,E-commerce,France,8339110.0,Series A,startup_funding_dataset
"Golden, Mccarty and Wilson",Health,Canada,7432759.0,Series A,startup_funding_dataset
"Barker, Klein and Johnson",Finance,Canada,149891955.0,Series C,startup_funding_dataset
Kim-James,Health,India,134116292.0,Series C,startup_funding_dataset
Gray-Jackson,E-commerce,India,110366.0,Seed,startup_funding_dataset
Hernandez LLC,Health,France,776860493.0,IPO,startup_funding_dataset
"Snyder, Thomas and Castillo",AI,UK,91289.0,Seed,startup_funding_dataset
Brown-Hogan,SaaS,USA,4261097.0,Series A,startup_funding_dataset
Morgan-Martin,Health,India,128606424.0,Series C,startup_funding_dataset
"Brown, Burns and Valencia",Gaming,India,184050360.0,Series C,startup_funding_dataset
"Henderson, Mccoy and Mccall",Health,France,4983117.0,Series A,startup_funding_dataset
"Dillon, Madden and Carney",Health,Germany,360173.0,Seed,startup_funding_dataset
Mann-Berry,SaaS,UK,382550.0,Seed,startup_funding_dataset
Schneider-Evans,Gaming,France,290344.0,Seed,startup_funding_dataset
Mckinney-Cochran,SaaS,UK,8757057.0,Series A,startup_funding_dataset
Scott-Juarez,Finance,India,431721087.0,IPO,startup_funding_dataset
Franklin-Little,Health,Australia,26110084.0,Series B,startup_funding_dataset
"Beard, Middleton and Mitchell",Tech,France,9648527.0,Series A,startup_funding_dataset
Jones-Schaefer,SaaS,USA,183677.0,Seed,startup_funding_dataset
"Cox, Fitzpatrick and Frank",E-commerce,Canada,5248149.0,Series A,startup_funding_dataset
Soto Inc,SaaS,UK,9028372.0,Series A,startup_funding_dataset
Anthony-Maldonado,Tech,India,997855688.0,IPO,startup_funding_dataset
Johnson Ltd,E-commerce,Germany,152838.0,Seed,startup_funding_dataset
"Johnson, Gonzalez and Palmer",AI,India,34371115.0,Series B,startup_funding_dataset
"Bass, Neal and Harris",Health,USA,33229141.0,Series B,startup_funding_dataset
"Gomez, Foster and Stanton",AI,UK,6664453.0,Series A,startup_funding_dataset
"Manning, Phillips and Thompson",AI,Netherlands,1186419.0,Series A,startup_funding_dataset
"Williamson, Wilson and Warren",Education,Canada,4817293.0,Series A,startup_funding_dataset
"Banks, Martin and Hicks",Finance,Netherlands,46716497.0,Series B,startup_funding_dataset
Hughes PLC,SaaS,Germany,3151508.0,Series A,startup_funding_dataset
"White, Gould and Beltran",Tech,USA,191842.0,Seed,startup_funding_dataset
Morales-Price,Finance,India,127965761.0,Series C,startup_funding_dataset
Tanner-Dennis,Health,USA,898236769.0,IPO,startup_funding_dataset
"Barton, Gallagher and Neal",Health,USA,4506961.0,Series A,startup_funding_dataset
Jones-Knight,Health,Canada,150478880.0,Series C,startup_funding_dataset
Howard LLC,Health,USA,133292175.0,Series C,startup_funding_dataset
"Miller, Miller and Smith",Health,Australia,9122992.0,Series A,startup_funding_dataset
"Hardin, Gonzalez and Ellis",SaaS,Australia,129458068.0,Series C,startup_funding_dataset
"Wright, Ramirez and Hunt",Gaming,Australia,17594682.0,Series B,startup_funding_dataset
Salazar and Sons,Health,Netherlands,4221630.0,Series A,startup_funding_dataset
Morris-Guzman,E-commerce,India,90141146.0,Series C,startup_funding_dataset
Mckay-Sherman,Finance,Germany,45998315.0,Series B,startup_funding_dataset
Barnes Group,Health,Germany,28246333.0,Series B,startup_funding_dataset
"Baker, Williams and Adams",Finance,India,29988465.0,Series B,startup_funding_dataset
"Randolph, Monroe and Craig",Education,Canada,236326.0,Seed,startup_funding_dataset
"Anderson, Benson and Morales",E-commerce,Canada,3610362.0,Series A,startup_funding_dataset
"Jones, Compton and Cook",Education,India,160643653.0,Series C,startup_funding_dataset
"Moore, Walton and Pearson",E-commerce,France,1408726.0,Series A,startup_funding_dataset
Lewis-Whitaker,E-commerce,Australia,11863614.0,Series B,startup_funding_dataset
Lawson and Sons,SaaS,Netherlands,267967978.0,IPO,startup_funding_dataset
Perez LLC,E-commerce,India,23923364.0,Series B,startup_funding_dataset
Brady Ltd,Gaming,Netherlands,184115729.0,Series C,startup_funding_dataset
"Walker, White and Price",Education,UK,98467214.0,Series C,startup_funding_dataset
Roman-Brooks,SaaS,UK,313801151.0,IPO,startup_funding_dataset
"Raymond, Ferguson and West",SaaS,Germany,683731251.0,IPO,startup_funding_dataset
Chavez-Harris,Education,USA,635591258.0,IPO,startup_funding_dataset
Preston-Glass,E-commerce,Australia,109479045.0,Series C,startup_funding_dataset
Torres-Martin,SaaS,Canada,185035859.0,Series C,startup_funding_dataset
"Clarke, Rogers and Sanchez",Gaming,Germany,349027.0,Seed,startup_funding_dataset
Velazquez and Sons,Tech,Netherlands,539840104.0,IPO,startup_funding_dataset
"Ortiz, Gray and Roberts",AI,Netherlands,984211627.0,IPO,startup_funding_dataset
Crawford LLC,Education,Germany,92216765.0,Series C,startup_funding_dataset
"Schmidt, Davis and Wallace",Education,Germany,355512.0,Seed,startup_funding_dataset
Ellis-Martinez,Finance,Netherlands,36943710.0,Series B,startup_funding_dataset
Santana Ltd,AI,Netherlands,398617345.0,IPO,startup_funding_dataset
Davies-Garcia,Finance,USA,333261604.0,IPO,startup_funding_dataset
Henderson-Williams,Tech,UK,9126973.0,Series A,startup_funding_dataset
Young-Torres,E-commerce,UK,152353386.0,Series C,startup_funding_dataset
Smith-Larson,AI,Germany,2375159.0,Series A,startup_funding_dataset
Stark-Miller,Education,France,175020607.0,Series C,startup_funding_dataset
Torres Inc,Education,UK,350222258.0,IPO,startup_funding_dataset
Solis-Hernandez,AI,Germany,272597.0,Seed,startup_funding_dataset
Bradshaw and Sons,Education,Germany,444546.0,Seed,startup_funding_dataset
"Velazquez, Shaw and Leon",Education,Canada,482504.0,Seed,startup_funding_dataset
"Evans, Tate and Harris",Health,Australia,37403527.0,Series B,startup_funding_dataset
Huff LLC,AI,India,471292301.0,IPO,startup_funding_dataset
"Leonard, Reynolds and Barnes",Health,Australia,23768947.0,Series B,startup_funding_dataset
"Ford, Wood and Norton",Education,Netherlands,70117.0,Seed,startup_funding_dataset
Ward LLC,Tech,India,163968.0,Seed,startup_funding_dataset
"Robertson, Davis and Hurst",Gaming,Canada,26746231.0,Series B,startup_funding_dataset
Clark Group,Finance,Canada,819124269.0,IPO,startup_funding_dataset
"Henry, Bridges and Mendoza",SaaS,UK,4230981.0,Series A,startup_funding_dataset
Flowers Inc,AI,Australia,40484698.0,Series B,startup_funding_dataset
Williams Group,Tech,Australia,24643103.0,Series B,startup_funding_dataset
Rosales-Meyer,Education,Germany,645890519.0,IPO,startup_funding_dataset
"Mata, Sanchez and Cole",E-commerce,Australia,5262904.0,Series A,startup_funding_dataset
"Hughes, Hutchinson and Fischer",AI,USA,2338616.0,Series A,startup_funding_dataset
Adams-Roberts,Education,India,342292.0,Seed,startup_funding_dataset
"Marshall, Barton and Young",Education,USA,4562535.0,Series A,startup_funding_dataset
Kennedy PLC,Tech,Germany,191962737.0,Series C,startup_funding_dataset
Williams-Smith,Tech,UK,309122894.0,IPO,startup_funding_dataset
Spence-Marquez,Finance,Canada,748659015.0,IPO,startup_funding_dataset
Giles Inc,Education,India,21399089.0,Series B,startup_funding_dataset
Griffin-Nguyen,Finance,Canada,111717745.0,Series C,startup_funding_dataset
Dawson Inc,Finance,India,437298831.0,IPO,startup_funding_dataset
Guerra-Allen,Education,USA,373206102.0,IPO,startup_funding_dataset
Livingston-Villegas,Health,India,37399332.0,Series B,startup_funding_dataset
Robinson-Bush,AI,UK,114697873.0,Series C,startup_funding_dataset
Smith-Berry,SaaS,UK,93252458.0,Series C,startup_funding_dataset
"Burnett, Nelson and Maynard",E-commerce,UK,176348.0,Seed,startup_funding_dataset
"Martin, Day and Hayes",Education,Germany,761747794.0,IPO,startup_funding_dataset
Zuniga-Adams,Finance,India,956325842.0,IPO,startup_funding_dataset
"Bradley, Cortez and Smith",SaaS,Canada,895891600.0,IPO,startup_funding_dataset
Vargas-Turner,AI,UK,74018799.0,Series C,startup_funding_dataset
Johnson-Perry,Education,UK,24307433.0,Series B,startup_funding_dataset
"Brown, Floyd and James",E-commerce,France,125517999.0,Series C,startup_funding_dataset
Kim LLC,Tech,India,197327952.0,Series C,startup_funding_dataset
"Ellison, Gomez and Romero",Gaming,Canada,141555.0,Seed,startup_funding_dataset
"Lucas, Duncan and Lewis",Education,UK,34514107.0,Series B,startup_funding_dataset
Oconnor-Stevens,Tech,UK,490532539.0,IPO,startup_funding_dataset
Marsh-Mason,SaaS,USA,29195835.0,Series B,startup_funding_dataset
Hernandez Ltd,Finance,USA,57778623.0,Series C,startup_funding_dataset
"Wagner, Neal and Miller",Gaming,India,30374887.0,Series B,startup_funding_dataset
Rice Inc,Finance,Canada,4775336.0,Series A,startup_funding_dataset
"Meyer, Nunez and Sloan",AI,UK,339070819.0,IPO,startup_funding_dataset
Roy-Woods,AI,Germany,25349107.0,Series B,startup_funding_dataset
"Sanchez, Powers and James",Tech,Australia,189454957.0,Series C,startup_funding_dataset
"Taylor, Bates and Myers",Education,USA,999966985.0,IPO,startup_funding_dataset
"Perry, Scott and Malone",SaaS,Australia,63906464.0,Series C,startup_funding_dataset
"Medina, Walton and Carpenter",Gaming,France,43068061.0,Series B,startup_funding_dataset
Ford-Ayala,Gaming,Australia,130356204.0,Series C,startup_funding_dataset
Lewis Group,Finance,France,318360402.0,IPO,startup_funding_dataset
Briggs and Sons,AI,USA,364568955.0,IPO,startup_funding_dataset
Gonzalez-Watts,AI,Germany,395547886.0,IPO,startup_funding_dataset
Young-Gardner,Health,India,539399411.0,IPO,startup_funding_dataset
Gill-Melendez,E-commerce,USA,71155517.0,Series C,startup_funding_dataset
Brown LLC,Tech,France,44467138.0,Series B,startup_funding_dataset
Alvarez Group,E-commerce,USA,8673568.0,Series A,startup_funding_dataset
Griffin-Hanson,SaaS,India,167992.0,Seed,startup_funding_dataset
Ellis and Sons,Tech,Germany,47834274.0,Series B,startup_funding_dataset
"Russo, Juarez and Bailey",AI,Germany,95755762.0,Series C,startup_funding_dataset
"Sparks, Williams and Boyer",Tech,Netherlands,861945949.0,IPO,startup_funding_dataset
"Schmitt, Smith and Huffman",Education,India,20657335.0,Series B,startup_funding_dataset
Smith-Gonzalez,Education,Canada,167939768.0,Series C,startup_funding_dataset
Johnson-Davis,Tech,USA,21037409.0,Series B,startup_funding_dataset
Brooks and Sons,AI,Germany,810016040.0,IPO,startup_funding_dataset
Ferrell-Hutchinson,Finance,UK,44560499.0,Series B,startup_funding_dataset
Guerra PLC,SaaS,USA,10131436.0,Series B,startup_funding_dataset
"Joyce, Rhodes and Gordon",SaaS,Australia,139631738.0,Series C,startup_funding_dataset
"Hansen, Best and Lopez",Finance,India,38894939.0,Series B,startup_funding_dataset
"Mcintyre, Bell and Young",Health,India,8488633.0,Series A,startup_funding_dataset
"Alexander, Wilson and Fowler",SaaS,Netherlands,130598477.0,Series C,startup_funding_dataset
"Hudson, Carroll and Perkins",Gaming,UK,643165862.0,IPO,startup_funding_dataset
Oconnor-Mccarthy,Gaming,Canada,3715414.0,Series A,startup_funding_dataset
Andrews LLC,SaaS,Australia,100327.0,Seed,startup_funding_dataset
Martinez-Barber,Education,USA,9596132.0,Series A,startup_funding_dataset
Martin-Chang,SaaS,Netherlands,177290303.0,Series C,startup_funding_dataset
Wilson PLC,E-commerce,USA,359478.0,Seed,startup_funding_dataset
"Jones, Owens and Phillips",Health,UK,189945129.0,Series C,startup_funding_dataset
Pena-Taylor,SaaS,UK,460237956.0,IPO,startup_funding_dataset
"Brewer, Evans and Mercado",Education,Germany,47135599.0,Series B,startup_funding_dataset
"Gomez, Sanders and Green",Tech,France,8403625.0,Series A,startup_funding_dataset
Hansen-Davis,Health,UK,10138915.0,Series B,startup_funding_dataset
Vega LLC,Education,Australia,418393.0,Seed,startup_funding_dataset
Phillips-Wright,Gaming,France,31638188.0,Series B,startup_funding_dataset
Sanders-Cook,SaaS,USA,401092.0,Seed,startup_funding_dataset
King-Lowe,Gaming,Australia,14562043.0,Series B,startup_funding_dataset
"Morris, Baker and Lee",Finance,USA,2430068.0,Series A,startup_funding_dataset
"Wolfe, Harris and Davis",E-commerce,USA,941059640.0,IPO,startup_funding_dataset
Cameron PLC,Health,Australia,261018853.0,IPO,startup_funding_dataset
"King, Smith and Butler",Tech,France,130218114.0,Series C,startup_funding_dataset
Hayden LLC,Health,Netherlands,177797148.0,Series C,startup_funding_dataset
Rodriguez-Garner,SaaS,India,231033589.0,IPO,startup_funding_dataset
"Riley, Smith and Moss",AI,USA,62291677.0,Series C,startup_funding_dataset
Higgins Ltd,Gaming,Germany,50295499.0,Series C,startup_funding_dataset
Tran-Marsh,Education,France,45043155.0,Series B,startup_funding_dataset
Gomez Group,Education,UK,772909919.0,IPO,startup_funding_dataset
Reed Group,Health,Canada,31059686.0,Series B,startup_funding_dataset
Black and Sons,Tech,France,13285922.0,Series B,startup_funding_dataset
Meza Ltd,AI,Netherlands,466859.0,Seed,startup_funding_dataset
"Howell, Johnson and Ramirez",Finance,Netherlands,16123415.0,Series B,startup_funding_dataset
Clark-Torres,Gaming,Canada,189313.0,Seed,startup_funding_dataset
"Rangel, Davis and Warner",AI,France,603570461.0,IPO,startup_funding_dataset
"Dean, Hudson and Johnson",E-commerce,UK,3699003.0,Series A,startup_funding_dataset
"Short, Stewart and Johnson",Finance,France,836993155.0,IPO,startup_funding_dataset
"Phillips, Bruce and Perez",Finance,USA,68517537.0,Series C,startup_funding_dataset
"Robinson, Andrade and Mueller",Finance,Germany,158340206.0,Series C,startup_funding_dataset
Freeman-Fleming,Gaming,Australia,637218548.0,IPO,startup_funding_dataset
Frye LLC,E-commerce,Germany,2388795.0,Series A,startup_funding_dataset
Benson-Roberts,Education,India,330956.0,Seed,startup_funding_dataset
"Gilbert, Cobb and Osborne",SaaS,Netherlands,22023875.0,Series B,startup_funding_dataset
Palmer-Wagner,Finance,Canada,649226296.0,IPO,startup_funding_dataset
"Murphy, Guerra and Mcmahon",Gaming,USA,168957510.0,Series C,startup_funding_dataset
"Burns, Johnson and Schmidt",SaaS,USA,702746258.0,IPO,startup_funding_dataset
Ford-Willis,AI,UK,2727783.0,Series A,startup_funding_dataset
Henson-Smith,E-commerce,Netherlands,1840516.0,Series A,startup_funding_dataset
Dunn Group,AI,Germany,128976.0,Seed,startup_funding_dataset
Guzman and Sons,Gaming,Netherlands,1267816.0,Series A,startup_funding_dataset
"Kirk, Ortega and Campbell",AI,Netherlands,63841.0,Seed,startup_funding_dataset
Bennett-Burgess,Education,France,55613463.0,Series C,startup_funding_dataset
Singleton-Adams,Tech,UK,12128814.0,Series B,startup_funding_dataset
Savage-Green,Gaming,France,956844629.0,IPO,startup_funding_dataset
"Dunn, Gutierrez and Mathis",Gaming,Germany,196920.0,Seed,startup_funding_dataset
Watson PLC,Education,Canada,185888.0,Seed,startup_funding_dataset
"Collins, Peterson and Christensen",Finance,USA,7775966.0,Series A,startup_funding_dataset
Harris Group,Finance,Germany,479452112.0,IPO,startup_funding_dataset
Pearson-Stewart,E-commerce,UK,9497369.0,Series A,startup_funding_dataset
Brooks-Hanna,AI,UK,39705507.0,Series B,startup_funding_dataset
Booth-Wallace,E-commerce,Canada,858684411.0,IPO,startup_funding_dataset
Ross-Campbell,SaaS,UK,3832749.0,Series A,startup_funding_dataset
Brown Inc,Health,Australia,156848.0,Seed,startup_funding_dataset
Hamilton Group,SaaS,USA,6424306.0,Series A,startup_funding_dataset
Rasmussen PLC,Finance,India,262971330.0,IPO,startup_funding_dataset
Shepard and Sons,E-commerce,Australia,6308208.0,Series A,startup_funding_dataset
Vaughan-Brooks,AI,Netherlands,8806817.0,Series A,startup_funding_dataset
Wilkins and Sons,Gaming,Netherlands,244628922.0,IPO,startup_funding_dataset
"Wright, Ramirez and Gay",SaaS,Netherlands,94561330.0,Series C,startup_funding_dataset
"Sanders, Morse and Morgan",Health,Canada,195603207.0,Series C,startup_funding_dataset
Olson-Smith,Education,Australia,419458.0,Seed,startup_funding_dataset
Perkins-Smith,Education,Canada,2724096.0,Series A,startup_funding_dataset
Scott-Taylor,Gaming,Netherlands,22280925.0,Series B,startup_funding_dataset
"Chavez, Blair and Sanders",Tech,Australia,154209563.0,Series C,startup_funding_dataset
Hall-Shepard,SaaS,UK,147770.0,Seed,startup_funding_dataset
Orr-Jensen,Finance,Australia,6174658.0,Series A,startup_funding_dataset
Jones-Smith,SaaS,India,6992269.0,Series A,startup_funding_dataset
"Watson, Simmons and Carlson",SaaS,France,5623715.0,Series A,startup_funding_dataset
Dominguez Inc,E-commerce,France,4211197.0,Series A,startup_funding_dataset
Le-Hutchinson,Finance,UK,88187336.0,Series C,startup_funding_dataset
Espinoza Inc,E-commerce,France,203693.0,Seed,startup_funding_dataset
Simon-Davis,E-commerce,India,32975204.0,Series B,startup_funding_dataset
Martinez PLC,SaaS,India,347565.0,Seed,startup_funding_dataset
Wang Ltd,Finance,Canada,26679516.0,Series B,startup_funding_dataset
Gomez-Guerrero,Tech,UK,45267957.0,Series B,startup_funding_dataset
Jordan-Middleton,E-commerce,France,12783700.0,Series B,startup_funding_dataset
"Rivers, Butler and Gonzalez",Education,India,8781005.0,Series A,startup_funding_dataset
Kim-Rivera,SaaS,Australia,6974894.0,Series A,startup_funding_dataset
"Bryan, Mclaughlin and Morgan",Tech,USA,123092.0,Seed,startup_funding_dataset
Orozco LLC,E-commerce,USA,38277476.0,Series B,startup_funding_dataset
Cisneros-Austin,AI,Australia,123461563.0,Series C,startup_funding_dataset
Neal-Estes,AI,USA,1902522.0,Series A,startup_funding_dataset
Casey-Taylor,Gaming,Australia,37307404.0,Series B,startup_funding_dataset
Williams-Mccann,Gaming,Netherlands,283484.0,Seed,startup_funding_dataset
Lopez-Jackson,Gaming,USA,70319908.0,Series C,startup_funding_dataset
Harris-Delacruz,Gaming,Germany,62431724.0,Series C,startup_funding_dataset
"Merritt, Davidson and Garcia",Finance,France,143283409.0,Series C,startup_funding_dataset
Estrada Ltd,Tech,Australia,3484443.0,Series A,startup_funding_dataset
Valencia Group,Education,Netherlands,18778817.0,Series B,startup_funding_dataset
Tyler-Bennett,Tech,UK,5119766.0,Series A,startup_funding_dataset
Dixon PLC,AI,Germany,151848008.0,Series C,startup_funding_dataset
Jackson-Roberts,SaaS,USA,9953206.0,Series A,startup_funding_dataset
Smith-Williams,Finance,Germany,9642237.0,Series A,startup_funding_dataset
Ross PLC,Health,UK,155112741.0,Series C,startup_funding_dataset
"Nguyen, Erickson and Stone",Gaming,UK,21329545.0,Series B,startup_funding_dataset
Mcbride PLC,Health,Canada,1790550.0,Series A,startup_funding_dataset
Blake-Olsen,Health,Netherlands,108194768.0,Series C,startup_funding_dataset
Riddle-West,Tech,Australia,70399398.0,Series C,startup_funding_dataset
Butler-Price,Tech,France,60320036.0,Series C,startup_funding_dataset
Mcintyre Inc,SaaS,Australia,9592917.0,Series A,startup_funding_dataset
Rodriguez Ltd,Education,France,30973989.0,Series B,startup_funding_dataset
"Wall, Poole and Martinez",E-commerce,India,47416183.0,Series B,startup_funding_dataset
Harvey-Cruz,Education,France,127119492.0,Series C,startup_funding_dataset
Reynolds-Hayes,Gaming,Netherlands,491798.0,Seed,startup_funding_dataset
"Duarte, House and Foster",Gaming,Australia,662206620.0,IPO,startup_funding_dataset
Wilson Group,Finance,France,986753685.0,IPO,startup_funding_dataset
Walter and Sons,Finance,Australia,60872663.0,Series C,startup_funding_dataset
Brown-Hamilton,Education,Australia,65434.0,Seed,startup_funding_dataset
"Hamilton, Martin and Garrison",Tech,Canada,16374337.0,Series B,startup_funding_dataset
Whitaker Inc,Health,India,80540776.0,Series C,startup_funding_dataset
"Santiago, Howell and Lewis",AI,France,176629840.0,Series C,startup_funding_dataset
Bell LLC,Finance,India,1213482.0,Series A,startup_funding_dataset
Smith-Michael,Tech,Germany,154802.0,Seed,startup_funding_dataset
"Osborne, Ortiz and Hutchinson",Gaming,France,5784593.0,Series A,startup_funding_dataset
Blair Inc,E-commerce,Australia,251453924.0,IPO,startup_funding_dataset
"Andrews, Mathews and Jones",E-commerce,Netherlands,171896.0,Seed,startup_funding_dataset
Phillips-Perez,Finance,USA,713613103.0,IPO,startup_funding_dataset
Cardenas-Hamilton,Education,France,161962803.0,Series C,startup_funding_dataset
Baldwin PLC,E-commerce,Australia,47435141.0,Series B,startup_funding_dataset
King and Sons,Education,Australia,848802531.0,IPO,startup_funding_dataset
Stark PLC,Health,UK,190765722.0,Series C,startup_funding_dataset
Meyer Ltd,Tech,Netherlands,3706470.0,Series A,startup_funding_dataset
Stevens-Carlson,AI,Germany,136290134.0,Series C,startup_funding_dataset
Hill-Roberts,Gaming,Germany,25739608.0,Series B,startup_funding_dataset
Mccormick-Johnson,AI,France,320042.0,Seed,startup_funding_dataset
Cox Group,E-commerce,India,132771070.0,Series C,startup_funding_dataset
"Gonzalez, Young and Miles",AI,UK,381089316.0,IPO,startup_funding_dataset
Jones-Strong,SaaS,Netherlands,1123586.0,Series A,startup_funding_dataset
Barnes-Johnson,E-commerce,India,141496973.0,Series C,startup_funding_dataset
Day LLC,Finance,Netherlands,10838358.0,Series B,startup_funding_dataset
Green and Sons,Health,UK,99349010.0,Series C,startup_funding_dataset
Perez-Short,Education,Canada,25100233.0,Series B,startup_funding_dataset
Medina LLC,AI,Germany,565056977.0,IPO,startup_funding_dataset
Howard-Martin,E-commerce,India,4179977.0,Series A,startup_funding_dataset
Dyer-Wilson,AI,France,5316508.0,Series A,startup_funding_dataset
Hall-Ross,E-commerce,India,430438.0,Seed,startup_funding_dataset
Johnson-Wright,Gaming,Germany,77779747.0,Series C,startup_funding_dataset
Simpson-Patrick,Tech,Canada,6094240.0,Series A,startup_funding_dataset
Blackwell-Little,Tech,Australia,97078827.0,Series C,startup_funding_dataset
"Anderson, Roman and Turner",Gaming,Canada,48868976.0,Series B,startup_funding_dataset
Miller-Rivera,Gaming,Netherlands,349757306.0,IPO,startup_funding_dataset
Bell-Walker,AI,Canada,8414518.0,Series A,startup_funding_dataset
"Horne, Fox and Harrison",E-commerce,Germany,7081348.0,Series A,startup_funding_dataset
Pope Ltd,SaaS,France,709606242.0,IPO,startup_funding_dataset
"Ortiz, Lee and Gibson",Finance,Netherlands,605903290.0,IPO,startup_funding_dataset
"Martinez, Randall and Mckenzie",Education,Germany,429016.0,Seed,startup_funding_dataset
Murphy-Lewis,Gaming,UK,261937503.0,IPO,startup_funding_dataset
Harper-Townsend,E-commerce,France,2240075.0,Series A,startup_funding_dataset
"Davis, Hawkins and Garcia",Tech,Netherlands,413687725.0,IPO,startup_funding_dataset
Hayes LLC,Gaming,Australia,39887792.0,Series B,startup_funding_dataset
Hernandez-Hodges,Education,France,205140921.0,IPO,startup_funding_dataset
"Hoover, Clark and Jimenez",E-commerce,Canada,25414357.0,Series B,startup_funding_dataset
Cox-Hernandez,Education,USA,38185725.0,Series B,startup_funding_dataset
Warren-Snyder,Finance,UK,832906544.0,IPO,startup_funding_dataset
"Martin, Martinez and Jackson",Education,India,1507919.0,Series A,startup_funding_dataset
Miles and Sons,AI,India,224924230.0,IPO,startup_funding_dataset
Carter-Jones,E-commerce,Germany,87572.0,Seed,startup_funding_dataset
Mccarthy-Parker,Finance,USA,140391660.0,Series C,startup_funding_dataset
Garcia-Perry,AI,Germany,901050726.0,IPO,startup_funding_dataset
Smith Group,Tech,India,7232971.0,Series A,startup_funding_dataset
Pena Ltd,Gaming,UK,758938775.0,IPO,startup_funding_dataset
"Key, Mitchell and Becker",AI,Netherlands,14045852.0,Series B,startup_funding_dataset
Lin Inc,Education,UK,157556.0,Seed,startup_funding_dataset
"Reilly, Pham and Nelson",AI,Netherlands,6819208.0,Series A,startup_funding_dataset
Jackson-Smith,AI,Australia,229095899.0,IPO,startup_funding_dataset
Lopez Group,Finance,France,32346561.0,Series B,startup_funding_dataset
"Palmer, Sherman and Bass",Finance,UK,451831504.0,IPO,startup_funding_dataset
Bruce and Sons,Health,UK,8967797.0,Series A,startup_funding_dataset
Byrd PLC,SaaS,Germany,13970643.0,Series B,startup_funding_dataset
Mcdaniel-Wilson,Gaming,India,33741485.0,Series B,startup_funding_dataset
"Williams, Buck and Miller",Education,India,943849968.0,IPO,startup_funding_dataset
Johnson-Barnes,SaaS,France,2376733.0,Series A,startup_funding_dataset
Hart PLC,Finance,India,333047.0,Seed,startup_funding_dataset
Lee Ltd,Tech,France,481771034.0,IPO,startup_funding_dataset
"Bishop, Williams and Hale",E-commerce,India,429444.0,Seed,startup_funding_dataset
Lopez-Esparza,Gaming,UK,427798573.0,IPO,startup_funding_dataset
Hale-Curtis,Education,Canada,4170636.0,Series A,startup_funding_dataset
Tucker-Ellison,Tech,USA,152111783.0,Series C,startup_funding_dataset
Foley LLC,AI,Germany,339319038.0,IPO,startup_funding_dataset
Sims-Bentley,Gaming,France,3315674.0,Series A,startup_funding_dataset
Castro-Lewis,Tech,UK,341737.0,Seed,startup_funding_dataset
Moore LLC,Education,France,36750615.0,Series B,startup_funding_dataset
Harrington-Burch,Finance,Australia,6831151.0,Series A,startup_funding_dataset
"Murphy, Wilson and Fischer",Finance,Germany,1364067.0,Series A,startup_funding_dataset
Peterson-Duncan,Education,Canada,45124392.0,Series B,startup_funding_dataset
Sawyer and Sons,AI,Netherlands,3992929.0,Series A,startup_funding_dataset
York Group,AI,France,106822557.0,Series C,startup_funding_dataset
"Roberts, Beck and Hernandez",SaaS,India,33433866.0,Series B,startup_funding_dataset
Wood PLC,Education,Netherlands,160381897.0,Series C,startup_funding_dataset
Carlson-Rose,E-commerce,Canada,18254933.0,Series B,startup_funding_dataset
Meyer-Williams,Education,Netherlands,258280.0,Seed,startup_funding_dataset
"Flores, Grimes and Carlson",Education,Australia,118002316.0,Series C,startup_funding_dataset
Campbell Inc,Finance,USA,2734388.0,Series A,startup_funding_dataset
"Walker, Buckley and Bird",Finance,UK,6311865.0,Series A,startup_funding_dataset
Adams Inc,Health,UK,144893173.0,Series C,startup_funding_dataset
Williams-Gonzalez,E-commerce,France,336643.0,Seed,startup_funding_dataset
"Ortega, Mosley and Valdez",Gaming,Germany,2035813.0,Series A,startup_funding_dataset
Lopez-Benton,Tech,USA,340101.0,Seed,startup_funding_dataset
Bailey-Oliver,Education,Canada,394492785.0,IPO,startup_funding_dataset
Morales PLC,AI,UK,97798553.0,Series C,startup_funding_dataset
"Dawson, Hill and Cooper",Tech,Australia,175357141.0,Series C,startup_funding_dataset
Potts-Newman,E-commerce,Germany,189034.0,Seed,startup_funding_dataset
"Jarvis, Kim and Walker",Tech,Canada,13664370.0,Series B,startup_funding_dataset
"Myers, Cook and Miller",Tech,Australia,847287132.0,IPO,startup_funding_dataset
"Gonzalez, Ochoa and Sims",Health,India,2783232.0,Series A,startup_funding_dataset
"Berry, Coffey and West",SaaS,Germany,568855003.0,IPO,startup_funding_dataset
Johnson-Moore,Education,France,357530.0,Seed,startup_funding_dataset
"Martin, Odonnell and Wolf",Health,Netherlands,70226969.0,Series C,startup_funding_dataset
Santos-Weber,Health,India,218530529.0,IPO,startup_funding_dataset
Calderon Inc,Finance,Canada,41787065.0,Series B,startup_funding_dataset
Greene LLC,SaaS,USA,100242846.0,Series C,startup_funding_dataset
Powell Ltd,Education,Netherlands,4911983.0,Series A,startup_funding_dataset
"Levy, Gonzalez and Jackson",SaaS,Australia,237826.0,Seed,startup_funding_dataset
Bullock Ltd,Tech,Australia,154998747.0,Series C,startup_funding_dataset
Barker Group,Finance,Canada,102875596.0,Series C,startup_funding_dataset
Moreno-Bell,SaaS,India,49784901.0,Series B,startup_funding_dataset
Gonzalez-Robertson,SaaS,USA,430427.0,Seed,startup_funding_dataset
King Group,Tech,Netherlands,126757.0,Seed,startup_funding_dataset
Mckinney LLC,Education,France,3371464.0,Series A,startup_funding_dataset
Smith-Watson,SaaS,Germany,4312493.0,Series A,startup_funding_dataset
Werner Group,Education,France,134026.0,Seed,startup_funding_dataset
Brown-Evans,Health,Australia,195896859.0,Series C,startup_funding_dataset
Lawson Inc,E-commerce,UK,42006772.0,Series B,startup_funding_dataset
Hernandez-Hill,Education,Canada,107690942.0,Series C,startup_funding_dataset
Ramsey-Lloyd,Finance,USA,386531.0,Seed,startup_funding_dataset
Krause-Holmes,Gaming,Australia,354625.0,Seed,startup_funding_dataset
"Rodriguez, Johnson and Dixon",Health,UK,13740551.0,Series B,startup_funding_dataset
Johnson-Miller,Health,USA,4790238.0,Series A,startup_funding_dataset
"Collins, Wheeler and Marquez",Education,Canada,809610567.0,IPO,startup_funding_dataset
"Hoffman, White and Sanchez",Finance,Canada,465420.0,Seed,startup_funding_dataset
"Martinez, Vasquez and Campbell",Health,USA,18439218.0,Series B,startup_funding_dataset
"Warren, Collins and Li",Tech,Australia,46256447.0,Series B,startup_funding_dataset
Davis LLC,Gaming,India,131841184.0,Series C,startup_funding_dataset
Hicks-Shaffer,Health,Germany,488295200.0,IPO,startup_funding_dataset
"Nielsen, Medina and Moore",Education,France,161633571.0,Series C,startup_funding_dataset
"Dawson, Martinez and Schmitt",E-commerce,Canada,395282.0,Seed,startup_funding_dataset
Stuart PLC,E-commerce,Canada,96897710.0,Series C,startup_funding_dataset
"Foster, Ruiz and Phillips",Finance,Germany,142270.0,Seed,startup_funding_dataset
Velez-Winters,Health,France,9578776.0,Series A,startup_funding_dataset
Palmer Ltd,AI,Netherlands,205676.0,Seed,startup_funding_dataset
Conley Group,Finance,USA,4912457.0,Series A,startup_funding_dataset
"Terrell, Fisher and Hill",E-commerce,USA,466912.0,Seed,startup_funding_dataset
Trujillo PLC,Finance,Netherlands,7730334.0,Series A,startup_funding_dataset
"Wilson, Hickman and Hutchinson",Health,Canada,108969093.0,Series C,startup_funding_dataset
"Miller, Gonzales and Rogers",Health,Germany,395480.0,Seed,startup_funding_dataset
"Douglas, Burke and Rodriguez",Education,Canada,30308475.0,Series B,startup_funding_dataset
Anderson Ltd,Health,Netherlands,42191666.0,Series B,startup_funding_dataset
"Woods, Mills and Matthews",Gaming,UK,511458461.0,IPO,startup_funding_dataset
Meyer-Ward,AI,France,522846956.0,IPO,startup_funding_dataset
Ferguson Ltd,Tech,USA,1861927.0,Series A,startup_funding_dataset
Brown-Patton,Health,Netherlands,412824.0,Seed,startup_funding_dataset
Young-Drake,SaaS,Australia,49879890.0,Series B,startup_funding_dataset
Mcpherson-Wright,Tech,USA,118604719.0,Series C,startup_funding_dataset
Werner LLC,Tech,Netherlands,281943.0,Seed,startup_funding_dataset
Santos PLC,Finance,India,68314125.0,Series C,startup_funding_dataset
"Cameron, Hughes and Sanders",Gaming,Australia,420448.0,Seed,startup_funding_dataset
Rodriguez-Ortega,Gaming,Australia,69188.0,Seed,startup_funding_dataset
"Stein, Ortiz and Bradley",Tech,UK,139293215.0,Series C,startup_funding_dataset
"Rose, Leonard and Adkins",Tech,Netherlands,5029518.0,Series A,startup_funding_dataset
Colon-Roman,Education,UK,460436.0,Seed,startup_funding_dataset
Walker-Palmer,Gaming,Netherlands,165970538.0,Series C,startup_funding_dataset
Stanton-Casey,Finance,USA,435207.0,Seed,startup_funding_dataset
"Williams, Juarez and Sanders",SaaS,Germany,362069.0,Seed,startup_funding_dataset
Deleon-Russell,Gaming,USA,579954974.0,IPO,startup_funding_dataset
"Burton, Harper and Mcdaniel",SaaS,India,329798634.0,IPO,startup_funding_dataset
White-Jackson,Education,USA,94665370.0,Series C,startup_funding_dataset
Meyer-Edwards,SaaS,India,160612724.0,Series C,startup_funding_dataset
"Hernandez, Kemp and Price",SaaS,Netherlands,474907.0,Seed,startup_funding_dataset
Pearson-Hawkins,E-commerce,France,33549544.0,Series B,startup_funding_dataset
Mathews PLC,Finance,France,45802539.0,Series B,startup_funding_dataset
Morgan Group,AI,France,1446990.0,Series A,startup_funding_dataset
Garcia-Rivers,Health,India,49359490.0,Series B,startup_funding_dataset
"Martinez, Perry and Porter",Health,Canada,635048538.0,IPO,startup_funding_dataset
"Arias, Gray and Foster",Health,Germany,7009871.0,Series A,startup_funding_dataset
Stewart Group,Tech,Netherlands,196648298.0,Series C,startup_funding_dataset
"Brown, Crawford and Sandoval",Education,Canada,65915685.0,Series C,startup_funding_dataset
Frye-Cochran,Finance,Germany,136642332.0,Series C,startup_funding_dataset
Mcdonald-Becker,Education,Netherlands,36233113.0,Series B,startup_funding_dataset
Fleming Group,Gaming,USA,5836975.0,Series A,startup_funding_dataset
"Morales, Gomez and Clark",SaaS,France,36288359.0,Series B,startup_funding_dataset
Yu-Sexton,Gaming,Australia,12245152.0,Series B,startup_funding_dataset
"Lopez, Bennett and Beck",Gaming,Germany,342546487.0,IPO,startup_funding_dataset
Gibson-Johnson,Finance,USA,59845800.0,Series C,startup_funding_dataset
Baker-King,SaaS,India,856659717.0,IPO,startup_funding_dataset
"Smith, Cherry and Johnson",Gaming,USA,117513922.0,Series C,startup_funding_dataset
"Keller, Combs and Cook",Education,Canada,98815.0,Seed,startup_funding_dataset
Luna Ltd,SaaS,India,267046.0,Seed,startup_funding_dataset
"Mendoza, Sanchez and Roberts",E-commerce,France,368844394.0,IPO,startup_funding_dataset
"Blake, Holmes and Medina",E-commerce,Netherlands,267614.0,Seed,startup_funding_dataset
Butler-Hughes,AI,Netherlands,184169740.0,Series C,startup_funding_dataset
"Smith, Collins and Martinez",AI,Australia,636171912.0,IPO,startup_funding_dataset
Mckinney-Smith,Tech,Canada,16104111.0,Series B,startup_funding_dataset
"Pineda, Griffin and Thompson",AI,UK,37181827.0,Series B,startup_funding_dataset
Leach-Hamilton,Gaming,Canada,11288356.0,Series B,startup_funding_dataset
Perez-Anderson,Gaming,India,156769582.0,Series C,startup_funding_dataset
"Garcia, Greene and Murray",Gaming,Netherlands,189047606.0,Series C,startup_funding_dataset
Howard-Lowery,Education,UK,349133.0,Seed,startup_funding_dataset
Osborne PLC,Gaming,France,8392211.0,Series A,startup_funding_dataset
"Hill, Jones and Larson",Education,Canada,36944429.0,Series B,startup_funding_dataset
Fleming-Rodriguez,Education,Australia,142360284.0,Series C,startup_funding_dataset
"Green, Jones and Schmidt",Finance,India,177721334.0,Series C,startup_funding_dataset
Thomas LLC,Tech,Australia,469457.0,Seed,startup_funding_dataset
Wagner LLC,Tech,Germany,6445259.0,Series A,startup_funding_dataset
"Potter, Montgomery and Bender",Health,UK,4148503.0,Series A,startup_funding_dataset
Parker and Sons,AI,France,30389159.0,Series B,startup_funding_dataset
Perez Ltd,E-commerce,USA,91775.0,Seed,startup_funding_dataset
Mueller LLC,Finance,Canada,181464189.0,Series C,startup_funding_dataset
Diaz-White,E-commerce,Australia,8843684.0,Series A,startup_funding_dataset
Powell and Sons,Health,UK,391006460.0,IPO,startup_funding_dataset
Clay-Smith,Finance,Germany,8800296.0,Series A,startup_funding_dataset
Boyer PLC,SaaS,Canada,362686.0,Seed,startup_funding_dataset
"Cantu, Hayes and Wells",Tech,India,3624428.0,Series A,startup_funding_dataset
"Gentry, Butler and Baker",E-commerce,Australia,854989932.0,IPO,startup_funding_dataset
Young-Woods,E-commerce,Australia,31941823.0,Series B,startup_funding_dataset
"Gonzalez, Martin and Smith",SaaS,France,71592049.0,Series C,startup_funding_dataset
Riggs PLC,Health,India,105707539.0,Series C,startup_funding_dataset
Holmes Ltd,AI,UK,46318289.0,Series B,startup_funding_dataset
Dixon Inc,Tech,Germany,74130019.0,Series C,startup_funding_dataset
"Harris, Jones and Brown",Gaming,India,374697963.0,IPO,startup_funding_dataset
Mccarthy-King,Tech,Netherlands,155744827.0,Series C,startup_funding_dataset
"Beck, Bruce and Gonzales",Health,Germany,388246887.0,IPO,startup_funding_dataset
Sullivan-Nguyen,Gaming,Australia,402873.0,Seed,startup_funding_dataset
Massey-Jones,E-commerce,Germany,164756941.0,Series C,startup_funding_dataset
"Bright, Price and Chandler",Tech,Canada,956393809.0,IPO,startup_funding_dataset
Jackson-Collins,Finance,UK,413672.0,Seed,startup_funding_dataset
Cole and Sons,Tech,UK,24116950.0,Series B,startup_funding_dataset
Jimenez-Herring,AI,Germany,158987592.0,Series C,startup_funding_dataset
Dickerson Group,Finance,India,9887309.0,Series A,startup_funding_dataset
Shaw Inc,Gaming,Netherlands,783031525.0,IPO,startup_funding_dataset
Allen Group,E-commerce,India,37820450.0,Series B,startup_funding_dataset
"Thornton, Gonzalez and Hughes",Finance,India,139484555.0,Series C,startup_funding_dataset
"Hall, Cross and Johnson",Gaming,France,47767482.0,Series B,startup_funding_dataset
"Everett, Garza and Lutz",E-commerce,Germany,982175112.0,IPO,startup_funding_dataset
Miller and Sons,Finance,Germany,450236.0,Seed,startup_funding_dataset
"Perez, Serrano and Robinson",E-commerce,Australia,349112.0,Seed,startup_funding_dataset
"Olson, Michael and Miller",SaaS,France,687893639.0,IPO,startup_funding_dataset
Boyd Ltd,Gaming,Canada,19909962.0,Series B,startup_funding_dataset
Choi Group,Gaming,Canada,95784186.0,Series C,startup_funding_dataset
"Cooke, Campbell and Nguyen",SaaS,France,9395788.0,Series A,startup_funding_dataset
Duran Inc,E-commerce,Germany,621581653.0,IPO,startup_funding_dataset
Hernandez-Carter,Education,France,86916.0,Seed,startup_funding_dataset
Aguirre PLC,Education,Canada,5115928.0,Series A,startup_funding_dataset
"Graham, Harris and Miller",AI,USA,567405898.0,IPO,startup_funding_dataset
Mcguire-Johnson,Finance,Australia,30960558.0,Series B,startup_funding_dataset
Simmons LLC,SaaS,Australia,851282785.0,IPO,startup_funding_dataset
Davis Group,Tech,Netherlands,52786.0,Seed,startup_funding_dataset
"Stevenson, Schmidt and Carlson",Education,Australia,87938.0,Seed,startup_funding_dataset
"Henson, White and Warren",SaaS,Australia,86050.0,Seed,startup_funding_dataset
Waller Inc,AI,UK,8029787.0,Series A,startup_funding_dataset
Carter-Lawson,Gaming,UK,5007728.0,Series A,startup_funding_dataset
"Burgess, Smith and Mason",Health,France,439020.0,Seed,startup_funding_dataset
Cook Inc,AI,Australia,746492853.0,IPO,startup_funding_dataset
"Sullivan, Miller and Swanson",AI,Germany,2362296.0,Series A,startup_funding_dataset
Meadows Inc,Tech,Germany,28187364.0,Series B,startup_funding_dataset
Cervantes-Thomas,AI,Australia,19402158.0,Series B,startup_funding_dataset
Carey Group,Gaming,UK,968193644.0,IPO,startup_funding_dataset
Carson-Davis,AI,USA,109674.0,Seed,startup_funding_dataset
Thomas-Hill,Education,Netherlands,167742943.0,Series C,startup_funding_dataset
Fuller Ltd,SaaS,UK,586569582.0,IPO,startup_funding_dataset
"Lee, Lozano and Schultz",SaaS,Netherlands,439408.0,Seed,startup_funding_dataset
Montgomery Inc,E-commerce,Netherlands,104464080.0,Series C,startup_funding_dataset
"Robinson, Lane and Thornton",Health,UK,165554440.0,Series C,startup_funding_dataset
"Little, Jackson and Davis",Education,India,47103410.0,Series B,startup_funding_dataset
"Herrera, Castillo and Hoffman",Finance,India,643328696.0,IPO,startup_funding_dataset
"Hall, Dawson and Jones",Education,France,407662.0,Seed,startup_funding_dataset
Young-Rangel,SaaS,UK,424470.0,Seed,startup_funding_dataset
"Barrett, Smith and Brooks",Finance,Australia,391574986.0,IPO,startup_funding_dataset
Diaz-Johnson,Gaming,Germany,142518683.0,Series C,startup_funding_dataset
"Williams, Ferguson and Scott",AI,USA,577065571.0,IPO,startup_funding_dataset
Patterson Inc,Health,USA,101924798.0,Series C,startup_funding_dataset
Sharp-Hines,Education,Canada,109653299.0,Series C,startup_funding_dataset
"Rodgers, Hall and Norris",Education,Canada,7594948.0,Series A,startup_funding_dataset
Hicks Inc,SaaS,USA,19962792.0,Series B,startup_funding_dataset
Cantu LLC,Finance,Australia,110056307.0,Series C,startup_funding_dataset
"Koch, Morales and Klein",AI,Australia,2708740.0,Series A,startup_funding_dataset
Jenkins-Williams,Finance,USA,89593704.0,Series C,startup_funding_dataset
Flores-Rodriguez,AI,France,279259.0,Seed,startup_funding_dataset
Gonzales-Waters,Gaming,Germany,470113146.0,IPO,startup_funding_dataset
Flores-Gonzalez,E-commerce,India,436349468.0,IPO,startup_funding_dataset
Doyle-Wood,E-commerce,Germany,18748438.0,Series B,startup_funding_dataset
"Shelton, Kelly and Allen",Gaming,France,25789870.0,Series B,startup_funding_dataset
"Snyder, Thompson and Washington",SaaS,UK,158142375.0,Series C,startup_funding_dataset
"Fleming, Good and Washington",Finance,USA,17226425.0,Series B,startup_funding_dataset
Campbell-Miller,Tech,UK,209456.0,Seed,startup_funding_dataset
Ford-Rice,AI,France,442385339.0,IPO,startup_funding_dataset
Nelson-Rivera,Finance,Netherlands,723691232.0,IPO,startup_funding_dataset
"Curtis, Simpson and Ware",Tech,Netherlands,48106618.0,Series B,startup_funding_dataset
Ruiz-Lawson,Tech,Germany,637938305.0,IPO,startup_funding_dataset
Cruz LLC,Tech,UK,144940861.0,Series C,startup_funding_dataset
Ramsey-Graham,Tech,Australia,43158098.0,Series B,startup_funding_dataset
"Williams, Thompson and Delgado",E-commerce,Canada,110981.0,Seed,startup_funding_dataset
Mcbride-Lee,Health,India,33912027.0,Series B,startup_funding_dataset
Johnson Inc,SaaS,USA,1207309.0,Series A,startup_funding_dataset
"Olson, Guerra and Kim",Finance,USA,120029042.0,Series C,startup_funding_dataset
"Brown, Hernandez and Caldwell",AI,France,31650981.0,Series B,startup_funding_dataset
Williams-Bennett,Finance,Germany,49292893.0,Series B,startup_funding_dataset
Martinez-Roberts,AI,Netherlands,1936912.0,Series A,startup_funding_dataset
"Roy, Patrick and Jones",E-commerce,France,447479215.0,IPO,startup_funding_dataset
Maxwell-Miller,E-commerce,Canada,6329342.0,Series A,startup_funding_dataset
Davis Ltd,Tech,France,480963.0,Seed,startup_funding_dataset
Adkins-Harris,Tech,Netherlands,46490105.0,Series B,startup_funding_dataset
"Wiggins, Nguyen and Williams",Health,Netherlands,5466989.0,Series A,startup_funding_dataset
Ellison Inc,E-commerce,UK,84712990.0,Series C,startup_funding_dataset
Mora and Sons,Tech,Australia,6797713.0,Series A,startup_funding_dataset
"Warren, Pena and Gonzalez",E-commerce,India,4676251.0,Series A,startup_funding_dataset
Ramirez-Atkinson,Finance,Australia,86615.0,Seed,startup_funding_dataset
"Allen, Smith and Grant",Education,Canada,45741902.0,Series B,startup_funding_dataset
"Neal, Phillips and Walker",SaaS,India,6695342.0,Series A,startup_funding_dataset
"Daugherty, Branch and Mays",Health,Canada,56746.0,Seed,startup_funding_dataset
"Cook, Buchanan and Mercer",Education,UK,5460790.0,Series A,startup_funding_dataset
Nixon-Roberts,SaaS,USA,14748655.0,Series B,startup_funding_dataset
"Graves, Scott and Martinez",E-commerce,UK,13880481.0,Series B,startup_funding_dataset
"Boyd, Hall and Daniels",Education,India,131611.0,Seed,startup_funding_dataset
"Strong, Black and Banks",E-commerce,Canada,157761007.0,Series C,startup_funding_dataset
Jensen-Williams,Health,USA,6266603.0,Series A,startup_funding_dataset
Stephens Ltd,Health,UK,45849035.0,Series B,startup_funding_dataset
Jones Ltd,Education,Germany,90819515.0,Series C,startup_funding_dataset
Stevenson-White,E-commerce,India,966148460.0,IPO,startup_funding_dataset
"Rodriguez, Boyd and Gregory",Tech,Germany,221730.0,Seed,startup_funding_dataset
Campbell Group,E-commerce,Netherlands,40388551.0,Series B,startup_funding_dataset
Collier Ltd,SaaS,UK,85628721.0,Series C,startup_funding_dataset
Keller Group,E-commerce,France,13293861.0,Series B,startup_funding_dataset
Hernandez-Pope,Finance,Australia,33751366.0,Series B,startup_funding_dataset
"Hanna, Molina and Herrera",Gaming,France,3049857.0,Series A,startup_funding_dataset
Frey-Morgan,E-commerce,UK,164755468.0,Series C,startup_funding_dataset
Foster-Mosley,Health,Australia,7824167.0,Series A,startup_funding_dataset
Hudson-Paul,Education,Germany,644639791.0,IPO,startup_funding_dataset
Bailey Inc,Gaming,UK,453264.0,Seed,startup_funding_dataset
"Kent, Dunn and Peters",E-commerce,UK,106359.0,Seed,startup_funding_dataset
Briggs-Cox,Finance,Australia,6750074.0,Series A,startup_funding_dataset
Weber PLC,SaaS,Australia,37218428.0,Series B,startup_funding_dataset
Moreno-Gordon,Tech,Netherlands,4345260.0,Series A,startup_funding_dataset
Scott-Washington,E-commerce,Germany,15549789.0,Series B,startup_funding_dataset
Myers PLC,SaaS,UK,141269.0,Seed,startup_funding_dataset
Baxter-Fry,E-commerce,France,145114386.0,Series C,startup_funding_dataset
Blankenship-Schmitt,Health,UK,128043754.0,Series C,startup_funding_dataset
"Morgan, Hunter and Gibson",Gaming,Netherlands,62232670.0,Series C,startup_funding_dataset
"Atkins, Jackson and Elliott",Health,Australia,324565.0,Seed,startup_funding_dataset
Barnes LLC,AI,France,299752.0,Seed,startup_funding_dataset
Ashley-Rose,Health,Netherlands,362095.0,Seed,startup_funding_dataset
"Sanchez, Holmes and Smith",Tech,Australia,116144538.0,Series C,startup_funding_dataset
Payne Ltd,E-commerce,Australia,1579620.0,Series A,startup_funding_dataset
"Jones, Rivera and Murphy",Education,Germany,63166969.0,Series C,startup_funding_dataset
Dean-Park,Gaming,France,68744847.0,Series C,startup_funding_dataset
"Parker, Robinson and Haynes",Health,Netherlands,45461093.0,Series B,startup_funding_dataset
"Willis, Nichols and Lee",E-commerce,Canada,2587834.0,Series A,startup_funding_dataset
Steele Inc,AI,UK,65146174.0,Series C,startup_funding_dataset
"Davidson, Russell and Bentley",Gaming,France,14386427.0,Series B,startup_funding_dataset
"Austin, Craig and Sanchez",SaaS,Germany,844691545.0,IPO,startup_funding_dataset
Greene-Moon,Health,USA,393240.0,Seed,startup_funding_dataset
"Mccarty, Vasquez and King",Education,Canada,5221724.0,Series A,startup_funding_dataset
Bowman-Hernandez,Education,UK,89796161.0,Series C,startup_funding_dataset
"Hill, Fuller and Morgan",SaaS,USA,67634589.0,Series C,startup_funding_dataset
Henderson Group,Education,France,133253.0,Seed,startup_funding_dataset
Harris Inc,E-commerce,Canada,13779422.0,Series B,startup_funding_dataset
Lewis-Munoz,Finance,USA,137376001.0,Series C,startup_funding_dataset
Kemp-Guzman,Health,USA,363171954.0,IPO,startup_funding_dataset
Martin LLC,SaaS,Netherlands,2494291.0,Series A,startup_funding_dataset
Salinas Ltd,SaaS,Australia,167930087.0,Series C,startup_funding_dataset
"Burgess, Robinson and Buck",Tech,Canada,439344490.0,IPO,startup_funding_dataset
Arellano-Young,Tech,USA,226651.0,Seed,startup_funding_dataset
"Lee, Mckee and Arnold",Finance,France,67095584.0,Series C,startup_funding_dataset
Whitehead LLC,AI,India,316729744.0,IPO,startup_funding_dataset
Silva-Leonard,Finance,India,89013.0,Seed,startup_funding_dataset
"Long, Flores and Dudley",E-commerce,UK,801425573.0,IPO,startup_funding_dataset
Harris LLC,Education,Netherlands,616565614.0,IPO,startup_funding_dataset
"Williams, Lewis and Williams",AI,USA,9710958.0,Series A,startup_funding_dataset
"Weiss, Baker and Dunn",Tech,UK,9746927.0,Series A,startup_funding_dataset
"Padilla, Jones and Mccormick",SaaS,UK,20506444.0,Series B,startup_funding_dataset
Bennett Group,Gaming,UK,2739498.0,Series A,startup_funding_dataset
"Cordova, Kelley and Shea",SaaS,Canada,6954545.0,Series A,startup_funding_dataset
Henderson-Evans,Health,Canada,4822237.0,Series A,startup_funding_dataset
Gonzalez-Henderson,Tech,Netherlands,290142884.0,IPO,startup_funding_dataset
Nixon Inc,AI,Canada,89420.0,Seed,startup_funding_dataset
"Dawson, Reid and Simpson",AI,India,1418962.0,Series A,startup_funding_dataset
Hoover-Jordan,Education,Netherlands,287651.0,Seed,startup_funding_dataset
Mccarthy-Ramirez,Tech,Australia,72692509.0,Series C,startup_funding_dataset
Martinez Inc,Health,Germany,7193700.0,Series A,startup_funding_dataset
Williams LLC,Health,France,42083672.0,Series B,startup_funding_dataset
Pierce-Wood,Health,Germany,559349214.0,IPO,startup_funding_dataset
Ramirez-Hinton,Health,USA,475071.0,Seed,startup_funding_dataset
"Bowman, Cross and Walker",Tech,Canada,180285671.0,Series C,startup_funding_dataset
Stevenson PLC,Education,France,49810397.0,Series B,startup_funding_dataset
"Smith, Kent and Butler",Finance,Netherlands,19146682.0,Series B,startup_funding_dataset
"Dickerson, Swanson and Chase",SaaS,UK,20837145.0,Series B,startup_funding_dataset
"Garrett, Christensen and Hunter",E-commerce,Germany,85502448.0,Series C,startup_funding_dataset
White and Sons,Tech,USA,4534405.0,Series A,startup_funding_dataset
Sanchez and Sons,AI,USA,332053.0,Seed,startup_funding_dataset
"Rogers, Hawkins and Carter",AI,Australia,391934.0,Seed,startup_funding_dataset
Duncan-Walker,Health,UK,5034661.0,Series A,startup_funding_dataset
Matthews PLC,AI,Australia,186952104.0,Series C,startup_funding_dataset
Evans-Hernandez,SaaS,India,367588.0,Seed,startup_funding_dataset
Bailey PLC,AI,France,32569041.0,Series B,startup_funding_dataset
"Peters, Carlson and Ball",Education,Netherlands,359604493.0,IPO,startup_funding_dataset
"Cole, Johnson and Rodriguez",Tech,Canada,38144196.0,Series B,startup_funding_dataset
Crawford Inc,Education,Australia,224548711.0,IPO,startup_funding_dataset
Costa-Vasquez,Health,Germany,6252774.0,Series A,startup_funding_dataset
"Garcia, Montes and Smith",AI,Australia,457492.0,Seed,startup_funding_dataset
Bishop and Sons,AI,USA,731351627.0,IPO,startup_funding_dataset
Stevenson-Lindsey,Health,Canada,658700937.0,IPO,startup_funding_dataset
"Fisher, Santiago and Cantu",Health,Germany,3238179.0,Series A,startup_funding_dataset
"Jacobs, Campbell and Velasquez",SaaS,Australia,34525430.0,Series B,startup_funding_dataset
"Ryan, Jackson and Cummings",Tech,Australia,748101746.0,IPO,startup_funding_dataset
"Parker, Roberts and Reynolds",SaaS,UK,150243756.0,Series C,startup_funding_dataset
"Villanueva, Brown and White",Finance,Netherlands,747873493.0,IPO,startup_funding_dataset
Allen-Brennan,Health,Germany,43867995.0,Series B,startup_funding_dataset
"Carter, Brown and Mcclain",E-commerce,Canada,115449445.0,Series C,startup_funding_dataset
Carlson-Campbell,Health,UK,64023000.0,Series C,startup_funding_dataset
Dyer Ltd,Finance,USA,77430143.0,Series C,startup_funding_dataset
Coleman Ltd,Finance,Australia,28143676.0,Series B,startup_funding_dataset
Meyer LLC,Health,France,182137734.0,Series C,startup_funding_dataset
Ramirez-Davis,Gaming,Canada,197530611.0,Series C,startup_funding_dataset
"Miller, Graves and Gonzalez",Education,Canada,19877285.0,Series B,startup_funding_dataset
Howard-Smith,Education,India,83755.0,Seed,startup_funding_dataset
"Jones, Smith and Morales",Education,Canada,178453730.0,Series C,startup_funding_dataset
Briggs-Berry,AI,USA,267397386.0,IPO,startup_funding_dataset
Sheppard LLC,E-commerce,Australia,250571.0,Seed,startup_funding_dataset
Graham-Hayes,Health,France,198450.0,Seed,startup_funding_dataset
Harding-Greer,Finance,UK,208327632.0,IPO,startup_funding_dataset
Walker-Watkins,Gaming,Netherlands,149872972.0,Series C,startup_funding_dataset
Palmer and Sons,Education,Netherlands,38859889.0,Series B,startup_funding_dataset
"Burgess, Hawkins and Butler",AI,Australia,129946018.0,Series C,startup_funding_dataset
"Townsend, Thomas and Barrett",Gaming,Netherlands,902739953.0,IPO,startup_funding_dataset
"Wood, Williams and Thomas",SaaS,France,3910324.0,Series A,startup_funding_dataset
Klein Ltd,Education,Germany,48049839.0,Series B,startup_funding_dataset
Munoz-Maddox,Tech,Canada,68596374.0,Series C,startup_funding_dataset
Miller Group,Tech,Australia,105626100.0,Series C,startup_funding_dataset
Fox Inc,Health,India,811778920.0,IPO,startup_funding_dataset
"Cannon, Welch and Parks",Gaming,Netherlands,37601075.0,Series B,startup_funding_dataset
Martinez-Lowe,E-commerce,Australia,26297270.0,Series B,startup_funding_dataset
Williams-Parker,E-commerce,Netherlands,80329484.0,Series C,startup_funding_dataset
Dixon-Lang,AI,Canada,92661852.0,Series C,startup_funding_dataset
"Schroeder, Lopez and Rice",Education,France,87157841.0,Series C,startup_funding_dataset
Ford Inc,E-commerce,USA,175141351.0,Series C,startup_funding_dataset
Nelson Inc,Gaming,India,202167.0,Seed,startup_funding_dataset
"Gallegos, Gonzales and Davis",Education,Germany,36546061.0,Series B,startup_funding_dataset
"Beck, Tran and Garrison",Finance,France,59208155.0,Series C,startup_funding_dataset
Christian Group,Finance,Germany,5385546.0,Series A,startup_funding_dataset
Frazier-Mitchell,Tech,India,247439.0,Seed,startup_funding_dataset
"Gates, Brandt and Thompson",Finance,UK,289982.0,Seed,startup_funding_dataset
"Martin, Le and Romero",Education,UK,246612.0,Seed,startup_funding_dataset
Mason Group,AI,USA,7293939.0,Series A,startup_funding_dataset
"Castro, Cummings and Coleman",E-commerce,Germany,1146759.0,Series A,startup_funding_dataset
Rogers PLC,Education,Australia,8647695.0,Series A,startup_funding_dataset
"Wright, Martinez and Young",Education,Germany,16170899.0,Series B,startup_funding_dataset
James-Anthony,Education,India,564762138.0,IPO,startup_funding_dataset
Collins-Andrews,Finance,Canada,129910.0,Seed,startup_funding_dataset
Rose PLC,SaaS,USA,13101001.0,Series B,startup_funding_dataset
Herring-Stewart,Finance,France,29798352.0,Series B,startup_funding_dataset
"Smith, Williams and Carrillo",SaaS,Canada,906476579.0,IPO,startup_funding_dataset
"Thompson, Hughes and Rodriguez",SaaS,USA,34920680.0,Series B,startup_funding_dataset
Rivera Inc,Gaming,Australia,499893686.0,IPO,startup_funding_dataset
"Boyd, Hughes and Alvarado",Education,Germany,2177911.0,Series A,startup_funding_dataset
Watkins LLC,Finance,France,191813555.0,Series C,startup_funding_dataset
Guzman-Lynch,Education,Netherlands,221842.0,Seed,startup_funding_dataset
Ward and Sons,Finance,Australia,434019.0,Seed,startup_funding_dataset
"Walker, Smith and Holland",Finance,India,9282523.0,Series A,startup_funding_dataset
Obrien-Fowler,AI,France,20688810.0,Series B,startup_funding_dataset
Sosa-Gonzalez,Finance,India,184956.0,Seed,startup_funding_dataset
Schmidt-Matthews,Tech,USA,126509.0,Seed,startup_funding_dataset
"Summers, Sutton and Austin",Tech,Netherlands,2960634.0,Series A,startup_funding_dataset
Davis-Bradley,Gaming,India,149839470.0,Series C,startup_funding_dataset
Hood Ltd,Health,Netherlands,401435.0,Seed,startup_funding_dataset
"Hart, Roy and Bates",AI,USA,264725482.0,IPO,startup_funding_dataset
"Nelson, Gibbs and Russell",SaaS,UK,102882624.0,Series C,startup_funding_dataset
Collins-James,Tech,France,484335886.0,IPO,startup_funding_dataset
Woodard Group,Education,Netherlands,342100049.0,IPO,startup_funding_dataset
Bell-Hall,Education,France,758847373.0,IPO,startup_funding_dataset
Lewis-Hutchinson,E-commerce,India,90601412.0,Series C,startup_funding_dataset
May-Newman,SaaS,USA,145921921.0,Series C,startup_funding_dataset
"Simmons, Richardson and Jimenez",SaaS,India,4832753.0,Series A,startup_funding_dataset
Marshall Inc,Finance,India,70128.0,Seed,startup_funding_dataset
Price Ltd,Tech,France,176733994.0,Series C,startup_funding_dataset
"Mclaughlin, Simmons and Cox",Gaming,Netherlands,118756684.0,Series C,startup_funding_dataset
"Ramirez, Fernandez and Chapman",Education,Germany,17491175.0,Series B,startup_funding_dataset
Hall Inc,Tech,India,47673507.0,Series B,startup_funding_dataset
Hall Group,E-commerce,Canada,7180215.0,Series A,startup_funding_dataset
Barton-Ruiz,E-commerce,France,174824.0,Seed,startup_funding_dataset
Hammond-Johnson,Finance,France,325891.0,Seed,startup_funding_dataset
"Howard, Lewis and Petersen",Tech,Netherlands,3682015.0,Series A,startup_funding_dataset
Moore-Mooney,Health,Australia,107107417.0,Series C,startup_funding_dataset
Smith-Parks,AI,Germany,51812.0,Seed,startup_funding_dataset
Avery Ltd,SaaS,Canada,132934081.0,Series C,startup_funding_dataset
Burton-Duncan,Health,France,494333.0,Seed,startup_funding_dataset
Anderson-Parker,Gaming,France,44177043.0,Series B,startup_funding_dataset
White-Schaefer,AI,Australia,531213967.0,IPO,startup_funding_dataset
Elliott Inc,Finance,Netherlands,303337581.0,IPO,startup_funding_dataset
"Adams, Johnson and Warren",Education,Netherlands,279253.0,Seed,startup_funding_dataset
"Simmons, Hardy and Strong",Education,Germany,204491.0,Seed,startup_funding_dataset
Nguyen-Martinez,Health,India,178542.0,Seed,startup_funding_dataset
Mcmahon Inc,SaaS,India,155282994.0,Series C,startup_funding_dataset
"Harris, Brady and Scott",Education,USA,257826.0,Seed,startup_funding_dataset
"Swanson, Williams and Wong",Finance,UK,110959.0,Seed,startup_funding_dataset
"Parker, Hunt and Turner",Education,UK,31440547.0,Series B,startup_funding_dataset
Lang Group,Tech,France,8370036.0,Series A,startup_funding_dataset
Rice-Wright,E-commerce,India,9019483.0,Series A,startup_funding_dataset
"Flores, Thomas and Rodriguez",Health,Canada,1505157.0,Series A,startup_funding_dataset
"Cohen, Galloway and Rush",AI,France,444818.0,Seed,startup_funding_dataset
Conner-Bryan,Finance,Netherlands,307067.0,Seed,startup_funding_dataset
Smith-Soto,Tech,Netherlands,1065256.0,Series A,startup_funding_dataset
Brennan and Sons,Health,UK,166884916.0,Series C,startup_funding_dataset
Santos-Carter,Health,India,6688114.0,Series A,startup_funding_dataset
"Graves, Shepherd and Washington",Education,Australia,49598037.0,Series B,startup_funding_dataset
"Torres, Mullins and Smith",AI,India,109619731.0,Series C,startup_funding_dataset
"Williams, Henderson and Harris",E-commerce,France,239989192.0,IPO,startup_funding_dataset
Fischer Group,E-commerce,Canada,186552.0,Seed,startup_funding_dataset
Potter Group,Gaming,Netherlands,196007121.0,Series C,startup_funding_dataset
"Rodriguez, Williams and Lewis",E-commerce,France,111708662.0,Series C,startup_funding_dataset
Gonzalez Group,Health,France,44561471.0,Series B,startup_funding_dataset
Lowery-Smith,Education,Canada,188504402.0,Series C,startup_funding_dataset
Roberts PLC,Education,Netherlands,790906153.0,IPO,startup_funding_dataset
Hill-Romero,E-commerce,India,295476.0,Seed,startup_funding_dataset
Abbott-Blanchard,Finance,UK,125874928.0,Series C,startup_funding_dataset
"Peterson, Fernandez and Harris",Gaming,Australia,188713.0,Seed,startup_funding_dataset
"Petersen, Horn and Lloyd",Tech,India,9050396.0,Series A,startup_funding_dataset
Lewis Ltd,Finance,USA,604186552.0,IPO,startup_funding_dataset
Bailey-Patton,Gaming,France,36190349.0,Series B,startup_funding_dataset
"Cain, Villanueva and Alvarado",Tech,India,56691594.0,Series C,startup_funding_dataset
"Arnold, Lewis and Delgado",Health,India,12091871.0,Series B,startup_funding_dataset
"Bryant, Clark and Murphy",E-commerce,Canada,162452635.0,Series C,startup_funding_dataset
Miller-Curtis,E-commerce,Netherlands,269222.0,Seed,startup_funding_dataset
Boone-Flores,Finance,France,172615126.0,Series C,startup_funding_dataset
Hunter-Nichols,E-commerce,Netherlands,43624439.0,Series B,startup_funding_dataset
Mcintyre-Williams,E-commerce,Netherlands,996485418.0,IPO,startup_funding_dataset
Madden-Rogers,Education,Netherlands,130854297.0,Series C,startup_funding_dataset
Grant PLC,Education,India,22355049.0,Series B,startup_funding_dataset
Morrison-Valencia,Health,Germany,80937872.0,Series C,startup_funding_dataset
Owens-Henderson,Education,Australia,211300.0,Seed,startup_funding_dataset
Graham and Sons,Health,USA,28679386.0,Series B,startup_funding_dataset
"Woods, Clements and Snyder",AI,Netherlands,25415182.0,Series B,startup_funding_dataset
"Edwards, Gomez and Sweeney",Tech,Netherlands,7368633.0,Series A,startup_funding_dataset
"Santos, Greer and Mueller",SaaS,Canada,36685217.0,Series B,startup_funding_dataset
"Davis, Wright and Rodriguez",Finance,Germany,3718635.0,Series A,startup_funding_dataset
Clark-Adams,Tech,France,394753070.0,IPO,startup_funding_dataset
Jones-White,AI,UK,145768490.0,Series C,startup_funding_dataset
Drake Inc,Education,Netherlands,184120873.0,Series C,startup_funding_dataset
"Acosta, Hamilton and Martin",Finance,UK,165071583.0,Series C,startup_funding_dataset
Dennis Ltd,AI,UK,265671.0,Seed,startup_funding_dataset
Bautista-Lowe,Tech,Netherlands,5974818.0,Series A,startup_funding_dataset
Small-Ramirez,Gaming,Australia,19543359.0,Series B,startup_funding_dataset
Martin Inc,E-commerce,France,38782059.0,Series B,startup_funding_dataset
"Shaw, Martinez and Mckinney",Education,Canada,7588605.0,Series A,startup_funding_dataset
Marsh Group,Health,Canada,705677201.0,IPO,startup_funding_dataset
Morris Inc,Finance,Canada,40683760.0,Series B,startup_funding_dataset
Lucas-Reyes,E-commerce,Germany,196965074.0,Series C,startup_funding_dataset
Gibson-King,Tech,Germany,173793084.0,Series C,startup_funding_dataset
Chavez-Yang,AI,India,687307226.0,IPO,startup_funding_dataset
Reynolds Group,Gaming,Canada,522803533.0,IPO,startup_funding_dataset
Wheeler Group,Tech,Australia,34334764.0,Series B,startup_funding_dataset
"Ruiz, Collins and Marquez",Finance,Australia,48532051.0,Series B,startup_funding_dataset
Bartlett-Vega,Education,Germany,517586268.0,IPO,startup_funding_dataset
Myers-Mills,E-commerce,UK,115896.0,Seed,startup_funding_dataset
Berger-Warren,E-commerce,Australia,2815441.0,Series A,startup_funding_dataset
"Brown, Gomez and Erickson",Gaming,Netherlands,66570.0,Seed,startup_funding_dataset
Parker PLC,Tech,Australia,656304938.0,IPO,startup_funding_dataset
"Garcia, Waller and Swanson",Tech,India,30962720.0,Series B,startup_funding_dataset
"George, Schneider and Johnson",Health,India,42088410.0,Series B,startup_funding_dataset
Rowland LLC,SaaS,UK,191543.0,Seed,startup_funding_dataset
Ramos-Reed,AI,Australia,145129142.0,Series C,startup_funding_dataset
Lewis-Short,E-commerce,Canada,373381535.0,IPO,startup_funding_dataset
"Rosario, Hatfield and Strickland",Gaming,France,3901226.0,Series A,startup_funding_dataset
Flores Inc,AI,USA,43476335.0,Series B,startup_funding_dataset
Holder-Mitchell,Health,Germany,272297339.0,IPO,startup_funding_dataset
"Hinton, Schneider and Williams",AI,India,25161512.0,Series B,startup_funding_dataset
White-Henry,Education,France,63104468.0,Series C,startup_funding_dataset
Lee LLC,E-commerce,France,181868583.0,Series C,startup_funding_dataset
Jefferson-Hamilton,SaaS,UK,165379550.0,Series C,startup_funding_dataset
Griffin Ltd,Education,Australia,153098.0,Seed,startup_funding_dataset
Gutierrez-Morales,AI,France,38678380.0,Series B,startup_funding_dataset
Shaffer Group,E-commerce,UK,45095815.0,Series B,startup_funding_dataset
Ryan Group,Finance,France,20169885.0,Series B,startup_funding_dataset
"Valencia, Davis and Fisher",Gaming,UK,422283.0,Seed,startup_funding_dataset
Lynch-Hernandez,Tech,Canada,21820854.0,Series B,startup_funding_dataset
Chambers-Boyd,Education,UK,465044532.0,IPO,startup_funding_dataset
Rodriguez-Reynolds,SaaS,USA,111105.0,Seed,startup_funding_dataset
Cochran-Daniels,AI,France,108172.0,Seed,startup_funding_dataset
Strong-Taylor,Tech,India,221958.0,Seed,startup_funding_dataset
Sheppard-Tyler,E-commerce,USA,425586419.0,IPO,startup_funding_dataset
Thornton Inc,AI,Australia,57543156.0,Series C,startup_funding_dataset
Young Ltd,Health,Germany,91466479.0,Series C,startup_funding_dataset
Ramirez-Alvarado,Tech,Germany,65247084.0,Series C,startup_funding_dataset
"Armstrong, Mccann and Cox",Finance,France,21471229.0,Series B,startup_funding_dataset
Lindsey-Aguirre,AI,Netherlands,191361635.0,Series C,startup_funding_dataset
"Leon, King and Moore",Gaming,USA,32844309.0,Series B,startup_funding_dataset
"Thompson, Skinner and Nelson",E-commerce,UK,5587315.0,Series A,startup_funding_dataset
Jones-Anderson,Health,Netherlands,34617417.0,Series B,startup_funding_dataset
Martin-Collins,SaaS,UK,330042.0,Seed,startup_funding_dataset
Fletcher Inc,Gaming,USA,8976522.0,Series A,startup_funding_dataset
Jimenez-Knight,E-commerce,Netherlands,435545127.0,IPO,startup_funding_dataset
Ramirez-Taylor,AI,France,5391732.0,Series A,startup_funding_dataset
Ramirez-Moore,E-commerce,India,4443685.0,Series A,startup_funding_dataset
"Wells, Johnson and Kelley",Health,Canada,889370062.0,IPO,startup_funding_dataset
"Murphy, Mccann and Chambers",SaaS,Canada,616028596.0,IPO,startup_funding_dataset
Raymond Ltd,Tech,France,32922019.0,Series B,startup_funding_dataset
Powers PLC,Gaming,UK,4916628.0,Series A,startup_funding_dataset
"Reyes, Johnson and Mason",E-commerce,Canada,58689180.0,Series C,startup_funding_dataset
"Rivera, Gonzalez and Bryant",Education,UK,4453702.0,Series A,startup_funding_dataset
Flowers-Ward,E-commerce,Canada,872320890.0,IPO,startup_funding_dataset
Watkins Inc,Health,Canada,6788301.0,Series A,startup_funding_dataset
"Lewis, Kennedy and Perry",SaaS,India,4476619.0,Series A,startup_funding_dataset
Garcia LLC,Education,Australia,308386343.0,IPO,startup_funding_dataset
Peters-Medina,Gaming,Australia,1405273.0,Series A,startup_funding_dataset
"Jordan, Mills and Williams",E-commerce,Netherlands,461671.0,Seed,startup_funding_dataset
Garcia-Allen,Finance,Netherlands,27509140.0,Series B,startup_funding_dataset
Reynolds LLC,Gaming,Canada,131328394.0,Series C,startup_funding_dataset
"Diaz, Nash and Barnes",Tech,Australia,53472.0,Seed,startup_funding_dataset
Mendoza-Pierce,SaaS,Australia,158254537.0,Series C,startup_funding_dataset
"Hatfield, Patterson and Morrison",Gaming,Canada,161852375.0,Series C,startup_funding_dataset
Waters-Dixon,Education,Australia,5384170.0,Series A,startup_funding_dataset
Parsons-Holt,Tech,Germany,18264926.0,Series B,startup_funding_dataset
"Moore, French and Johnson",Health,Australia,7293198.0,Series A,startup_funding_dataset
Wang and Sons,E-commerce,USA,7800939.0,Series A,startup_funding_dataset
"Bailey, Beck and Johnson",E-commerce,India,844904264.0,IPO,startup_funding_dataset
"Mcgrath, Rosales and Johnson",Finance,Canada,85188662.0,Series C,startup_funding_dataset
"Watts, Miller and Sullivan",Education,Canada,1965847.0,Series A,startup_funding_dataset
Lane-Watson,Tech,Germany,338049948.0,IPO,startup_funding_dataset
"Allen, Schaefer and Lee",Health,UK,147242577.0,Series C,startup_funding_dataset
Meyers Group,Education,France,406138719.0,IPO,startup_funding_dataset
"Rocha, Miller and Taylor",Gaming,Canada,8760385.0,Series A,startup_funding_dataset
Allen-Parks,AI,France,178482341.0,Series C,startup_funding_dataset
Brock PLC,Gaming,UK,5480507.0,Series A,startup_funding_dataset
Ferguson-Gilbert,Finance,France,110223.0,Seed,startup_funding_dataset
Dalton-Alexander,Education,Netherlands,220673.0,Seed,startup_funding_dataset
Reid-Garcia,Gaming,USA,470725.0,Seed,startup_funding_dataset
Walker Inc,AI,Netherlands,387703981.0,IPO,startup_funding_dataset
Cohen Inc,Finance,Australia,995377297.0,IPO,startup_funding_dataset
Lara Inc,Tech,France,709751665.0,IPO,startup_funding_dataset
Gardner-Williams,Tech,Germany,445872.0,Seed,startup_funding_dataset
Moore-Bowen,Tech,Germany,122710.0,Seed,startup_funding_dataset
Morrison PLC,Health,Australia,4739877.0,Series A,startup_funding_dataset
Nichols-Reynolds,AI,India,580871568.0,IPO,startup_funding_dataset
Harrell PLC,E-commerce,UK,77008.0,Seed,startup_funding_dataset
"Davila, Martinez and Peters",Finance,India,125676.0,Seed,startup_funding_dataset
"Phillips, Kirby and Floyd",Finance,Netherlands,14864269.0,Series B,startup_funding_dataset
Carlson-Johnson,Education,USA,8221999.0,Series A,startup_funding_dataset
"Lane, Davis and Hall",E-commerce,France,45260957.0,Series B,startup_funding_dataset
"Stewart, Johnson and Jones",E-commerce,Canada,802862916.0,IPO,startup_funding_dataset
Jackson-Carroll,AI,India,5345963.0,Series A,startup_funding_dataset
Jones-Rodriguez,Education,India,147712543.0,Series C,startup_funding_dataset
"Graham, Mcpherson and Yu",SaaS,Netherlands,900098218.0,IPO,startup_funding_dataset
Grant-Mckinney,AI,UK,118157.0,Seed,startup_funding_dataset
Crawford PLC,AI,USA,908292086.0,IPO,startup_funding_dataset
"Trevino, Yu and Roberts",Health,India,139862992.0,Series C,startup_funding_dataset
"Dennis, Anderson and Lynch",E-commerce,France,657682844.0,IPO,startup_funding_dataset
Jefferson-Smith,E-commerce,Germany,5831813.0,Series A,startup_funding_dataset
"Hunt, Bradley and Gonzalez",Tech,Canada,955201538.0,IPO,startup_funding_dataset
Harris and Sons,Tech,India,154413009.0,Series C,startup_funding_dataset
"Sanders, Sanchez and Weber",Education,France,63565809.0,Series C,startup_funding_dataset
"Willis, Yates and Ross",Tech,India,26220112.0,Series B,startup_funding_dataset
"Campbell, Caldwell and Raymond",Gaming,USA,312286.0,Seed,startup_funding_dataset
Silva Ltd,AI,India,142059030.0,Series C,startup_funding_dataset
Chan and Sons,E-commerce,UK,330108.0,Seed,startup_funding_dataset
"Bates, Anderson and Mckinney",Gaming,UK,279443386.0,IPO,startup_funding_dataset
Nichols-Smith,Gaming,USA,258201.0,Seed,startup_funding_dataset
Kelly-Curry,E-commerce,Canada,313228.0,Seed,startup_funding_dataset
Morris Group,Tech,UK,395028177.0,IPO,startup_funding_dataset
Wu-Collins,SaaS,Canada,6664557.0,Series A,startup_funding_dataset
"Boyd, Williams and Morales",E-commerce,Germany,929216017.0,IPO,startup_funding_dataset
"Baird, Phillips and Thompson",SaaS,USA,167451991.0,Series C,startup_funding_dataset
"Silva, Morales and Mendoza",SaaS,Germany,190281.0,Seed,startup_funding_dataset
"Watts, Johnson and Kelley",SaaS,Netherlands,264487.0,Seed,startup_funding_dataset
Peters Ltd,Health,Canada,58528890.0,Series C,startup_funding_dataset
"Bradford, Cuevas and Roberts",Education,Australia,135416339.0,Series C,startup_funding_dataset
"May, Johnson and Wells",Health,UK,230498685.0,IPO,startup_funding_dataset
Carlson-Romero,Education,Canada,433060465.0,IPO,startup_funding_dataset
"Hubbard, Ruiz and Webb",AI,Netherlands,608561619.0,IPO,startup_funding_dataset
"Rivera, Walters and Mitchell",Health,France,734703214.0,IPO,startup_funding_dataset
"Norton, Kelly and Diaz",Gaming,India,145782158.0,Series C,startup_funding_dataset
"Martin, Peterson and Kennedy",Education,Germany,28002835.0,Series B,startup_funding_dataset
Clayton-Pineda,Gaming,Australia,67071.0,Seed,startup_funding_dataset
"Barnett, Williams and Williams",AI,UK,372053.0,Seed,startup_funding_dataset
Anderson-Oliver,Education,Australia,4726926.0,Series A,startup_funding_dataset
"Holmes, Washington and Gonzales",AI,Netherlands,361586657.0,IPO,startup_funding_dataset
Allen LLC,Finance,UK,11631560.0,Series B,startup_funding_dataset
Harris-Bates,Gaming,Canada,875845028.0,IPO,startup_funding_dataset
Hart Ltd,Education,Germany,187581389.0,Series C,startup_funding_dataset
"Allison, Williamson and Benson",Health,USA,1933789.0,Series A,startup_funding_dataset
"Fischer, Lawson and Le",Health,Canada,112694424.0,Series C,startup_funding_dataset
"Baker, Montes and Holmes",AI,USA,15898104.0,Series B,startup_funding_dataset
"Webb, Travis and Smith",Tech,Australia,122470645.0,Series C,startup_funding_dataset
"Schwartz, Carter and Matthews",SaaS,Australia,549709657.0,IPO,startup_funding_dataset
"Gonzalez, Howard and Perez",Gaming,France,158159781.0,Series C,startup_funding_dataset
"Johnson, Sherman and Chase",Health,Canada,25075728.0,Series B,startup_funding_dataset
Vaughn LLC,AI,Australia,173453.0,Seed,startup_funding_dataset
"Hendrix, Lee and Torres",SaaS,UK,391345.0,Seed,startup_funding_dataset
Stein Ltd,Education,France,832783178.0,IPO,startup_funding_dataset
Villarreal LLC,Tech,USA,92366592.0,Series C,startup_funding_dataset
"Mccall, Daniels and Dixon",AI,Netherlands,268528747.0,IPO,startup_funding_dataset
Stevens PLC,Tech,USA,14419576.0,Series B,startup_funding_dataset
Maynard LLC,Finance,India,134075124.0,Series C,startup_funding_dataset
"Gordon, Hamilton and Maldonado",Finance,Netherlands,1945513.0,Series A,startup_funding_dataset
"Lopez, Davis and Greer",SaaS,Australia,56769.0,Seed,startup_funding_dataset
Sutton-Chambers,E-commerce,France,190688251.0,Series C,startup_funding_dataset
"Lane, Wilson and Parrish",AI,Germany,12938344.0,Series B,startup_funding_dataset
Potts-Jones,Education,Australia,6607273.0,Series A,startup_funding_dataset
Alexander-Adkins,Tech,France,23942817.0,Series B,startup_funding_dataset
Nicholson PLC,Tech,Australia,1217597.0,Series A,startup_funding_dataset
Harrison and Sons,Finance,Netherlands,41186660.0,Series B,startup_funding_dataset
Green-Lopez,Education,France,967415004.0,IPO,startup_funding_dataset
"Collier, Randolph and Sellers",Tech,Germany,256702032.0,IPO,startup_funding_dataset
"Walker, Golden and Patel",SaaS,USA,489509929.0,IPO,startup_funding_dataset
Garcia-Benton,E-commerce,France,73298684.0,Series C,startup_funding_dataset
"Smith, Holmes and Wheeler",E-commerce,France,38731511.0,Series B,startup_funding_dataset
Vaughn-Jensen,Health,Australia,597032965.0,IPO,startup_funding_dataset
Young-Dean,AI,France,216762108.0,IPO,startup_funding_dataset
"Gray, Vargas and Mitchell",SaaS,Germany,28142667.0,Series B,startup_funding_dataset
Pineda Inc,Tech,Germany,381288972.0,IPO,startup_funding_dataset
Lambert PLC,Gaming,UK,3406967.0,Series A,startup_funding_dataset
Mcdowell-Berg,Education,UK,376404.0,Seed,startup_funding_dataset
"Miller, Johnson and Dudley",AI,UK,127056221.0,Series C,startup_funding_dataset
Ibarra and Sons,SaaS,Netherlands,35674806.0,Series B,startup_funding_dataset
Dodson-Flores,SaaS,USA,47429116.0,Series B,startup_funding_dataset
Huff-Lynch,Tech,USA,3284362.0,Series A,startup_funding_dataset
"Bowman, Wilkinson and Reynolds",AI,Netherlands,991173260.0,IPO,startup_funding_dataset
Livingston-Brandt,Gaming,India,910265346.0,IPO,startup_funding_dataset
"Dennis, Aguilar and Conley",Tech,Netherlands,2954693.0,Series A,startup_funding_dataset
Snow-Griffin,Health,USA,37660270.0,Series B,startup_funding_dataset
Conway-Gallagher,Gaming,France,18584706.0,Series B,startup_funding_dataset
"Phillips, Rogers and Harrell",SaaS,Australia,187307011.0,Series C,startup_funding_dataset
"Morales, Powell and Wilcox",Health,India,56263.0,Seed,startup_funding_dataset
Castillo-Morris,Tech,India,36655925.0,Series B,startup_funding_dataset
Collins-Chung,Finance,UK,463444.0,Seed,startup_funding_dataset
Lee Inc,Tech,India,53569041.0,Series C,startup_funding_dataset
"Peterson, Murphy and Davis",SaaS,Germany,313473.0,Seed,startup_funding_dataset
"Rios, Ellis and Warner",Health,Netherlands,6454232.0,Series A,startup_funding_dataset
"Lopez, Jackson and Mitchell",Gaming,UK,193123968.0,Series C,startup_funding_dataset
Fields Inc,Finance,Netherlands,436779631.0,IPO,startup_funding_dataset
"Phillips, Ferrell and Short",E-commerce,Canada,235095462.0,IPO,startup_funding_dataset
Banks and Sons,AI,India,197457932.0,Series C,startup_funding_dataset
"Morris, Henry and Wood",E-commerce,France,4003295.0,Series A,startup_funding_dataset
Thomas-Huang,E-commerce,Netherlands,5398539.0,Series A,startup_funding_dataset
Hill Inc,Health,Canada,22531599.0,Series B,startup_funding_dataset
"Hernandez, Martin and Ferguson",E-commerce,Australia,3154271.0,Series A,startup_funding_dataset
"Smith, Smith and Davis",Education,Netherlands,7697857.0,Series A,startup_funding_dataset
"Patel, Ross and Ramirez",AI,India,184118520.0,Series C,startup_funding_dataset
"Jones, Turner and Pearson",SaaS,Canada,206781.0,Seed,startup_funding_dataset
"Bryan, Wilson and Bowman",Tech,USA,90493235.0,Series C,startup_funding_dataset
Jones PLC,AI,Australia,9945198.0,Series A,startup_funding_dataset
Clark-Valdez,AI,Canada,2610956.0,Series A,startup_funding_dataset
"Serrano, Taylor and Bell",AI,UK,295068.0,Seed,startup_funding_dataset
Lambert Group,Tech,Netherlands,232423.0,Seed,startup_funding_dataset
Allen-Jennings,AI,USA,779003876.0,IPO,startup_funding_dataset
Patel-Stewart,AI,Netherlands,135057219.0,Series C,startup_funding_dataset
"Yates, Ramirez and Bennett",Tech,Canada,9014590.0,Series A,startup_funding_dataset
Farmer Group,Tech,Netherlands,40296241.0,Series B,startup_funding_dataset
"Wilson, Smith and Robinson",Health,USA,242245367.0,IPO,startup_funding_dataset
Pruitt PLC,Education,UK,44526142.0,Series B,startup_funding_dataset
"Perez, Burnett and Wilson",E-commerce,Australia,593253722.0,IPO,startup_funding_dataset
Bowen Inc,Gaming,France,189842946.0,Series C,startup_funding_dataset
Hernandez PLC,Education,UK,173069510.0,Series C,startup_funding_dataset
Powell-Richardson,Health,India,8224296.0,Series A,startup_funding_dataset
Price-Harrison,Education,Australia,50213310.0,Series C,startup_funding_dataset
Baker Inc,Finance,India,181966385.0,Series C,startup_funding_dataset
Short-Becker,Tech,UK,6145370.0,Series A,startup_funding_dataset
Mclean-Lopez,AI,USA,1715263.0,Series A,startup_funding_dataset
Phillips-Morgan,E-commerce,Netherlands,102559586.0,Series C,startup_funding_dataset
Alvarez Ltd,SaaS,France,39997457.0,Series B,startup_funding_dataset
"Rodriguez, Stone and Vincent",E-commerce,USA,41176324.0,Series B,startup_funding_dataset
Reyes-West,AI,UK,85870956.0,Series C,startup_funding_dataset
Finley-Wilcox,E-commerce,Netherlands,191595311.0,Series C,startup_funding_dataset
"Martin, Roberts and Williams",Finance,Canada,131842419.0,Series C,startup_funding_dataset
"Young, Sharp and Thompson",Gaming,USA,421242446.0,IPO,startup_funding_dataset
Tanner Group,Health,Australia,8458175.0,Series A,startup_funding_dataset
Montes LLC,Health,Canada,22055337.0,Series B,startup_funding_dataset
Miller-Pugh,Education,Canada,669206297.0,IPO,startup_funding_dataset
Cuevas-Miller,SaaS,USA,114707201.0,Series C,startup_funding_dataset
Nixon-Hernandez,Health,Germany,359097961.0,IPO,startup_funding_dataset
Howard-Reese,Gaming,Australia,6446774.0,Series A,startup_funding_dataset
Haley Ltd,SaaS,France,72508142.0,Series C,startup_funding_dataset
Keller and Sons,SaaS,Netherlands,189836857.0,Series C,startup_funding_dataset
Colon-Harrington,Finance,Germany,2320829.0,Series A,startup_funding_dataset
Lee-Lynch,Tech,Netherlands,659671946.0,IPO,startup_funding_dataset
"Holloway, Scott and Scott",Health,UK,42076626.0,Series B,startup_funding_dataset
Bryant-Harmon,Education,Canada,173580703.0,Series C,startup_funding_dataset
"Buckley, Smith and Farrell",SaaS,USA,2532835.0,Series A,startup_funding_dataset
Farrell Group,Health,USA,134855.0,Seed,startup_funding_dataset
"Lang, Petersen and Fernandez",E-commerce,France,415365516.0,IPO,startup_funding_dataset
Rodriguez-Davis,AI,UK,403917324.0,IPO,startup_funding_dataset
"Williams, Adams and Sanchez",SaaS,Netherlands,100825.0,Seed,startup_funding_dataset
Ryan-Foster,Tech,Canada,127941998.0,Series C,startup_funding_dataset
"Medina, Ellis and Williamson",Tech,Netherlands,7266461.0,Series A,startup_funding_dataset
"Patterson, Martinez and Moody",Health,USA,448400517.0,IPO,startup_funding_dataset
"Pennington, Bennett and Drake",Health,UK,4594471.0,Series A,startup_funding_dataset
Garcia-Woods,AI,France,17403380.0,Series B,startup_funding_dataset
"Burns, Compton and Cooley",E-commerce,Australia,924573371.0,IPO,startup_funding_dataset
Robinson-Hart,Finance,Netherlands,18378923.0,Series B,startup_funding_dataset
Mitchell Inc,Health,Canada,36261669.0,Series B,startup_funding_dataset
Nielsen-Wilcox,Finance,UK,53331309.0,Series C,startup_funding_dataset
"Huynh, Berger and Jensen",Education,Canada,786546492.0,IPO,startup_funding_dataset
Norris Group,Tech,Australia,127697935.0,Series C,startup_funding_dataset
Kim-Anderson,E-commerce,Canada,415482.0,Seed,startup_funding_dataset
Harris-Jones,SaaS,UK,404654.0,Seed,startup_funding_dataset
Petty-Smith,Tech,Canada,328126.0,Seed,startup_funding_dataset
"Rodriguez, Reid and Richardson",Finance,Australia,33101390.0,Series B,startup_funding_dataset
Rivas Ltd,Education,India,5569405.0,Series A,startup_funding_dataset
"Morris, Hutchinson and Campbell",E-commerce,France,17340264.0,Series B,startup_funding_dataset
Sanchez Group,Education,Netherlands,7381276.0,Series A,startup_funding_dataset
"Cox, Callahan and Snyder",Gaming,USA,18442241.0,Series B,startup_funding_dataset
"Graham, Williams and Salazar",Health,Netherlands,27698782.0,Series B,startup_funding_dataset
Padilla-Washington,E-commerce,India,166081.0,Seed,startup_funding_dataset
"Brennan, Griffin and Mills",Education,Canada,1532342.0,Series A,startup_funding_dataset
"Vega, Reyes and Davis",Education,USA,170816977.0,Series C,startup_funding_dataset
Baker-Miller,Finance,Canada,970717874.0,IPO,startup_funding_dataset
"Lynch, Bean and Meyers",SaaS,UK,388390.0,Seed,startup_funding_dataset
"Smith, Marquez and Cooper",Finance,UK,56632.0,Seed,startup_funding_dataset
Lopez PLC,Gaming,USA,185388.0,Seed,startup_funding_dataset
Browning Group,Education,France,107246755.0,Series C,startup_funding_dataset
"Brown, Wilson and Briggs",Finance,Netherlands,126964.0,Seed,startup_funding_dataset
Mitchell-Hunter,AI,USA,13488274.0,Series B,startup_funding_dataset
Martinez-Hancock,Health,France,7169917.0,Series A,startup_funding_dataset
"Tyler, Byrd and Carlson",Education,Germany,46677215.0,Series B,startup_funding_dataset
Thompson-Williams,AI,USA,750911102.0,IPO,startup_funding_dataset
Garza Inc,Health,Canada,43030488.0,Series B,startup_funding_dataset
"Thompson, Hudson and Aguilar",Education,Germany,641962972.0,IPO,startup_funding_dataset
Morales-Valdez,Finance,Germany,129012529.0,Series C,startup_funding_dataset
"Escobar, Bryant and Williams",Tech,UK,350362.0,Seed,startup_funding_dataset
Rodriguez-Mitchell,Finance,UK,44313066.0,Series B,startup_funding_dataset
Williams-Lopez,AI,USA,463076.0,Seed,startup_funding_dataset
"Hughes, Miller and Clay",AI,Australia,17162981.0,Series B,startup_funding_dataset
Jennings LLC,SaaS,USA,3491477.0,Series A,startup_funding_dataset
Crawford-Dickson,Tech,Canada,767682556.0,IPO,startup_funding_dataset
"Martin, Mccoy and Benitez",Gaming,USA,283281.0,Seed,startup_funding_dataset
"Benson, Roberts and Fleming",Health,France,303382749.0,IPO,startup_funding_dataset
Young Group,E-commerce,India,2190045.0,Series A,startup_funding_dataset
Riley PLC,Education,UK,7780645.0,Series A,startup_funding_dataset
Evans Group,Gaming,Australia,22350237.0,Series B,startup_funding_dataset
"Palmer, Williams and Figueroa",AI,UK,59463775.0,Series C,startup_funding_dataset
"Hicks, Brown and Bell",Finance,Canada,128051523.0,Series C,startup_funding_dataset
Morris-Travis,Finance,Canada,71486450.0,Series C,startup_funding_dataset
"Johnson, Lawson and Goodwin",Health,France,362063712.0,IPO,startup_funding_dataset
"Baker, Allen and Henderson",Health,India,146663475.0,Series C,startup_funding_dataset
"Mccoy, Andrade and Barajas",Finance,UK,279625395.0,IPO,startup_funding_dataset
Rivera-Cobb,Education,UK,24616453.0,Series B,startup_funding_dataset
Serrano-Bowman,Finance,UK,256474.0,Seed,startup_funding_dataset
Rojas PLC,Gaming,USA,63841.0,Seed,startup_funding_dataset
"Saunders, Holden and Walker",Finance,Australia,144217.0,Seed,startup_funding_dataset
Hess Group,AI,Germany,603348978.0,IPO,startup_funding_dataset
Fernandez PLC,Finance,Germany,20905538.0,Series B,startup_funding_dataset
Anderson and Sons,AI,India,3075790.0,Series A,startup_funding_dataset
"Byrd, Torres and Mcbride",SaaS,USA,4716972.0,Series A,startup_funding_dataset
Vasquez LLC,Finance,France,401965.0,Seed,startup_funding_dataset
Reynolds-Wilson,Tech,India,171646.0,Seed,startup_funding_dataset
Cook LLC,SaaS,Canada,472426.0,Seed,startup_funding_dataset
"Castillo, Adams and Barr",AI,Canada,355265117.0,IPO,startup_funding_dataset
Tucker Group,Education,Australia,7747762.0,Series A,startup_funding_dataset
Martinez Group,Gaming,Netherlands,127662066.0,Series C,startup_funding_dataset
"Daniel, Keller and Mcdonald",E-commerce,Canada,5191737.0,Series A,startup_funding_dataset
Jones LLC,Education,Canada,188170828.0,Series C,startup_funding_dataset
Kelley-Smith,SaaS,USA,173476247.0,Series C,startup_funding_dataset
Munoz and Sons,E-commerce,France,62302647.0,Series C,startup_funding_dataset
Martinez LLC,Gaming,India,343057.0,Seed,startup_funding_dataset
Barnes Ltd,Education,France,9277082.0,Series A,startup_funding_dataset
Gamble-Landry,Tech,France,916433810.0,IPO,startup_funding_dataset
"Bartlett, Harris and Taylor",Education,USA,2833994.0,Series A,startup_funding_dataset
Zhang Ltd,Gaming,Australia,55399.0,Seed,startup_funding_dataset
Robles and Sons,Education,Germany,171152703.0,Series C,startup_funding_dataset
Casey and Sons,SaaS,Australia,69334443.0,Series C,startup_funding_dataset
"Benton, Martinez and Morse",Gaming,Australia,23241081.0,Series B,startup_funding_dataset
Miller-Morris,Tech,Netherlands,19377043.0,Series B,startup_funding_dataset
Spencer Inc,Finance,Australia,5697791.0,Series A,startup_funding_dataset
"Johnson, Cross and Livingston",Gaming,India,194231325.0,Series C,startup_funding_dataset
Hooper-Montes,E-commerce,USA,185916.0,Seed,startup_funding_dataset
Fields-Young,E-commerce,Germany,329208.0,Seed,startup_funding_dataset
"Chase, Wagner and Bush",Gaming,Canada,13755620.0,Series B,startup_funding_dataset
"Fields, Rodriguez and Farrell",Tech,UK,114079191.0,Series C,startup_funding_dataset
Gentry PLC,Tech,UK,366849.0,Seed,startup_funding_dataset
Madden-Evans,Tech,UK,9136975.0,Series A,startup_funding_dataset
Contreras-Franklin,Education,USA,5414268.0,Series A,startup_funding_dataset
Frost-Douglas,Tech,USA,44214541.0,Series B,startup_funding_dataset
Reid-Bartlett,Finance,Netherlands,9322472.0,Series A,startup_funding_dataset
Mcgee Inc,Tech,Australia,550154199.0,IPO,startup_funding_dataset
Thomas-Richards,Finance,Australia,904270447.0,IPO,startup_funding_dataset
Miller-Sanders,AI,India,39486783.0,Series B,startup_funding_dataset
Clayton-Garner,Gaming,UK,292641.0,Seed,startup_funding_dataset
"Gomez, Owens and Hunter",Education,India,176859311.0,Series C,startup_funding_dataset
Buchanan-Mckinney,SaaS,USA,431978610.0,IPO,startup_funding_dataset
Miranda-Wells,SaaS,France,163123952.0,Series C,startup_funding_dataset
"King, Ward and Peterson",Tech,Germany,300710.0,Seed,startup_funding_dataset
"Moyer, Bryant and Hicks",Education,Netherlands,30277970.0,Series B,startup_funding_dataset
Kelly and Sons,Health,Australia,35171145.0,Series B,startup_funding_dataset
Rogers-Daniels,AI,Germany,36614866.0,Series B,startup_funding_dataset
Nelson-Faulkner,Education,Australia,23981011.0,Series B,startup_funding_dataset
Blanchard Ltd,Gaming,UK,22016941.0,Series B,startup_funding_dataset
Patel Inc,Finance,Australia,283421751.0,IPO,startup_funding_dataset
"Becker, Washington and Casey",Health,UK,614688921.0,IPO,startup_funding_dataset
"Hurley, Franklin and Jackson",Gaming,Netherlands,5916620.0,Series A,startup_funding_dataset
"Phillips, Martinez and Turner",SaaS,Canada,363215.0,Seed,startup_funding_dataset
Brown-Williams,Education,Australia,458575.0,Seed,startup_funding_dataset
"Guerra, Carter and Turner",Finance,Canada,7799325.0,Series A,startup_funding_dataset
White Group,Gaming,France,32038765.0,Series B,startup_funding_dataset
Short and Sons,E-commerce,France,38167424.0,Series B,startup_funding_dataset
Williamson Ltd,Education,Germany,110221638.0,Series C,startup_funding_dataset
Taylor Inc,E-commerce,Australia,21734249.0,Series B,startup_funding_dataset
Alexander and Sons,Health,Australia,12707909.0,Series B,startup_funding_dataset
Hill-Johnson,Finance,Germany,450768.0,Seed,startup_funding_dataset
"Bell, Rodgers and Rose",Education,USA,7822700.0,Series A,startup_funding_dataset
"Jordan, Harding and Ramsey",Finance,UK,10055361.0,Series B,startup_funding_dataset
Barr LLC,Tech,France,791650908.0,IPO,startup_funding_dataset
Villarreal Inc,SaaS,Canada,483166.0,Seed,startup_funding_dataset
Davis-Porter,SaaS,Canada,3314434.0,Series A,startup_funding_dataset
Jensen-Anderson,Tech,Canada,917431802.0,IPO,startup_funding_dataset
Stark Group,Education,Netherlands,6453831.0,Series A,startup_funding_dataset
"Williamson, Santiago and Newton",E-commerce,Australia,19624481.0,Series B,startup_funding_dataset
"Foster, Smith and Brown",E-commerce,Canada,45370088.0,Series B,startup_funding_dataset
Horne-Montes,Education,USA,8151613.0,Series A,startup_funding_dataset
Washington-Hampton,Health,UK,9349436.0,Series A,startup_funding_dataset
Ramirez-Phillips,Tech,UK,8695567.0,Series A,startup_funding_dataset
Graves-Robinson,Finance,UK,453249.0,Seed,startup_funding_dataset
Burton LLC,Finance,France,233195.0,Seed,startup_funding_dataset
Miller PLC,AI,Canada,24290744.0,Series B,startup_funding_dataset
Clark-Hunt,Finance,Australia,458126.0,Seed,startup_funding_dataset
Anderson-Bailey,SaaS,India,3400905.0,Series A,startup_funding_dataset
Holloway PLC,Finance,France,809688616.0,IPO,startup_funding_dataset
Garcia-Palmer,AI,Canada,126925306.0,Series C,startup_funding_dataset
"West, Atkins and Johns",SaaS,France,12631380.0,Series B,startup_funding_dataset
"Spencer, Silva and Zimmerman",Health,UK,546573249.0,IPO,startup_funding_dataset
"Singh, Khan and Wallace",Education,India,5842123.0,Series A,startup_funding_dataset
Rodriguez-Garcia,Finance,France,46509579.0,Series B,startup_funding_dataset
"Dunn, Greene and Reed",AI,Canada,94894481.0,Series C,startup_funding_dataset
Petty-Robinson,Gaming,Netherlands,30326783.0,Series B,startup_funding_dataset
Reyes-Garrett,Education,Netherlands,3322213.0,Series A,startup_funding_dataset
"Cox, Santos and Vasquez",SaaS,Canada,12717696.0,Series B,startup_funding_dataset
"Luna, Higgins and Davidson",AI,Netherlands,182241269.0,Series C,startup_funding_dataset
"Brown, Miller and Walter",Tech,Netherlands,21230543.0,Series B,startup_funding_dataset
Valdez-Rogers,AI,India,233922.0,Seed,startup_funding_dataset
Scott-Berg,Gaming,Germany,516655091.0,IPO,startup_funding_dataset
Adams-Bolton,Finance,India,804833405.0,IPO,startup_funding_dataset
Jones-Carlson,AI,Germany,50413.0,Seed,startup_funding_dataset
Good Group,AI,France,463817301.0,IPO,startup_funding_dataset
Turner Ltd,Tech,France,4689499.0,Series A,startup_funding_dataset
Munoz Ltd,Gaming,Germany,4504488.0,Series A,startup_funding_dataset
Anderson Inc,Tech,USA,435681244.0,IPO,startup_funding_dataset
"Weber, Ochoa and Nunez",E-commerce,Canada,2352682.0,Series A,startup_funding_dataset
"Nelson, Aguirre and Castro",Gaming,India,4180618.0,Series A,startup_funding_dataset
Hawkins Group,AI,Australia,2357735.0,Series A,startup_funding_dataset
Clark PLC,AI,India,157454.0,Seed,startup_funding_dataset
"Hart, Carr and Stout",SaaS,Netherlands,251112.0,Seed,startup_funding_dataset
"Brooks, Gill and Bush",Tech,Canada,9615263.0,Series A,startup_funding_dataset
Barnett LLC,Tech,India,6703319.0,Series A,startup_funding_dataset
"Smith, Rodgers and Nolan",Education,Germany,48622026.0,Series B,startup_funding_dataset
Kelly-Hoffman,AI,Netherlands,84364.0,Seed,startup_funding_dataset
Santos Inc,AI,Canada,39817084.0,Series B,startup_funding_dataset
Collins-Terry,Finance,Canada,166346992.0,Series C,startup_funding_dataset
"Barr, Sullivan and Anderson",Health,UK,204076.0,Seed,startup_funding_dataset
Owens LLC,Gaming,Canada,107576325.0,Series C,startup_funding_dataset
Wheeler-Holmes,AI,USA,2689908.0,Series A,startup_funding_dataset
Campbell-Bell,Gaming,USA,497615766.0,IPO,startup_funding_dataset
Singleton-Coleman,Health,India,195149581.0,Series C,startup_funding_dataset
"Cunningham, Little and Acosta",E-commerce,USA,168847252.0,Series C,startup_funding_dataset
Franco-Smith,Finance,Germany,360959494.0,IPO,startup_funding_dataset
Mcclure PLC,Gaming,France,193677895.0,Series C,startup_funding_dataset
Freeman-Sullivan,SaaS,UK,368889.0,Seed,startup_funding_dataset
Larson Ltd,Finance,Australia,1892478.0,Series A,startup_funding_dataset
Cunningham Inc,SaaS,Canada,835364997.0,IPO,startup_funding_dataset
Pierce-Mclaughlin,E-commerce,USA,381786242.0,IPO,startup_funding_dataset
"Gates, Freeman and Foster",Tech,Canada,338199696.0,IPO,startup_funding_dataset
Meadows and Sons,Tech,France,115574193.0,Series C,startup_funding_dataset
"Perry, Kim and Preston",Tech,UK,338716.0,Seed,startup_funding_dataset
Tran-Thompson,SaaS,India,18751075.0,Series B,startup_funding_dataset
Smith Ltd,Health,USA,4972829.0,Series A,startup_funding_dataset
Gutierrez LLC,Gaming,Australia,2023602.0,Series A,startup_funding_dataset
Mcintyre and Sons,Health,UK,400496295.0,IPO,startup_funding_dataset
"Williams, Smith and Martin",SaaS,Germany,138204439.0,Series C,startup_funding_dataset
Levy Ltd,Education,USA,658378803.0,IPO,startup_funding_dataset
Galvan-Smith,SaaS,Netherlands,5439828.0,Series A,startup_funding_dataset
"Mathis, Williams and Colon",Education,UK,23616490.0,Series B,startup_funding_dataset
"Clark, Walsh and Robertson",Finance,UK,52035793.0,Series C,startup_funding_dataset
"House, Reed and Sanchez",Tech,Australia,49219809.0,Series B,startup_funding_dataset
Larsen LLC,AI,France,4292307.0,Series A,startup_funding_dataset
Park LLC,Health,Canada,18788682.0,Series B,startup_funding_dataset
Schneider-Randolph,Health,India,1850618.0,Series A,startup_funding_dataset
Davis-Garcia,Gaming,Canada,425245.0,Seed,startup_funding_dataset
"Weiss, Pugh and Rodriguez",Finance,UK,23197292.0,Series B,startup_funding_dataset
Mccoy Group,AI,UK,69356614.0,Series C,startup_funding_dataset
"Maxwell, Cruz and Hood",Finance,Canada,27917236.0,Series B,startup_funding_dataset
"Jensen, Brown and Guzman",Gaming,UK,113125.0,Seed,startup_funding_dataset
"Wilkins, Thomas and Garner",Tech,Netherlands,6198108.0,Series A,startup_funding_dataset
Torres LLC,Health,Canada,310422.0,Seed,startup_funding_dataset
"Gordon, Phelps and Thompson",Finance,India,125229.0,Seed,startup_funding_dataset
Ruiz-Moss,SaaS,France,592775438.0,IPO,startup_funding_dataset
Erickson-Schroeder,E-commerce,Germany,6157525.0,Series A,startup_funding_dataset
"Anderson, Sandoval and Gordon",E-commerce,Canada,38198351.0,Series B,startup_funding_dataset
Simmons-Long,Education,Canada,41932809.0,Series B,startup_funding_dataset
Coleman-Huber,Gaming,Australia,8236015.0,Series A,startup_funding_dataset
Bennett LLC,SaaS,India,8145728.0,Series A,startup_funding_dataset
Hall-Watson,AI,Germany,37425708.0,Series B,startup_funding_dataset
Griffin-Cole,AI,UK,27467224.0,Series B,startup_funding_dataset
Swanson LLC,SaaS,Canada,348250553.0,IPO,startup_funding_dataset
King LLC,AI,USA,8516191.0,Series A,startup_funding_dataset
Carter Inc,Gaming,USA,1857704.0,Series A,startup_funding_dataset
Kramer-Cunningham,Gaming,UK,106463718.0,Series C,startup_funding_dataset
Velez Inc,Finance,USA,525723019.0,IPO,startup_funding_dataset
Carlson Group,Gaming,Germany,152101198.0,Series C,startup_funding_dataset
"Livingston, Jackson and Allen",AI,India,42761223.0,Series B,startup_funding_dataset
Aguilar-Harmon,E-commerce,Australia,454009.0,Seed,startup_funding_dataset
"Farrell, Holland and Ford",E-commerce,France,239609.0,Seed,startup_funding_dataset
Tate-Riley,Tech,Australia,111257.0,Seed,startup_funding_dataset
Haas PLC,Tech,France,458288.0,Seed,startup_funding_dataset
Boyle-Murphy,AI,Netherlands,144747.0,Seed,startup_funding_dataset
Gould Inc,Health,Australia,46572073.0,Series B,startup_funding_dataset
Hughes-Hicks,AI,France,4110924.0,Series A,startup_funding_dataset
Marshall-Hammond,E-commerce,USA,759280705.0,IPO,startup_funding_dataset
"White, Lopez and Sandoval",AI,Germany,788711238.0,IPO,startup_funding_dataset
"Watson, Duran and Gutierrez",Tech,Netherlands,1673510.0,Series A,startup_funding_dataset
Howe Ltd,Gaming,USA,443935695.0,IPO,startup_funding_dataset
Fernandez Ltd,E-commerce,India,422505.0,Seed,startup_funding_dataset
"Thompson, Acosta and Fisher",AI,Germany,728127548.0,IPO,startup_funding_dataset
Scott-Hall,SaaS,Netherlands,589718321.0,IPO,startup_funding_dataset
Gilbert LLC,AI,USA,809765376.0,IPO,startup_funding_dataset
"Sherman, Roy and Ward",Health,India,6023454.0,Series A,startup_funding_dataset
Torres-Pierce,Tech,France,62616672.0,Series C,startup_funding_dataset
"Velez, Williams and Weber",AI,Australia,188202689.0,Series C,startup_funding_dataset
Stone Group,Finance,Australia,34544692.0,Series B,startup_funding_dataset
Mcdaniel-Randolph,Gaming,Netherlands,26705527.0,Series B,startup_funding_dataset
"Stewart, Hernandez and Cordova",Education,Australia,147409249.0,Series C,startup_funding_dataset
Lozano Ltd,Gaming,France,164096124.0,Series C,startup_funding_dataset
Williams-Carpenter,Health,France,28684819.0,Series B,startup_funding_dataset
Fitzgerald Ltd,Gaming,Australia,279408.0,Seed,startup_funding_dataset
Clark-Lee,SaaS,India,629989441.0,IPO,startup_funding_dataset
Soto-Johnson,Tech,Canada,332923.0,Seed,startup_funding_dataset
Davis-Hines,Health,Germany,4972036.0,Series A,startup_funding_dataset
Holland-Williams,AI,Canada,878027416.0,IPO,startup_funding_dataset
"Medina, Rodriguez and Salinas",Health,Canada,3504085.0,Series A,startup_funding_dataset
"Richardson, Ortiz and Reese",Gaming,Netherlands,372901.0,Seed,startup_funding_dataset
"Ramirez, Curtis and Harrison",Tech,Canada,480562.0,Seed,startup_funding_dataset
Farrell and Sons,Health,France,5558083.0,Series A,startup_funding_dataset
"Hendrix, Jordan and Gonzalez",SaaS,Germany,356884.0,Seed,startup_funding_dataset
Garcia-Hendricks,Health,Canada,160718078.0,Series C,startup_funding_dataset
Nelson and Sons,Education,USA,399850.0,Seed,startup_funding_dataset
"Townsend, Fisher and Blake",Health,India,251946502.0,IPO,startup_funding_dataset
"Chen, Diaz and Robles",Gaming,Australia,29715062.0,Series B,startup_funding_dataset
Vang-Roberts,SaaS,Germany,107962385.0,Series C,startup_funding_dataset
"Chan, Hamilton and Rivera",Education,Canada,313602917.0,IPO,startup_funding_dataset
Peters PLC,Finance,India,187789792.0,Series C,startup_funding_dataset
Simmons PLC,E-commerce,France,18650601.0,Series B,startup_funding_dataset
Sparks-Greene,Health,Germany,170345148.0,Series C,startup_funding_dataset
Landry-Haynes,Education,Australia,22724090.0,Series B,startup_funding_dataset
Myers-Vang,E-commerce,UK,363545.0,Seed,startup_funding_dataset
Beltran and Sons,Health,UK,498175968.0,IPO,startup_funding_dataset
"Rose, Jones and Russell",Tech,Germany,250071.0,Seed,startup_funding_dataset
Turner-Wilkerson,Finance,France,96075065.0,Series C,startup_funding_dataset
"Hamilton, Miller and Burnett",Finance,Netherlands,339382.0,Seed,startup_funding_dataset
Jensen Group,E-commerce,Canada,9337533.0,Series A,startup_funding_dataset
Mcclure-Williams,AI,France,165714071.0,Series C,startup_funding_dataset
Martin-Freeman,SaaS,France,293149896.0,IPO,startup_funding_dataset
Vargas-Washington,Finance,USA,600528727.0,IPO,startup_funding_dataset
"Dixon, Parker and Roach",Finance,Canada,131034317.0,Series C,startup_funding_dataset
Cook-Weiss,Health,Netherlands,16241730.0,Series B,startup_funding_dataset
Green-Lambert,E-commerce,India,76641508.0,Series C,startup_funding_dataset
"Larson, Booth and Mcfarland",Finance,India,487952.0,Seed,startup_funding_dataset
"Lee, Smith and Wilson",Finance,India,330985138.0,IPO,startup_funding_dataset
Saunders-Davis,Finance,Germany,196209802.0,Series C,startup_funding_dataset
Hodge-Daniel,SaaS,Netherlands,138173458.0,Series C,startup_funding_dataset
"Gomez, White and Marshall",Finance,France,824683030.0,IPO,startup_funding_dataset
Martin-Wells,Tech,USA,8720731.0,Series A,startup_funding_dataset
"Horton, Ayala and Graham",Gaming,Australia,32556345.0,Series B,startup_funding_dataset
Bradley-Guerrero,SaaS,Netherlands,31485994.0,Series B,startup_funding_dataset
Ramirez and Sons,Health,France,3098247.0,Series A,startup_funding_dataset
Palmer Group,SaaS,USA,409034314.0,IPO,startup_funding_dataset
Galvan and Sons,SaaS,Canada,479029.0,Seed,startup_funding_dataset
Lawrence-Graham,Education,Australia,1288328.0,Series A,startup_funding_dataset
Holt-Lawrence,E-commerce,Germany,463534910.0,IPO,startup_funding_dataset
"Fitzpatrick, Hill and Martinez",E-commerce,Germany,7420334.0,Series A,startup_funding_dataset
Lang Ltd,AI,Netherlands,419383.0,Seed,startup_funding_dataset
"Douglas, Kelley and Gonzales",Education,UK,256110594.0,IPO,startup_funding_dataset
"Zavala, Wilson and Berg",SaaS,France,1419819.0,Series A,startup_funding_dataset
"Jackson, Black and Taylor",Gaming,Australia,61651938.0,Series C,startup_funding_dataset
Garcia Ltd,SaaS,Netherlands,10733495.0,Series B,startup_funding_dataset
Harrington PLC,Tech,Germany,69060882.0,Series C,startup_funding_dataset
Hines-Jackson,AI,Australia,151694905.0,Series C,startup_funding_dataset
Miller-Drake,Tech,India,252781.0,Seed,startup_funding_dataset
Martinez-Blackwell,Education,Australia,870561851.0,IPO,startup_funding_dataset
"Saunders, Dominguez and White",Education,Germany,181269377.0,Series C,startup_funding_dataset
"Medina, Mckinney and Quinn",Finance,Australia,100359379.0,Series C,startup_funding_dataset
Roberts-Mann,Finance,Netherlands,182958266.0,Series C,startup_funding_dataset
"Abbott, Stanley and Frazier",Gaming,Germany,761693854.0,IPO,startup_funding_dataset
"Miller, Rowe and Goodman",Education,UK,31414467.0,Series B,startup_funding_dataset
Mccormick-Anderson,SaaS,India,445839.0,Seed,startup_funding_dataset
"Hill, Johnson and Wilson",Finance,Canada,7418873.0,Series A,startup_funding_dataset
Cunningham-Shaw,Gaming,Australia,9117980.0,Series A,startup_funding_dataset
"Santos, Smith and King",Tech,Germany,12997569.0,Series B,startup_funding_dataset
"Jones, Shaffer and Gray",Finance,Canada,9215771.0,Series A,startup_funding_dataset
"Miller, Hinton and Cochran",Education,UK,126587.0,Seed,startup_funding_dataset
"Rivera, Griffin and English",E-commerce,Canada,51127573.0,Series C,startup_funding_dataset
"Dyer, Silva and Graham",AI,Australia,46437198.0,Series B,startup_funding_dataset
King-Greer,Health,France,728907232.0,IPO,startup_funding_dataset
Garcia-Robles,AI,India,191577418.0,Series C,startup_funding_dataset
Beasley-Murphy,E-commerce,Canada,345687.0,Seed,startup_funding_dataset
Olson-Coleman,AI,USA,127005495.0,Series C,startup_funding_dataset
Williams-Frye,AI,Germany,134995.0,Seed,startup_funding_dataset
"Rodriguez, Stuart and Jordan",Education,Germany,6665600.0,Series A,startup_funding_dataset
"Lewis, Flores and Parsons",E-commerce,Germany,8029008.0,Series A,startup_funding_dataset
Long-Brown,Tech,USA,160242.0,Seed,startup_funding_dataset
Sanders Inc,Education,USA,15930063.0,Series B,startup_funding_dataset
Perez-Wilson,Gaming,France,10599457.0,Series B,startup_funding_dataset
Montgomery Ltd,Education,India,6069708.0,Series A,startup_funding_dataset
Sharp Group,SaaS,Canada,75841785.0,Series C,startup_funding_dataset
Wong PLC,Health,Netherlands,55154.0,Seed,startup_funding_dataset
"Smith, Zamora and Watson",Education,France,423901963.0,IPO,startup_funding_dataset
Mccullough Inc,Tech,Netherlands,89199885.0,Series C,startup_funding_dataset
Velez PLC,Education,Netherlands,433401857.0,IPO,startup_funding_dataset
"Kelly, Compton and Bowen",Tech,Australia,119665952.0,Series C,startup_funding_dataset
Morris and Sons,Finance,France,171154820.0,Series C,startup_funding_dataset
Clark-Leon,Gaming,Netherlands,658877546.0,IPO,startup_funding_dataset
Cardenas PLC,E-commerce,USA,9986395.0,Series A,startup_funding_dataset
"Gregory, Lynch and Perkins",E-commerce,UK,111409106.0,Series C,startup_funding_dataset
Drake Ltd,Finance,Netherlands,448619.0,Seed,startup_funding_dataset
"Patel, Jimenez and Morgan",Gaming,Canada,31359311.0,Series B,startup_funding_dataset
Payne LLC,E-commerce,Germany,218383153.0,IPO,startup_funding_dataset
Sullivan and Sons,Education,Germany,706179332.0,IPO,startup_funding_dataset
"Long, Frye and Sanchez",Gaming,Canada,139998945.0,Series C,startup_funding_dataset
Morrison-May,Education,France,70983.0,Seed,startup_funding_dataset
Hardin LLC,Finance,UK,719824313.0,IPO,startup_funding_dataset
"James, Burnett and Jones",E-commerce,USA,70691614.0,Series C,startup_funding_dataset
"Stevens, Johnson and Morrison",Education,India,8131577.0,Series A,startup_funding_dataset
Rodriguez-Nelson,Education,Australia,144261722.0,Series C,startup_funding_dataset
Robinson-Collins,SaaS,Germany,128808390.0,Series C,startup_funding_dataset
Pearson and Sons,Health,USA,6784954.0,Series A,startup_funding_dataset
Kim-Harris,AI,India,22218240.0,Series B,startup_funding_dataset
Cook PLC,SaaS,USA,71382.0,Seed,startup_funding_dataset
Wright-Greene,E-commerce,Netherlands,766686427.0,IPO,startup_funding_dataset
Rodriguez LLC,E-commerce,Netherlands,183087387.0,Series C,startup_funding_dataset
Lin-Young,Health,Canada,171453.0,Seed,startup_funding_dataset
"Bailey, Zhang and Tucker",Education,Canada,444822.0,Seed,startup_funding_dataset
Ortiz and Sons,AI,Netherlands,229196695.0,IPO,startup_funding_dataset
"Moore, Fleming and Baker",Finance,India,4615540.0,Series A,startup_funding_dataset
"Smith, Gibbs and Turner",SaaS,USA,195798498.0,Series C,startup_funding_dataset
"Moore, Jefferson and Smith",AI,Germany,36879270.0,Series B,startup_funding_dataset
Turner-Hoover,Tech,Australia,5102986.0,Series A,startup_funding_dataset
Bryant Inc,Finance,Netherlands,6572766.0,Series A,startup_funding_dataset
Jenkins Group,Education,France,265326.0,Seed,startup_funding_dataset
"Hayes, Flores and Freeman",AI,USA,10084595.0,Series B,startup_funding_dataset
"Flores, David and Berg",Health,Australia,23628345.0,Series B,startup_funding_dataset
"Bridges, Hammond and Aguirre",E-commerce,Netherlands,3076239.0,Series A,startup_funding_dataset
Solis Group,Gaming,India,32975510.0,Series B,startup_funding_dataset
Ochoa-Morton,Gaming,India,3938769.0,Series A,startup_funding_dataset
"Lloyd, Whitney and Richardson",Gaming,UK,235552.0,Seed,startup_funding_dataset
"Gates, Thompson and Mitchell",Tech,USA,92311789.0,Series C,startup_funding_dataset
"Johnson, Harrison and Bush",Finance,Canada,236852.0,Seed,startup_funding_dataset
Frederick-Nicholson,Tech,Australia,49225476.0,Series B,startup_funding_dataset
"Klein, Hatfield and Kennedy",Tech,Netherlands,70586796.0,Series C,startup_funding_dataset
"Jones, Gomez and Brooks",Health,Netherlands,633650477.0,IPO,startup_funding_dataset
"Velazquez, Cooper and Bowers",AI,USA,16332469.0,Series B,startup_funding_dataset
Bradley Ltd,AI,UK,881183735.0,IPO,startup_funding_dataset
Harrison-Taylor,E-commerce,Germany,78146249.0,Series C,startup_funding_dataset
Gardner PLC,AI,Canada,476945300.0,IPO,startup_funding_dataset
"Fernandez, Peters and Williams",Education,Canada,9516136.0,Series A,startup_funding_dataset
"Dudley, Russell and Rodriguez",SaaS,UK,166628292.0,Series C,startup_funding_dataset
"Morgan, Rojas and Miller",Gaming,France,2055612.0,Series A,startup_funding_dataset
"Pope, Pena and Harrell",AI,India,398470951.0,IPO,startup_funding_dataset
Fleming Inc,Tech,Netherlands,918991903.0,IPO,startup_funding_dataset
"Marshall, Camacho and Smith",Gaming,Australia,30842494.0,Series B,startup_funding_dataset
Terry-Pena,Education,Germany,4526549.0,Series A,startup_funding_dataset
Valentine and Sons,Finance,Germany,48376237.0,Series B,startup_funding_dataset
Curtis PLC,Tech,Netherlands,247775.0,Seed,startup_funding_dataset
"Vincent, Beard and Lee",Tech,India,43018988.0,Series B,startup_funding_dataset
Lynch-Mason,AI,Canada,183340285.0,Series C,startup_funding_dataset
Wood-Morris,AI,Netherlands,38849497.0,Series B,startup_funding_dataset
Mcbride LLC,E-commerce,USA,111327.0,Seed,startup_funding_dataset
"Bush, Vaughan and Stokes",Finance,UK,49166226.0,Series B,startup_funding_dataset
Duffy-Lang,Health,India,14289580.0,Series B,startup_funding_dataset
Bentley-Brown,Health,Germany,386613.0,Seed,startup_funding_dataset
Hodge-Barr,AI,India,474790024.0,IPO,startup_funding_dataset
Cherry-Turner,E-commerce,USA,12338587.0,Series B,startup_funding_dataset
"Knox, Rosales and Gonzalez",Tech,UK,385487.0,Seed,startup_funding_dataset
Rodriguez PLC,AI,USA,182699800.0,Series C,startup_funding_dataset
Reed-Williams,AI,Germany,5243341.0,Series A,startup_funding_dataset
"Bennett, Evans and Mathews",Finance,France,2724388.0,Series A,startup_funding_dataset
Lopez Ltd,SaaS,France,6174747.0,Series A,startup_funding_dataset
Koch-Vang,AI,Germany,478653171.0,IPO,startup_funding_dataset
Fisher-Smith,SaaS,USA,107502138.0,Series C,startup_funding_dataset
"Mcbride, Nelson and Abbott",Gaming,USA,8229575.0,Series A,startup_funding_dataset
Haynes-May,SaaS,France,51433.0,Seed,startup_funding_dataset
Wheeler PLC,AI,Canada,111222206.0,Series C,startup_funding_dataset
Barker LLC,Health,Netherlands,5779861.0,Series A,startup_funding_dataset
Ramos Ltd,Education,Netherlands,124062121.0,Series C,startup_funding_dataset
Fleming-Wright,Health,Netherlands,56346975.0,Series C,startup_funding_dataset
Duncan Inc,Gaming,USA,8132554.0,Series A,startup_funding_dataset
"Arias, Sherman and Silva",SaaS,Netherlands,227529933.0,IPO,startup_funding_dataset
Dyer PLC,Finance,UK,18363775.0,Series B,startup_funding_dataset
"Harris, Miller and Bailey",Finance,Canada,7837950.0,Series A,startup_funding_dataset
"Martin, Lee and Whitney",Tech,France,8597711.0,Series A,startup_funding_dataset
"Cox, Foster and Owen",SaaS,USA,11455047.0,Series B,startup_funding_dataset
Thomas-Jones,Tech,UK,72447.0,Seed,startup_funding_dataset
Howell-Cole,Tech,Canada,337988.0,Seed,startup_funding_dataset
"Gibson, Edwards and Henry",E-commerce,India,85866174.0,Series C,startup_funding_dataset
Hawkins-Perez,Gaming,Australia,19546890.0,Series B,startup_funding_dataset
Mills Inc,Gaming,USA,396730.0,Seed,startup_funding_dataset
"Evans, Smith and Zavala",Finance,UK,6032302.0,Series A,startup_funding_dataset
Chavez Group,Education,UK,3054021.0,Series A,startup_funding_dataset
Martinez-Ortiz,Gaming,Canada,282222.0,Seed,startup_funding_dataset
Jones-Williams,Education,UK,9957628.0,Series A,startup_funding_dataset
Moore Group,E-commerce,UK,3937991.0,Series A,startup_funding_dataset
Snyder PLC,E-commerce,USA,61486888.0,Series C,startup_funding_dataset
"Mccullough, Garrett and Bailey",SaaS,Australia,9707174.0,Series A,startup_funding_dataset
Mueller-Chambers,E-commerce,Canada,11286801.0,Series B,startup_funding_dataset
Martin-Terry,Tech,Australia,183783420.0,Series C,startup_funding_dataset
Huff-Smith,E-commerce,UK,8023948.0,Series A,startup_funding_dataset
"Robinson, Hayes and Marsh",Gaming,Netherlands,35889199.0,Series B,startup_funding_dataset
"Wilson, Ellis and Kelly",Finance,France,3026561.0,Series A,startup_funding_dataset
"Morales, Moreno and Cox",Gaming,France,297289.0,Seed,startup_funding_dataset
"Thompson, Trevino and Cooper",E-commerce,France,125965722.0,Series C,startup_funding_dataset
Mccullough-Mckee,Gaming,Canada,24544784.0,Series B,startup_funding_dataset
"Clark, Evans and Kaiser",Education,Netherlands,211618.0,Seed,startup_funding_dataset
Walsh LLC,Gaming,Australia,55900741.0,Series C,startup_funding_dataset
Reed-Russo,SaaS,Canada,120375449.0,Series C,startup_funding_dataset
Rodgers Inc,AI,Canada,43273444.0,Series B,startup_funding_dataset
Medina Inc,Finance,UK,30813032.0,Series B,startup_funding_dataset
DeepMind Health,Healthcare Diagnostics,UK,300000000.0,Series D,ai_startup_funding
ScaleAI,Autonomous Vehicles,USA,500000000.0,Series E,ai_startup_funding
Synthesia,Synthetic Media,UK,90000000.0,Series B,ai_startup_funding
Hugging Face,NLP Tools,USA,200000000.0,Series C,ai_startup_funding
Waymo,Self-Driving Cars,USA,1000000000.0,Series F,ai_startup_funding
DataRobot,Enterprise AI,USA,350000000.0,Series E,ai_startup_funding
Darktrace,Cybersecurity AI,UK,200000000.0,IPO,ai_startup_funding
OpenAI,AGI Research,USA,1000000000.0,Series D,ai_startup_funding
UiPath,Robotic Process Automation,USA,750000000.0,IPO,ai_startup_funding
Celonis,Process Mining,Germany,400000000.0,Series D,ai_startup_funding
Cerebras Systems,AI Chips,USA,600000000.0,Series F,ai_startup_funding
Graphcore,AI Processors,UK,150000000.0,Series E,ai_startup_funding
Clarifai,Computer Vision,USA,60000000.0,Series C,ai_startup_funding
Tempus,Precision Medicine,USA,400000000.0,Series G,ai_startup_funding
C3.ai,Enterprise AI,USA,300000000.0,IPO,ai_startup_funding
Nuro,Autonomous Delivery,USA,600000000.0,Series D,ai_startup_funding
SoundHound,Voice AI,USA,100000000.0,IPO,ai_startup_funding
Sentient Technologies,E-Commerce AI,USA,80000000.0,Series C,ai_startup_funding
Zoox,Robotaxis,USA,800000000.0,Acquired,ai_startup_funding
Covariant,Warehouse Robotics,USA,120000000.0,Series C,ai_startup_funding
SambaNova,AI Hardware,USA,350000000.0,Series D,ai_startup_funding
ThoughtSpot,Analytics AI,USA,250000000.0,Series F,ai_startup_funding
Recursion Pharma,Biotech AI,USA,200000000.0,IPO,ai_startup_funding
Element AI,AI Consulting,Canada,150000000.0,Acquired,ai_startup_funding
Anthropic,AI Safety,USA,300000000.0,Series B,ai_startup_funding
Insilico Medicine,Drug Discovery,Hong Kong,150000000.0,Series C,ai_startup_funding
Deepgram,Speech AI,USA,60000000.0,Series B,ai_startup_funding
Viz.ai,Healthcare Imaging,USA,100000000.0,Series D,ai_startup_funding
Cresta,Contact Center AI,USA,90000000.0,Series C,ai_startup_funding
Moveworks,Enterprise NLP,USA,120000000.0,Series C,ai_startup_funding
Abacus.AI,ML Platform,USA,50000000.0,Series B,ai_startup_funding
Tractable,Insurance AI,UK,70000000.0,Series D,ai_startup_funding
Hyperscience,Document AI,USA,200000000.0,Series E,ai_startup_funding
Lilt,Translation AI,USA,50000000.0,Series C,ai_startup_funding
Eightfold,HR Tech,USA,180000000.0,Series E,ai_startup_funding
Sift,Fraud Detection,USA,100000000.0,Series E,ai_startup_funding
Ada Support,Customer Service AI,Canada,80000000.0,Series C,ai_startup_funding
Aurora,Autonomous Trucks,USA,600000000.0,IPO,ai_startup_funding
OrCam,Assistive Tech,Israel,150000000.0,Series D,ai_startup_funding
Socure,Identity Verification,USA,250000000.0,Series E,ai_startup_funding
Owkin,Federated Learning,France,70000000.0,Series B,ai_startup_funding
PathAI,Pathology AI,USA,90000000.0,Series C,ai_startup_funding
Uniphore,Conversational AI,USA,150000000.0,Series E,ai_startup_funding
Exscientia,Drug Discovery,UK,200000000.0,IPO,ai_startup_funding
Icertis,Contract AI,USA,300000000.0,Series F,ai_startup_funding
Appen,AI Training Data,Australia,80000000.0,IPO,ai_startup_funding
Cognitivescale,Finance AI,USA,50000000.0,Series C,ai_startup_funding
OneTrust,Privacy Tech,USA,300000000.0,Series C,ai_startup_funding
Lightricks,Creative Tools AI,Israel,130000000.0,Series E,ai_startup_funding
Behavox,Financial Compliance,UK,60000000.0,Series C,ai_startup_funding
Deep 6 AI,Clinical Trial Matching,USA,40000000.0,Series B,ai_startup_funding
Zymergen,Industrial Biotech,USA,400000000.0,IPO,ai_startup_funding
Curai,Telehealth AI,USA,25000000.0,Series B,ai_startup_funding
People.ai,Sales Automation,USA,100000000.0,Series C,ai_startup_funding
Shield AI,Military Drones,USA,150000000.0,Series E,ai_startup_funding
Vianai,Explainable AI,USA,30000000.0,Series B,ai_startup_funding
Quantexa,Financial Crime AI,UK,120000000.0,Series D,ai_startup_funding
Second Spectrum,Sports Analytics,USA,50000000.0,Acquired,ai_startup_funding
Tamr,Data Unification,USA,40000000.0,Series C,ai_startup_funding
XMOS,Edge AI Chips,UK,20000000.0,Series B,ai_startup_funding
Unicommerce,SaaS,New Delhi,14940000.0,-,startup_funding_2025
Banana Club,Consumer > Fashion Tech,Karnataka,1390000.0,Seed,startup_funding_2025
Neulife,HealthTech > Fitness & Wellness Tech,Maharashtra,1000000.0,Unattributed,startup_funding_2025
Dhobi G,Consumer > Local Services,Tamil Nadu,171000.0,Conventional Debt,startup_funding_2025
Helex,Life Sciences > Genomics,Telangana,,Seed,startup_funding_2025
Michezo Sports,Consumer > Sports Services,Karnataka,2500000.0,Seed,startup_funding_2025
Celewish,Consumer > Communication Apps,Maharashtra,750000.0,Angel,startup_funding_2025
Megaliter Varunaa,Environment > Waste & Water Management,Telangana,1710000.0,Seed,startup_funding_2025
The Eye Foundation,Healthcare > Hospital Chains,Tamil Nadu,75000000.0,Series C,startup_funding_2025
Wonderland Foods,Food & Agriculture > Food & Beverage Products,Delhi,16000000.0,Series B,startup_funding_2025
CapitalXB Finance,Financial Services > Consumer and SME Loans,Maharashtra,,Conventional Debt,startup_funding_2025
CapitalXB Finance,Financial Services > Consumer and SME Loans,Maharashtra,15000000.0,Seed,startup_funding_2025
Berar Finance,Financial Services > Consumer and SME Loans,Maharashtra,17000000.0,PE,startup_funding_2025
Uniphore,High Tech > Generative AI,California / Tamil Nadu,260000000.0,Series F,startup_funding_2025
Umagine,Environment > Environment Consultancy Services,Delhi,850000.0,Seed,startup_funding_2025
Stylox,Consumer Goods > Apparel Brands,Haryana,340000.0,Seed,startup_funding_2025
Fundamento,Enterprise Applications > Customer Service Software,California / Delhi,1900000.0,Seed,startup_funding_2025
Imagimake,Retail > Mom & Baby Care,Maharashtra,,Series B,startup_funding_2025
EKA,Energy Tech > Electric Vehicles,Maharashtra,57000000.0,Series A,startup_funding_2025
HooLiv,Consumer > Residential Real Estate Tech,Delhi,2730000.0,Seed,startup_funding_2025
Healing Hands Clinic,Healthcare > Clinic Chains,Maharashtra,,PE,startup_funding_2025
Kraya,Enterprise Applications > SCM Software,Maharashtra,113000.0,Seed,startup_funding_2025
Zepto,Food and Agriculture Tech > Online Grocery,Karnataka,300000000.0,Series G,startup_funding_2025
DashamLabs,High Tech > Advanced Materials,Haryana,1360000.0,Seed,startup_funding_2025
Kuku FM,Consumer > Vernacular Platforms,Maharashtra,50000000.0,Series C,startup_funding_2025
CoreStack,Enterprise Infrastructure > IT Operations,Washington / Tamil Nadu,50000000.0,Convertible Debt,startup_funding_2025
Thefragaria,Food and Agriculture Tech > Crop Tech,Tamil Nadu,2000000.0,Seed,startup_funding_2025
Flowatt Batt,Energy Tech > Energy Storage Tech,Karnataka,248000.0,Seed,startup_funding_2025
CoinDCX,FinTech > Cryptocurrencies,Maharashtra,,Series D,startup_funding_2025
Matters,Enterprise Infrastructure > Cybersecurity,Karnataka,4750000.0,Seed,startup_funding_2025
Airoclip,Mobile > Mobile Gaming,Karnataka,2750000.0,Seed,startup_funding_2025
Airbound,High Tech > Drones,Karnataka,8650000.0,Seed,startup_funding_2025
CIMCON,Energy > Oilfield Services,Gujarat,5860000.0,Series A,startup_funding_2025
HouseEazy,Consumer > Residential Real Estate Tech,Uttar Pradesh,17000000.0,Series B,startup_funding_2025
SpeakX,EdTech > Continued Learning,Haryana,16000000.0,Series B,startup_funding_2025
Reia Diamonds,Consumer Goods > Fashion Accessories,Karnataka,225000.0,Seed,startup_funding_2025
MyWonder,Real Estate & Construction > Construction Management Services,Karnataka,300000.0,Seed,startup_funding_2025
Ramkrishna Forgings,Auto > Auto Components,West Bengal,23100000.0,Post IPO,startup_funding_2025
Exposome,Chemicals & Materials Tech > Chemicals Tech,Maharashtra,2590000.0,Seed,startup_funding_2025
GoodScore,FinTech > Alternative Lending,Karnataka,13000000.0,Series A,startup_funding_2025
Onida,Consumer Goods > TV & Audiovisual Products,Maharashtra,14800000.0,Post IPO,startup_funding_2025
FS Life,Consumer > Fashion Tech,Haryana,5600000.0,Series B,startup_funding_2025
Hunger,Food & Agriculture > Food Service Chains,Maharashtra,,Series A,startup_funding_2025
Hala Mobility,Consumer > Auto E-Commerce & Content,Telangana,3380000.0,Series A,startup_funding_2025
Qapita,FinTech > Investment Tech,Singapore / Telangana,26500000.0,Series B,startup_funding_2025
Pantherun,Enterprise Infrastructure > Enterprise Networking,Karnataka,12000000.0,Series A,startup_funding_2025
We360.ai,Enterprise Applications > HRTech,Madhya Pradesh,2000000.0,Seed,startup_funding_2025
Ask My Guru,Consumer > Religion Tech,Karnataka,500000.0,Seed,startup_funding_2025
Rusk Media,Media & Entertainment > Film & TV Studios,Maharashtra,,Series B,startup_funding_2025
FasTest,HealthTech > Healthcare Booking Platforms,Maharashtra,135000.0,Seed,startup_funding_2025
Ekkaa,Semiconductors > Display Technology,Haryana,12200000.0,Series A,startup_funding_2025
Eternz,Consumer > Fashion Tech,Karnataka,,Seed,startup_funding_2025
GH2 Solar,Energy > Solar Energy,Uttar Pradesh,6500000.0,Series A,startup_funding_2025
Jaagruk Bharat,Media & Entertainment > Internet First Media,Delhi,169000.0,Seed,startup_funding_2025
Meolaa,Retail > Beauty Tech,Karnataka,6000000.0,Seed,startup_funding_2025
Rusk Media,Media & Entertainment > Film & TV Studios,Maharashtra,169000.0,Angel,startup_funding_2025
TrusTerra,Auto > Auto Retail & Aftersales,Haryana,1010000.0,Seed,startup_funding_2025
Battwheelz,Energy Tech > Electric Vehicles,Haryana,225000.0,Seed,startup_funding_2025
Intangles,Consumer > Road Transport Tech,Maharashtra,30000000.0,Series B,startup_funding_2025
August AI,HealthTech > Disease Self Management,Karnataka,3000000.0,Seed,startup_funding_2025
Consuma,Enterprise Applications > MarketingTech,Karnataka,1300000.0,Seed,startup_funding_2025
Goodmelts,Retail > Home Care E-Commerce,Karnataka,,Seed,startup_funding_2025
H2 Carbon Zero,Energy Tech > Energy Storage Tech,Delhi,850000.0,Seed,startup_funding_2025
ZillOut,Food and Agriculture Tech > Food Tech,Karnataka,310000.0,Seed,startup_funding_2025
Dezerv,FinTech > Investment Tech,Maharashtra,40000000.0,Series C,startup_funding_2025
Vipul Organics,Chemicals & Materials > Dyes Pigments and Inks,Maharashtra,3970000.0,Post IPO,startup_funding_2025
OZi,Retail > Mom & Baby Care,Haryana,3300000.0,Seed,startup_funding_2025
Lucio,High Tech > Chatbots,Karnataka,5000000.0,Series A,startup_funding_2025
Finarkein Analytics,FinTech > Banking Tech,Maharashtra,,Seed,startup_funding_2025
PRYM Aerospace,High Tech > Drones,Maharashtra,2410000.0,Seed,startup_funding_2025
Ecoex,Environment Tech > Solid Waste Management Tech,Delhi,4000000.0,Seed,startup_funding_2025
Navata Supply Chain Solutions,Business Services > Supply Chain Services,Telangana,1520000.0,Series A,startup_funding_2025
AltMat,High Tech > Advanced Materials,Gujarat,,Seed,startup_funding_2025
Exsure,Life Sciences > Oncology,Odisha,11300.0,Seed,startup_funding_2025
DecorTwist,Consumer Goods > Home Furnishing Products,Uttar Pradesh,200000.0,Seed,startup_funding_2025
GreyLabs,High Tech > Natural Language Processing,Maharashtra,9600000.0,Series A,startup_funding_2025
Raise,FinTech > Investment Tech,Maharashtra,120000000.0,Series B,startup_funding_2025
JSW One MSME,Enterprise Applications > Manufacturing Tech,Maharashtra,26500000.0,Series B,startup_funding_2025
ThrustWorks Dynetics,"Aerospace, Maritime & Defense Tech > Space Tech",Maharashtra,789000.0,Seed,startup_funding_2025
ThrustWorks Dynetics,"Aerospace, Maritime & Defense Tech > Space Tech",Maharashtra,789000.0,Seed,startup_funding_2025
Art Of Time,Consumer Goods > Retailers,Maharashtra,,Series B,startup_funding_2025
Sammaan Capital,Financial Services > Consumer and SME Loans,Delhi,1000000000.0,Post IPO,startup_funding_2025
Freight Tiger,Consumer > Logistics Tech,Maharashtra,13500000.0,Series C,startup_funding_2025
Recyclaro.com,Environment Tech > Solid Waste Management Tech,Uttar Pradesh,1000000.0,Seed,startup_funding_2025
GrowXCD,Financial Services > Consumer and SME Loans,Tamil Nadu,22500000.0,Series B,startup_funding_2025
Assesslim,High Tech > AI Infrastructure,West Bengal,5000000.0,Seed,startup_funding_2025
UNMANND,"Aerospace, Maritime and Defense Tech > Military Tech",Karnataka,2000000.0,Seed,startup_funding_2025
VAMAm,Consumer > Local Services,Delhi,2500000.0,Seed,startup_funding_2025
Climaty AI,Enterprise Applications > AdTech,"Dubai, Karnataka",2000000.0,Seed,startup_funding_2025
Ignosis,FinTech > Banking Tech,Gujarat,4000000.0,Seed,startup_funding_2025
Fyno,Enterprise Applications > Customer Success Management,Karnataka,4000000.0,Seed,startup_funding_2025
Recur Club,FinTech > Alternative Lending,Delhi,42000000.0,Conventional Debt,startup_funding_2025
Recur Club,FinTech > Alternative Lending,Delhi,8000000.0,Series A,startup_funding_2025
Wit And Chai Group,Business Services > Marketing Services,Maharashtra,,Seed,startup_funding_2025
Hocco,Food and Agriculture > Food Service Chains,Gujarat,13000000.0,Series B,startup_funding_2025
Petpoojam,Food and Agriculture Tech > Food Tech,Gujarat,,Series C,startup_funding_2025
Kapivas,Life Sciences > Nutraceuticals Tech,Karnataka,28000000.0,Series D,startup_funding_2025
Vaani Research Labs,High Tech > Chatbots,Karnataka,400000.0,Seed,startup_funding_2025
EF Polymer,Chemicals and Materials > Polymers,Rajasthan,,Series B,startup_funding_2025
RUGR,FinTech > Banking Tech,Karnataka,5000000.0,Seed,startup_funding_2025
IGowise,Energy Tech > Electric Vehicles,Karnataka,,-,startup_funding_2025
IGowise,Energy Tech > Electric Vehicles,Karnataka,,-,startup_funding_2025
PharmEasy,Health Tech,Mumbai,191700000.0,Debt,startup_funding_2025
Emergent,AI,Gurugram,23000000.0,Series A,startup_funding_2025
Chakr Innovation,Clean Tech,Gurugram,23000000.0,Series C,startup_funding_2025
Curefoods,Foodtech,Bengaluru,18000000.0,–,startup_funding_2025
Handpickd,Consumer Services,Gurugram,15000000.0,Series A,startup_funding_2025
Rocket,AI,Bengaluru,15000000.0,Seed,startup_funding_2025
Vedantu,Edtech,Bengaluru,11000000.0,–,startup_funding_2025
Simple Energy,Clean Tech,Bengaluru,10000000.0,–,startup_funding_2025
KisanKonnect,Agritech,Ahmednagar,8100000.0,Pre-Series A,startup_funding_2025
Distil,Ecommerce,Mumbai,7700000.0,Series A,startup_funding_2025
Gullak,Fintech,Bengaluru,7500000.0,Series A,startup_funding_2025
Oolka,Fintech,Bengaluru,7000000.0,Seed,startup_funding_2025
PRISM,Travel Tech,Mumbai,5600000.0,–,startup_funding_2025
OnFinance,AI,Bengaluru,4200000.0,Pre-Series A,startup_funding_2025
Amwoodo,Ecommerce,Kolkata,4000000.0,Pre-Series A,startup_funding_2025
Cosmoserve Space,Advanced Hardware & Technology,Hyderabad,3200000.0,Pre-Seed,startup_funding_2025
P-TAL,Ecommerce,New Delhi,3000000.0,Series A,startup_funding_2025
Xbattery,Clean Tech,Hyderabad,2300000.0,Seed,startup_funding_2025
Grest,Ecommerce,Cuttack,1800000.0,–,startup_funding_2025
VyomIC,Advanced Hardware & Technology,Bengaluru,1600000.0,Pre-Seed,startup_funding_2025
Akashalabdhi,Advanced Hardware & Technology,Roorkee,1200000.0,Pre-Seed,startup_funding_2025
Navo,Ecommerce,Gurugram,902000.0,Seed,startup_funding_2025
Bharat Intelligence,Agritech,Mumbai,790000.0,Pre-Seed,startup_funding_2025
Recove,Clean Tech,Bengaluru,598000.0,–,startup_funding_2025
Paar Autonomy,Advanced Hardware & Technology,Bengaluru,500000.0,Seed,startup_funding_2025
Samaaro,Enterprise Tech,Bengaluru,500000.0,Pre-Series A,startup_funding_2025
Gaadimech,Consumer Services,Jaipur,169000.0,–,startup_funding_2025
Gabit,Ecommerce,Gurugram,,-,startup_funding_2025
Gabit,Ecommerce,Gurugram,,-,startup_funding_2025
Infra.Market,Real Estate Tech,Thane,83000000.0,Series G,startup_funding_2025
EvoluteIQ,Enterprise Tech,Bengaluru,53000000.0,–,startup_funding_2025
FinBox,Fintech,Bengaluru,40000000.0,Series B,startup_funding_2025
Blue Energy Motors,Clean Tech,Pune,30000000.0,-,startup_funding_2025
InCred Money,Fintech,Mumbai,30000000.0,–,startup_funding_2025
EcoSoul,Ecommerce,Noida,20000000.0,Series B,startup_funding_2025
Indkal,Ecommerce,Bengaluru,20000000.0,–,startup_funding_2025
Scalekit,AI,Bengaluru,5500000.0,Seed,startup_funding_2025
Lucira,Ecommerce,Mumbai,5500000.0,Seed,startup_funding_2025
SpaceFields,Advanced Hardware & Technology,Bengaluru,5000000.0,Pre-Series A,startup_funding_2025
Pelocal,Fintech,Chennai,5000000.0,Series A,startup_funding_2025
iDO Devices,Ecommerce,Noida,4000000.0,–,startup_funding_2025
Pascal AI Labs,AI,Bengaluru,3100000.0,Seed,startup_funding_2025
Equilibrium,Clean Tech,Noida,3000000.0,Seed,startup_funding_2025
INCLUD,Ecommerce,Gurugram,2900000.0,Pre-Series A,startup_funding_2025
Blinkit-AI,AI,Gurugram,1200000.0,Seed,startup_funding_2025
Supply6,Ecommerce,Bengaluru,1100000.0,Seed,startup_funding_2025
UGX.ai,AI,Gurugram,1000000.0,Seed,startup_funding_2025
PlaySuper,Media & Entertainment,Gurugram,1000000.0,Seed,startup_funding_2025
Wankel Energy Systems,Clean Tech,Chennai,1000000.0,Pre-Seed,startup_funding_2025
MyNaksh,Consumer Services,Bengaluru,852000.0,Pre-Seed,startup_funding_2025
uKnowva,Enterprise Tech,Mumbai,500000.0,Pre-Series A,startup_funding_2025
Raptee.HV,Clean Tech,Chennai,,-,startup_funding_2025
Raptee.HV,Clean Tech,Chennai,,-,startup_funding_2025
Flipspaces,Real Estate Tech,Mumbai,9000000.0,Series C,startup_funding_2025
Indrajaal,Advanced Hardware & Technology,Hyderabad,5500000.0,Pre-Series A,startup_funding_2025
Presolv360,Enterprise Services,Mumbai,4700000.0,Series A,startup_funding_2025
Indigrid Technology,Enterprise Services,Gurugram,4000000.0,—,startup_funding_2025
Ember,Ecommerce,US,3200000.0,Seed,startup_funding_2025
Asaya,Ecommerce,Bengaluru,3200000.0,Pre-Series A,startup_funding_2025
Inamo,Enterprise Services,Mumbai,3000000.0,Seed,startup_funding_2025
WeHouse,Real Estate Tech,Hyderabad,2800000.0,Series A,startup_funding_2025
EndureAir Systems,Advanced Hardware & Technology,Noida,2800000.0,—,startup_funding_2025
Snap-E-Cabs,Travel Tech,Kolkata,2500000.0,—,startup_funding_2025
Aurva,Enterprise Tech,New Delhi,2200000.0,Seed,startup_funding_2025
BacAlt Biosciences,Health Tech,Bengaluru,2000000.0,Pre-Seed,startup_funding_2025
PeakAmp,Clean Tech,Gurugram,1400000.0,Seed,startup_funding_2025
FarmDidi,Ecommerce,Mumbai,793000.0,Seed,startup_funding_2025
Prowrrap,Enterprise Services,Delhi,453000.0,Pre-Series A,startup_funding_2025
Biokraft Foods,Clean Tech,Mumbai,227000.0,Seed,startup_funding_2025
Misfits,Ecommerce,Gurugram,,Seed,startup_funding_2025
TraqCheck,AI,New Delhi,,—,startup_funding_2025
TraqCheck,AI,New Delhi,,—,startup_funding_2025
CityMall,Ecommerce,Gurugram,47000000.0,Series D,startup_funding_2025
Seekho,Media & Entertainment,Bengaluru,28000000.0,Series B,startup_funding_2025
Blue Tokai Coffee Roasters,Ecommerce,Gurugram,25000000.0,–,startup_funding_2025
FirstClub,Consumer Services,Bengaluru,23000000.0,Series A,startup_funding_2025
Colive,Real Estate Tech,Bengaluru,20000000.0,Series B,startup_funding_2025
Offgrid Energy,Clean Tech,Gurugram,15000000.0,Series A,startup_funding_2025
Reveal Healthtech,AI,US,7200000.0,Series A,startup_funding_2025
PlatinumRx,Health Tech,Bengaluru,6000000.0,Series A,startup_funding_2025
LeafyBus,Travel Tech,Delhi,4099999.9999999995,Pre-Series A,startup_funding_2025
Tuco Kids,Ecommerce,Bengaluru,4000000.0,Series A,startup_funding_2025
FlexifyMe,Health Tech,Pune,2300000.0,Pre-Series A,startup_funding_2025
AutoDukan,Ecommerce,Pune,1000000.0,Pre-Series A,startup_funding_2025
House of Zelena,Ecommerce,New Delhi,793000.0,Seed,startup_funding_2025
Cuzor,Ecommerce,Bengaluru,566000.0,Seed,startup_funding_2025
RxMen,Health Tech,New Delhi,566000.0,Seed,startup_funding_2025
QuantE Energy,Clean Tech,Noida,500000.0,Seed,startup_funding_2025
Dectrocel,Health Tech,Lucknow,453000.0,–,startup_funding_2025
Zanskar,Ecommerce,Bengaluru,317000.0,Seed,startup_funding_2025
Waterscience,Ecommerce,Bengaluru,159000.0,–,startup_funding_2025
Edgehax,Advanced Hardware & Technology,Bengaluru,158000.0,Seed,startup_funding_2025
Edgehax,Advanced Hardware & Technology,Bengaluru,158000.0,Seed,startup_funding_2025
TransBnk,Fintech,Mumbai,25000000.0,Series B,startup_funding_2025
Altum Credo,Fintech,Pune,19400000.0,–,startup_funding_2025
CredRight,Fintech,Bengaluru,10000000.0,Series B,startup_funding_2025
WizCommerce,Enteprise Tech,Bengaluru,8000000.0,Series A,startup_funding_2025
Vutto,Ecommerce,Bengaluru,7000000.0,Series A,startup_funding_2025
Palmonas,Ecommerce,Pune,6200000.0,Series A,startup_funding_2025
Enmovil,Logistics,Hyderabad,6000000.0,Series A,startup_funding_2025
Peeko,Consumer Services,Bengaluru,3200000.0,Seed,startup_funding_2025
Matiks,Media & Entertainment,Haveri,3100000.0,Pre-Series A,startup_funding_2025
Wastelink,Cleantech,New Delhi,3000000.0,Series A,startup_funding_2025
Harajuku Tokyo Cafe,Fooddtech,New Delhi,2000000.0,Seed,startup_funding_2025
Cumin Co,Ecommerce,Gurugram,1500000.0,–,startup_funding_2025
Anmasa,Ecommerce,Gurugram,1100000.0,Pre-Seed,startup_funding_2025
Nugen,Artificial Intelligence,Ahmedabad,1000000.0,Pre-Seed,startup_funding_2025
Vaave,Enteprise Tech,Hyderabad,748000.0,–,startup_funding_2025
Hexafun,Ecommerce,Delhi,510000.0,Seed,startup_funding_2025
Nuyug,Ecommerce,New Delhi,283000.0,Pre-Seed,startup_funding_2025
BhaoBhao,Consumer Services,Mumbai,200000.0,–,startup_funding_2025
BhaoBhao,Consumer Services,Mumbai,200000.0,–,startup_funding_2025
R For Rabbit,Ecommerce,Ahmedabad,27000000.0,Series B,startup_funding_2025
Kiwi,Fintech,Bengaluru,24000000.0,Series B,startup_funding_2025
Beyond Appliances,Ecommerce,Bengaluru,4000000.0,Series A,startup_funding_2025
House Of Biryani,Consumer Services,Mumbai,3600000.0,–,startup_funding_2025
Mitra,Ecommerce,Gurugram,1600000.0,–,startup_funding_2025
PeelON,Enterprise Services,Vishakhapatnam,1000000.0,Seed,startup_funding_2025
Hexafun,Ecommerce,Delhi,512000.0,Seed,startup_funding_2025
Famyo,Ecommerce,Bengaluru,457000.0,Seed,startup_funding_2025
ZenZebra,Consumer Services,Delhi,,Seed,startup_funding_2025
ZenZebra,Consumer Services,Delhi,,Seed,startup_funding_2025
Truemeds,Healthtech,Mumbai,65000000.0,Series C,startup_funding_2025
Zepto,Consumer Services,Bengaluru,45700000.0,—,startup_funding_2025
Darwinbox,Enterprise Tech,Hyderabad,40000000.0,—,startup_funding_2025
Ultraviolette,Cleantech,Bengaluru,21000000.0,—,startup_funding_2025
Arintra,Enterprise Tech,US,21000000.0,Series A,startup_funding_2025
Dashverse,Media & Entertainment,Bengaluru,13000000.0,Series A,startup_funding_2025
Lifelong Online,Ecommerce,New Delhi,13000000.0,—,startup_funding_2025
Pronto,Consumer Services,Gurugram,11000000.0,Series A,startup_funding_2025
Elivaas,Travel Tech,Gurugram,10000000.0,Series B,startup_funding_2025
Graas.ai,Artificial Intelligence (AI),Singapore,9000000.0,Series B,startup_funding_2025
Refold AI,Artificial Intelligence (AI),Bengaluru,6500000.0,Seed,startup_funding_2025
Olee Space,Advanced Hardware & IoT,Pune,3000000.0,Seed,startup_funding_2025
Holiday Tribe,Travel Tech,Gurugram,3000000.0,Pre-Series A,startup_funding_2025
Fairdeal.Market,Ecommerce,Gurugram,3000000.0,Pre-Series A,startup_funding_2025
Manastu Space Technologies,Advanced Hardware & IoT,Mumbai,3000000.0,Series A,startup_funding_2025
Comminent,Advanced Hardware & IoT,Bengaluru,2000000.0,—,startup_funding_2025
Spike AI,Artificial Intelligence (AI),Bengaluru,1900000.0,Pre-Seed,startup_funding_2025
Trackk,Fintech,New Delhi,1000000.0,Seed,startup_funding_2025
Trackk,Fintech,New Delhi,1000000.0,Seed,startup_funding_2025
The Sleep Company,Ecommerce,Mumbai,54600000.0,Series D,startup_funding_2025
RENEE Cosmetics,Ecommerce,Ahmedabad,30000000.0,Series C,startup_funding_2025
Fibe,Fintech,Pune,25000000.0,Debt,startup_funding_2025
SuperGaming,Media & Entertainment,Pune,15000000.0,Series A,startup_funding_2025
Jeh Aerospace,Advanced Hardware & Technology,Hyderabad,11000000.0,Series A,startup_funding_2025
Zype,Fintech,Mumbai,10300000.0,—,startup_funding_2025
DPDPZero,Fintech,Bangalore,7000000.0,Series A,startup_funding_2025
TurboHire,Artificial intelligence (AI),Hyderabad,6000000.0,Series A,startup_funding_2025
Mitigata,Fintech,Delhi,5900000.0,Series A,startup_funding_2025
TPlusA India,Ecommerce,Bangalore,5800000.0,Seed,startup_funding_2025
Cautio,Advanced Hardware & Technology,Bangalore,3000000.0,Seed,startup_funding_2025
OUTZIDR,Ecommerce,Bangalore,3000000.0,Pre-Series A,startup_funding_2025
HYLENR,Clean Tech,Hyderabad,3000000.0,Pre-Series A,startup_funding_2025
Zepto,Consumer Services,Bangalore,2900000.0,—,startup_funding_2025
CodeKarma,Artificial intelligence (AI),Bangalore,2500000.0,Pre-Seed,startup_funding_2025
Xovian Aerospace,Advanced Hardware & Technology,Bangalore,2500000.0,Pre-Seed,startup_funding_2025
Nuuk,Ecommerce,Gurugram,2000000.0,Series A,startup_funding_2025
DesignX,Enterprise Tech,Noida,2000000.0,—,startup_funding_2025
EON Space Labs,Advanced Hardware & Technology,Hyderabad,1200000.0,Pre-Series A,startup_funding_2025
MangoPoint,Ecommerce,Chennai,1000000.0,Pre-Series A,startup_funding_2025
Fraganote,Ecommerce,New Delhi,1000000.0,Pre-Series A,startup_funding_2025
Shotgun Games,Media & Entertainment,Mumbai,1000000.0,Seed,startup_funding_2025
Gladful,Ecommerce,Jaipur,913000.0,—,startup_funding_2025
Terafac,Advanced Hardware & Technology,Chandigarh,800000.0,Pre-Seed,startup_funding_2025
Prozo,Logistics,Gurugram,,—,startup_funding_2025
Prozo,Logistics,Gurugram,,—,startup_funding_2025
Safe Security,Enterprise Tech,New Delhi,70000000.0,Series C,startup_funding_2025
Metaforms,AI,Bengaluru,9000000.0,Series A,startup_funding_2025
STAN,Media & Entertainment,Chennai,8500000.0,Series A,startup_funding_2025
Arivihan,Edtech,Indore,4200000.0,Pre-Series A,startup_funding_2025
Sharpsell.ai,Enterprise Tech,Mumbai,3400000.0,Series A,startup_funding_2025
Drizz,AI,Bengaluru,2700000.0,Seed,startup_funding_2025
Littlebox,Ecommerce,Noida,2100000.0,Seed,startup_funding_2025
Snooplay,Ecommerce,New Delhi,916000.0,Pre-Series A,startup_funding_2025
Zepto,Consumer Services,Bengaluru,857000.0,–,startup_funding_2025
Heizen,Enterprise Services,New Delhi,500000.0,Pre-Seed,startup_funding_2025
Passport Trips,Travel Tech,Mumbai,500000.0,Pre-Seed,startup_funding_2025
ILine,Logistics,Noida,500000.0,–,startup_funding_2025
Genexis Biotech,Health Tech,Vadodara,457000.0,Seed,startup_funding_2025
Vahan.ai,AI,Bengaluru,,–,startup_funding_2025
Vahan.ai,AI,Bengaluru,,–,startup_funding_2025
Gupshup,Enterprise Tech,Mumbai,60000000.0,–,startup_funding_2025
Netrasemi,Advanced Hardware & Technology,Thiruvananthapuram,12400000.0,Series A,startup_funding_2025
SuperK,Consumer Services,Bengaluru,11500000.0,Series B,startup_funding_2025
Kluisz.ai,Artificial Intelligence (AI),Bengaluru,9600000.0,Seed,startup_funding_2025
EduFund,Fintech,Ahmedabad,6000000.0,Series A,startup_funding_2025
EVeez,Travel Tech,Gurugram,5400000.0,Series A,startup_funding_2025
Enlite Research,Enterprise Tech,Mumbai,5300000.0,Series A,startup_funding_2025
iTuring.AI,Artificial Intelligence (AI),Bengaluru,5000000.0,Series A,startup_funding_2025
Sugar Cosmetics,Ecommerce,Mumbai,5000000.0,–,startup_funding_2025
Escape Plan,Ecommerce,Bengaluru,5000000.0,Seed,startup_funding_2025
Hudle,Enterprise Tech,Delhi,2500000.0,Series A,startup_funding_2025
Grexa AI,Artificial Intelligence (AI),Thane,1800000.0,Seed,startup_funding_2025
ANNY,Ecommerce,Gurugram,1200000.0,Pre-Series A,startup_funding_2025
Ammunic Systems,Advanced Hardware & Technology,Bengaluru,1100000.0,Seed,startup_funding_2025
Inbound Aerospace,Advanced Hardware & Technology,Chennai,1000000.0,Pre-Seed,startup_funding_2025
Plenome Technologies,Enterprise Tech,Chennai,752000.0,Seed,startup_funding_2025
Bharatsure,Fintech,Mumbai,694000.0,–,startup_funding_2025
ApClub,Consumer Services,Bengaluru,231000.0,Pre-Seed,startup_funding_2025
Coluxe,Ecommerce,New Delhi,,–,startup_funding_2025
Magma,Enterprise Services,Ahmedabad,,–,startup_funding_2025
Roast Foods,Ecommerce,Pune,,–,startup_funding_2025
KlugKlug,Enterprise Services,New Delhi,,–,startup_funding_2025
KlugKlug,Enterprise Services,New Delhi,,–,startup_funding_2025
QpiAI,Advanced Hardware & Technology,Bengaluru,32000000.0,Series A,startup_funding_2025
Truemeds,Healthtech,Mumbai,20000000.0,Series C,startup_funding_2025
Phi Commerce,Fintech,Pune,5900000.0,Series B,startup_funding_2025
KNOT,Consumer Services,Bengaluru,3000000.0,Pre-Series A,startup_funding_2025
Trupeer.AI,Artificial intelligence (AI),Bengaluru,3000000.0,Seed,startup_funding_2025
Omspace Rocket & Exploration,Advanced Hardware & Technology,Ahmedabad,3000000.0,Pre-Seed,startup_funding_2025
Vaaree,Ecommerce,Bengaluru,2100000.0,Pre-Series A,startup_funding_2025
CureFit,Health Tech,Bengaluru,2000000.0,–,startup_funding_2025
DCG Tech,Ecommerce,Gurugram,1700000.0,Pre-Series A,startup_funding_2025
Zuppa,Advanced Hardware & Technology,Chennai,1500000.0,–,startup_funding_2025
Deep Algorithm,Enterprise Tech,Hyderabad,1300000.0,–,startup_funding_2025
Dial4242,Health Tech,Gurugram,1100000.0,Pre-Series A,startup_funding_2025
The Wedding Company,Consumer Services,Bengaluru,1000000.0,Pre-Seed,startup_funding_2025
Navana.ai,Artificial intelligence (AI),Mumbai,812000.0,Pre-Series A,startup_funding_2025
Unibose,Advanced Hardware & Technology,Chennai,639000.0,Pre-Series A,startup_funding_2025
Zulu Club,Consumer Services,Gurugram,250000.0,Pre-Seed,startup_funding_2025
Parkobot,Advanced Hardware & Technology,Kolkata,243000.0,Seed,startup_funding_2025
Enercomp,Advanced Hardware & Technology,Ahmedabad,232000.0,–,startup_funding_2025
CosMoss,Ecommerce,Gurugram,,Seed,startup_funding_2025
Onetab.ai,Artificial intelligence (AI),Bengaluru,,–,startup_funding_2025
Fire AI,Artificial intelligence (AI),Mumbai,,Pre-Seed,startup_funding_2025
Fire AI,Artificial intelligence (AI),Mumbai,,Pre-Seed,startup_funding_2025
Infinity Fincorp,Fintech,Mumbai,70000000.0,-,startup_funding_2025
Varthana,Fintech,Bengaluru,18600000.0,Debt,startup_funding_2025
Khetika,Ecommerce,Bengaluru,18000000.0,Series B,startup_funding_2025
InPrime Finserv,Fintech,Bengaluru,6000000.0,Series A,startup_funding_2025
Chai Bisket,Media & Entertainment,Hyderabad,5000000.0,Seed,startup_funding_2025
Belong,Fintech,Bengaluru,5000000.0,Seed,startup_funding_2025
Clean Fanatics,Consumer Services,Bengaluru,2000000.0,Seed,startup_funding_2025
Cookd,Ecommerce,Chennai,2000000.0,Pre-Series A,startup_funding_2025
Gramik,Agritech,Lucknow,2000000.0,-,startup_funding_2025
Green Aero,Advanced Hardware & Technology,New Delhi,1600000.0,Seed,startup_funding_2025
AMAMA,Ecommerce,New Delhi,1000000.0,-,startup_funding_2025
WiseLife,Ecommerce,Gurugram,932000.0,Seed,startup_funding_2025
Linkrunner,AI,Bengaluru,560000.0,-,startup_funding_2025
Divine Hindu,Ecommerce,Gurugram,181000.0,Seed,startup_funding_2025
Jeh Aerospace,Advanced Hardware & Technology,Hyderabad,,-,startup_funding_2025
LdotR,Enterprise Services,New Delhi,,-,startup_funding_2025
Qoruz,Media & Entertainment,Bengaluru,,Pre-Series A,startup_funding_2025
Qoruz,Media & Entertainment,Bengaluru,,Pre-Series A,startup_funding_2025
Jumbotail,Ecommerce,Bengaluru,120000000.0,Series D,startup_funding_2025
Infra.Market,Real Estate Tech,Thane,50000000.0,Debt,startup_funding_2025
InCred Finance,Fintech,Mumbai,46800000.0,Debt,startup_funding_2025
Eggoz,Ecommerce,Gurugram,20000000.0,Series C,startup_funding_2025
AppsForBharat,Consumer Services,Bengaluru,20000000.0,Series C,startup_funding_2025
Aukera,Ecommerce,Bengaluru,15000000.0,Series B,startup_funding_2025
Bambrew,Enterprise Services,Bengaluru,10500000.0,Series B,startup_funding_2025
Eeki,Agritech,Kota,7000000.0,Series A,startup_funding_2025
Zango AI,Artificial Intelligence (AI),Indore,4800000.0,Seed,startup_funding_2025
Maieutic Semiconductor,Advanced Hardware & Technology,Bengaluru,4200000.0,Seed,startup_funding_2025
Luma Fertility,Health Tech,Mumbai,4000000.0,Seed,startup_funding_2025
GobbleCube,Artificial Intelligence (AI),Gurugram,3500000.0,Pre-Series A,startup_funding_2025
Loopworm,Health Tech,Bengaluru,3300000.0,Pre-Series A,startup_funding_2025
CIMware,Advanced Hardware & Technology,Bengaluru,2300000.0,Pre-Series A,startup_funding_2025
Sthyr Energy,Cleantech,Chennai,1000000.0,Seed,startup_funding_2025
Astrophel Aerospace,Advanced Hardware & Technology,Pune,800000.0,Pre-Seed,startup_funding_2025
Lamark Biotech,Health Tech,Bengaluru,767000.0,Pre-Series A,startup_funding_2025
FitFeast,Ecommerce,New Delhi,644000.0,Seed,startup_funding_2025
Garaaz,Enteprise Tech,Jaipur,531000.0,Seed,startup_funding_2025
FES Cafe,Foodtech,Gurugram,351000.0,Seed,startup_funding_2025
AjnaLens,Advanced Hardware & Technology,Thane,,-,startup_funding_2025
AjnaLens,Advanced Hardware & Technology,Thane,,-,startup_funding_2025
Raphe mPhibr,Advanced Hardware & Technology,Noida,100000000.0,-,startup_funding_2025
GIVA,Ecommerce,Bengaluru,62000000.0,-,startup_funding_2025
EKA Mobility,Cleantech,Pune,23000000.0,-,startup_funding_2025
ShopOS,Artificial Intelligence (AI),Ahmedabad,20000000.0,Seed Round,startup_funding_2025
GoKwik,Fintech,New Delhi,13000000.0,-,startup_funding_2025
Sahi,Fintech,Mumbai,10500000.0,Series A,startup_funding_2025
Fabheads,Advanced Hardware & Technology,Chennai,10000000.0,Series A,startup_funding_2025
Kazam,Cleantech,Bengaluru,6200000.0,Series B,startup_funding_2025
Flipspaces,Real Estate Tech,Mumbai,5900000.0,-,startup_funding_2025
StayVista,Travel Tech,Mumbai,5000000.0,Series B,startup_funding_2025
Rabitat,Ecommerce,New Delhi,4600000.0,Series A,startup_funding_2025
ZILO,Consumer Services,Mumbai,4500000.0,Seed Round,startup_funding_2025
Evera Cabs,Travel Tech,New Delhi,4000000.0,Debt Round,startup_funding_2025
Coratia Technologies,Advanced Hardware & Technology,Rourkela,2000000.0,Pre-Series A,startup_funding_2025
Fantail,Enterprise Services,Surat,1600000.0,Seed Round,startup_funding_2025
Armory,Advanced Hardware & Technology,Gurugram,1500000.0,-,startup_funding_2025
Jobizo,Enterprise Tech,Gurugram,1400000.0,Pre-Series A,startup_funding_2025
Skippi,Ecommerce,Hyderabad,1400000.0,Pre-Series A,startup_funding_2025
AuraML,Artificial Intelligence (AI),Bengaluru,1000000.0,Pre-Seed,startup_funding_2025
Innovodigm,Health Tech,Kolkata,643000.0,Seed,startup_funding_2025
Truliv,Real Estate Tech,Chennai,,-,startup_funding_2025
Truliv,Real Estate Tech,Chennai,,-,startup_funding_2025
WIOM,Consumer Services/ Enterprise Services,New Delhi,35000000.0,-,startup_funding_2025
POP,Fintech,Bengaluru,30000000.0,-,startup_funding_2025
Oben Electric,Cleantech,Bengaluru,11500000.0,Series A,startup_funding_2025
Techfino,Fintech,Bengaluru,7500000.0,-,startup_funding_2025
Saswat Finance,Fintech,Mumbai,2600000.0,Pre-Series A,startup_funding_2025
illumine,Enterprise Tech,Chennai,2500000.0,Seed,startup_funding_2025
Darwix AI,Artificial Intelligence,Gurugram,1500000.0,-,startup_funding_2025
7 Ring,Ecommerce,Mumbai,462000.0,Pre-Series A,startup_funding_2025
Nuvie,Ecommerce,Bengaluru,450000.0,Pre-Seed,startup_funding_2025
Xportel,Logistics,Delhi,,Seed,startup_funding_2025
Xportel,Logistics,Delhi,,Seed,startup_funding_2025
Decentro,Fintech,Bengaluru,3600000.0,Series B,startup_funding_2025
Sanlayan Technologies,Defence Electronics,Bengaluru,22320000.0,Series A,startup_funding_2025
Roomstory.ai,AI,Gurugram,360000.0,Pre-seed,startup_funding_2025
Vecmocon Technologies,Deep-tech,New Delhi,18000000.0,Series A,startup_funding_2025
CRED,Fintech,Bengaluru,74040000.0,Down Round,startup_funding_2025
Flick TV,OTT platform,Noida,2300000.0,Seed round,startup_funding_2025
Kazam,Electric mobility,Bengaluru,6000000.0,Series B,startup_funding_2025
Wow! Momo,QSR,Kolkata,,Debt Round,startup_funding_2025
PowerUp Money,Wealthtech,Bengaluru,7100000.0,Seed round,startup_funding_2025
FlexiLoans,NBFC,Mumbai,,Series C,startup_funding_2025
Garuda Aerospace,Drone startup,Chennai,1000000.0,Funding round,startup_funding_2025
Piston,Digital payment,Chennai,6100000.0,Seed round,startup_funding_2025
Leumas,Deeptech,Bengaluru,2200000.0,Seed round,startup_funding_2025
Machaxi,Sportstech,Bengaluru,1500000.0,Funding Round,startup_funding_2025
Knest,Construction-tech,Pune,36000000.0,Funding Round,startup_funding_2025
MetaShot,Gaming,Bengaluru,240000.0,Covertible Debt,startup_funding_2025
Repello AI,AI security,Bengaluru,1200000.0,Seed Funding,startup_funding_2025
GIVA,D2C Jewellery,Bengaluru,,Series C,startup_funding_2025
Kisah,Men’s ethnicwear,Kolkata,1560000.0,Funding Round,startup_funding_2025
Iom Bioworks,Deep science,Bengaluru,,Seed Funding,startup_funding_2025
PlutoPe,Decentralized finance (DeFi),Gurugram,,Pre-seed Round,startup_funding_2025
Spinny,Used car platform,Gurugram,30000000.0,Series F,startup_funding_2025
Spinny,Used car platform,Gurugram,30000000.0,Series F,startup_funding_2025
Qubeats,Quantum Computing,Telangana,2910000.0,Grant (Prize Money),startup_funding_2025
Nxt Meal,Food Tech,Karnataka,750000.0,Seed,startup_funding_2025
The Tarzan Way,Online Travel,Delhi,233000.0,Seed,startup_funding_2025
LoanTap,Alternative Lending,Maharashtra,6290000.0,Series B,startup_funding_2025
LoanTap,Alternative Lending,Maharashtra,2330000.0,Venture Debt,startup_funding_2025
Plush,Personal Care Products,Tamil Nadu,4660000.0,Series B,startup_funding_2025
Naagin Sauce,Food & Beverage,Maharashtra,2100000.0,Seed,startup_funding_2025
Khari Foods,Online Grocery,Delhi,350000.0,Seed,startup_funding_2025
Stride Green,Green SME Loans,Haryana,3500000.0,Seed,startup_funding_2025
Handpickd,Online Grocery,Delhi,2530000.0,Seed,startup_funding_2025
Gully Labs,Fashion Tech,Uttar Pradesh,129000.0,Venture Debt,startup_funding_2025
Manipal Group,"Education, Healthcare",Karnataka,600000000.0,Conventional Debt,startup_funding_2025
GyanDhan,Higher Education Tech,Delhi,5850000.0,Series A,startup_funding_2025
Shapoorji Pallonji,Real Estate,Maharashtra,75000000.0,Conventional Debt,startup_funding_2025
Udaan,B2B E-Commerce,Karnataka,114000000.0,Series G,startup_funding_2025
Pepperfry,Home Improvements,Maharashtra,5060000.0,Series F,startup_funding_2025
Spense,Investment Tech,Karnataka,1850000.0,Seed,startup_funding_2025
Samunnati,Agri-financing,Tamil Nadu,5840000.0,Conventional Debt,startup_funding_2025
Samunnati,Agri-financing,Tamil Nadu,50000000.0,Strategic Investment,startup_funding_2025
Farmako,HealthTech,Uttarakhand,,Seed,startup_funding_2025
Snitch,D2C Menswear Brand,-,40000000.0,Growth,startup_funding_2025
Stable Money,FinTech,-,20000000.0,Series A,startup_funding_2025
Decentro,API Banking / Fintech,-,30000000.0,Series B,startup_funding_2025
Biopeak,Wellness & Longevity,-,3000000.0,Seed,startup_funding_2025
Kosmc AI,Social-Commerce Infrastructure,-,,Pre-Seed,startup_funding_2025
Atlanture Sports,Sports & Media,-,21000000.0,Strategic Investment,startup_funding_2025
True Diamond,Lab-Grown Diamond Jewellery,-,26000000.0,Pre-Series A,startup_funding_2025
Upurfit,Sports Wellness,-,,Strategic Investment,startup_funding_2025
Upurfit,Sports Wellness,-,,Strategic Investment,startup_funding_2025
Stable Money,Wealthtech,Bengaluru,20000000.0,Series B,startup_funding_2025
Mufin Green,EV Financier,New Delhi,18000000.0,Debt Funding,startup_funding_2025
Slikk,Fashion Delivery,Bengaluru,10000000.0,Series A,startup_funding_2025
Citykart,Value fashion retailer,Gurugram,64560000.0,Series B,startup_funding_2025
EUME,Premium Travel Luggage Brand,Mumbai,3000000.0,Series A,startup_funding_2025
Fleetx.io,SaaS,Gurugram,13560000.0,Series C,startup_funding_2025
Frinks AI,Manufacturing AI,Bengaluru,5400000.0,Pre-Series A,startup_funding_2025
Contineu,Deeptech,US,1200000.0,Seed Funding,startup_funding_2025
Orbitt Space,Spacetech,Ahmedabad,1000000.0,Pre-seed funding,startup_funding_2025
Myntra,Fashion ecommerce,Bengaluru,124000000.0,-,startup_funding_2025
GROWiT,Agritech,Surat,3000000.0,Series A,startup_funding_2025
Saarathi Finance,NBFC,Mumbai,57000000.0,Funding round,startup_funding_2025
ILIOS 72 Alternative Capital,Wealth Management,Gurugram,120000.0,Seed Funding,startup_funding_2025
Snabbit,Quick service app,Mumbai,19000000.0,Series B,startup_funding_2025
Simply Nam,Beauty brand,Mumbai,,-,startup_funding_2025
Cleevo,Home hygiene,Nashik,1000000.0,Seed Round,startup_funding_2025
Ziniosa,Luxury Fashion Brand,Bengaluru,,-,startup_funding_2025
KhiladiPro,Sporttech,Bengaluru,1000000.0,Pre-seed,startup_funding_2025
Snitch,Fashion,Bengaluru,33600000.0,Series B,startup_funding_2025
Unbound,Enterprise AI security and governance,Pune,4000000.0,Seed Funding,startup_funding_2025
Battery Smart,Battery swapping,New Delhi,29000000.0,Series B,startup_funding_2025
Battery Smart,Battery swapping,New Delhi,29000000.0,Series B,startup_funding_2025
Euler Motors,EV,New Delhi,76560000.0,Series D,startup_funding_2025
Cloudsek,Cybersecurity,Bengaluru,19000000.0,Fresh Funding,startup_funding_2025
CureBay,Healthtech,Bhubaneshwar,21000000.0,Series B,startup_funding_2025
Miraggio,Fashion,Gurugram,6500000.0,Institutional Round,startup_funding_2025
Tan90,Deep-tech,Chennai,,Series A,startup_funding_2025
Misfits,Community Platform,Gurugram,600000.0,Seed Round,startup_funding_2025
Mythik,Media Technology,Mumbai,15000000.0,Seed Round,startup_funding_2025
Biostate AI,Biotech,US,12000000.0,Series A,startup_funding_2025
Data Sutram,Fintech,Mumbai,9000000.0,Series A,startup_funding_2025
Zoca,Agentic AI,Gurugram,6000000.0,Funding Round,startup_funding_2025
Promethean Energy,Cleantech,Mumbai,2000000.0,Pre-Series A,startup_funding_2025
Shuru,Social media,Gurugram,,Series A,startup_funding_2025
ALT CARBON,Deeptech,Kolkata,12000000.0,Seed Round,startup_funding_2025
BlackCarrot,D2C dinnerware,Mumbai,,Pre-seed funding,startup_funding_2025
OpenFX,FX infrastructure,US,23000000.0,Seed Round,startup_funding_2025
KSKT,Agri-commerce,Gurugram,1300000.0,Equity and Debt Round,startup_funding_2025
KSKT,Agri-commerce,Gurugram,1300000.0,Equity and Debt Round,startup_funding_2025
Farmley,Snacking,Noida,40000000.0,Series C,startup_funding_2025
Avammune Therapeutics,Healthtech,Bengaluru,12000000.0,Series A,startup_funding_2025
Celebal Tech,IT services provider,Jaipur,15000000.0,Series B,startup_funding_2025
Citrus Freight,Shipping,Bengaluru,,Bridge Round,startup_funding_2025
M1xchange,Supply Chain Financing,Gurugram,10000000.0,secondary deal,startup_funding_2025
Hyperbots,AI,Mumbai,6500000.0,Seed Funding,startup_funding_2025
Biryani Blues,QSR,Gurugram,5000000.0,Pre-series C,startup_funding_2025
Be Clinical,Skincare,Mumbai,,Seed Round,startup_funding_2025
JSW One,B2B e-commerce,Mumbai,,-,startup_funding_2025
TIEA Connectors,B2B ESDM (Electronic System Design and Manufacturing),Bengaluru,,Funding Round,startup_funding_2025
Flam,Mixed Reality Content,Bengaluru,14000000.0,Series A,startup_funding_2025
Adopt AI,Agentic AI,Bengaluru,6000000.0,Seed Round,startup_funding_2025
ReelSaga,Mobile-first entertainment,Mumbai,2100000.0,$2.1 Mn,startup_funding_2025
BlueStone,Omnichannel jewellery,Bengaluru,,Debt Funding,startup_funding_2025
VFlowTech,Vanadium redox flow battery,Kolkata,20500000.0,Funding Round,startup_funding_2025
ContraVault AI,Tender and RFP management,Delhi,,Seed Funding,startup_funding_2025
Third Bracket,Hiring Platform,Bengaluru,,Seed Round,startup_funding_2025
LUZO,"Marketplace for salons, spas, and wellness clinics",Mumbai,550000.0,Seed Funding,startup_funding_2025
Complement1,Healthtech,US,16000000.0,Seed Funding,startup_funding_2025
Hocco,Ice Cream Brand,Ahmedabad,10000000.0,Series B,startup_funding_2025
NapTapGo,Pod Hotel,Noida,,Pre-Seed Round,startup_funding_2025
MedVital,MedTech,New Delhi,1008000.0,Pre-seed funding,startup_funding_2025
1-India Family Mart,Value retail chain,Delhi,12000000.0,Series D,startup_funding_2025
Zenergize,EV,Gurugram,2000000.0,Seed Funding,startup_funding_2025
Nobel Hygiene,Disposable hygiene,Mumbai,20000000.0,Funding Round,startup_funding_2025
Fyn Mobility,EVaaS,Chennai,2500000.0,Funding Round,startup_funding_2025
Fyn Mobility,EVaaS,Chennai,2500000.0,Funding Round,startup_funding_2025
Volt14,Battery Tech,Bengaluru,1870000.0,Pre-Series A,startup_funding_2025
Store My Goods,Storage Solutions,Noida,,Growth Funding Round,startup_funding_2025
Alt DRX,Digital Real Estate,Bengaluru,,Funding Round,startup_funding_2025
Lifechart,Gut Wellness,Gurugram,360000.0,Seed Funding,startup_funding_2025
Celcius Logistics,Cold chain aggregator,Mumbai,,Series B,startup_funding_2025
91trucks,Commercial vehicle marketplace,Delhi,,Funding Round,startup_funding_2025
Troovy,Kids-focused nutrition food brand,Gurugram,,Pre-Series A,startup_funding_2025
Nawgati,Fuel aggregator,Noida,2500000.0,Pre-Series A,startup_funding_2025
KorinMi,Korean skin clinic,Gurugram,,Pre-Seed,startup_funding_2025
The Good Bug,Gut health-focused,Mumbai,,Series B,startup_funding_2025
InspeCity,Spacetech,Mumbai,5600000.0,Seed Funding,startup_funding_2025
Insurance Samadhan,Insurance,Noida,,Strategic Funding Round,startup_funding_2025
Flipspaces,Interior design and contracting,Mumbai,35000000.0,Series C,startup_funding_2025
Routematic,Transport-as-a-service,Bengaluru,40000000.0,Series C,startup_funding_2025
Shiplog,Logistics-Tech,Gurugram,,Seed Round,startup_funding_2025
BlissClub,Women-focused direct-to-consumer,Bengaluru,,Pre-Series B,startup_funding_2025
Posha,Kitchen Robotics,Posha,8000000.0,Series A,startup_funding_2025
PB Healthcare,Healthtech,Gurugram,218000000.0,Equity funding round,startup_funding_2025
Vaya,AI,New Delhi,1500000.0,Funding Round,startup_funding_2025
High Time Foods,Food-tech,Bengaluru,1200000.0,Funding Round,startup_funding_2025
Zebu,Defense Tech,Hyderabad,1000000.0,Pre-Series A,startup_funding_2025
Feline Spirits,Craft alcoholic beverage,New Delhi,,Pre-Series A,startup_funding_2025
GoTrust,Privacy compliance,Noida,400000.0,Pre-Seed,startup_funding_2025
Footprints Preschool & Daycare,Early childhood education and daycare,Noida,7500000.0,Series A,startup_funding_2025
Porter,Logistics,Bengaluru,200000000.0,Series F,startup_funding_2025
Porter,Logistics,Bengaluru,200000000.0,Series F,startup_funding_2025
Uni Seoul,Lifestyle,Pune,600000.0,Seed Funding,startup_funding_2025
Malaki,Beverage,Mumbai,,Seed Funding,startup_funding_2025
Care.fi,Healthcare Fintech,Gurugram,,Debt Round,startup_funding_2025
Metafin,NBFC,Mumbai,10000000.0,Series A,startup_funding_2025
Mugafi,AI,Gurugram,3000000.0,Seed Round,startup_funding_2025
CollegeDekho,Edtech,Gurugram,,Debt Funding,startup_funding_2025
Primebook,Android Laptop,Delhi,2000000.0,Pre-Series A,startup_funding_2025
Scandalous Foods,B2B Indian sweets,Nashik,,Seed Round,startup_funding_2025
Kult,Beauty Tech,Mumbai,20000000.0,Series A,startup_funding_2025
Stimuler,Edtech,Bengaluru,3750000.0,Pre-Series A,startup_funding_2025
QNu,Cyber Security,Bengaluru,,Series A,startup_funding_2025
Vividobots,Robotics,Chennai,,Seed Round,startup_funding_2025
HexaHealth,Healthtech,Gurugram,12000000.0,Series A,startup_funding_2025
SatLeo Labs,Space Tech,Ahmedabad,3300000.0,Pre-seed Round,startup_funding_2025
Sadhav Offshore,Maritime Service,Mumbai,,Equity Round,startup_funding_2025
Anveshan,D2C Food,Gurugram,,Series A,startup_funding_2025
Salt Oral Care,Pre-Series A,Mumbai,1000000.0,Pre-Series A,startup_funding_2025
Ivana Jewels,Lab-grown Diamonds,Surat,,Seed Round,startup_funding_2025
Fuze,Digital Assets Infrastructure,Abu Dhabi,12200000.0,Series A,startup_funding_2025
Kaleidofin,Fintech,Chennai,5300000.0,Funding Round,startup_funding_2025
Kaleidofin,Fintech,Chennai,5300000.0,Funding Round,startup_funding_2025
Finodaya Capital,Non-banking financial company,Indore,2500000.0,Seed Funding,startup_funding_2025
Ivory,Healthcare,New Delhi,1000000.0,Funding Round,startup_funding_2025
MatBook,Construction Tech,Gurugram,750000.0,Pre-Seed Round,startup_funding_2025
Rebel Foods,Cloud Kitchen,Mumbai,25000000.0,Series G,startup_funding_2025
DevAssure,SaaS,Chennai,,Pre‑Seed Funding,startup_funding_2025
Poshs Metal,Steel Processing,Pune,5160000.0,Funding Round,startup_funding_2025
MyDesignation,D2C Fashion,Thiruvananthapuram,1250000.0,Seed Funding,startup_funding_2025
Emversity,Edtech,Bengaluru,5000000.0,Pre-Series A Round,startup_funding_2025
Vayudh,Drone Startup,New Delhi,10000000.0,Funding Round,startup_funding_2025
BankBazaar,Loan Sourcing,Chennai,6600000.0,Funding Round,startup_funding_2025
SaveIN,Fintech,New Delhi,4440000.0,Funding Round,startup_funding_2025
Intellicar,Fabric,Bengaluru,13500000.0,Series A,startup_funding_2025
GreenGrahi,Agri-biotech,New Delhi,3840000.0,Funding Round,startup_funding_2025
Rimigo,Travel Tech,Bengaluru,550000.0,Pre-Seed Round,startup_funding_2025
Rimigo,Travel Tech,Bengaluru,550000.0,Pre-Seed Round,startup_funding_2025
Optimized Electrotech,Deeptech,Ahmedabad,6000000.0,Series A,startup_funding_2025
V SAFE,IoT,Thanjavur,300000.0,Seed Funding,startup_funding_2025
SportsSkill,Sports Technology,Pune,,Pre-Seed Funding,startup_funding_2025
Jupiter International,Solar solutions,Kolkata,,-,startup_funding_2025
Cura Care,Oral Care,Bengaluru,,Pre-Seed,startup_funding_2025
Noto,Ice Cream Brand,Mumbai,,Angel Fund,startup_funding_2025
BeastLife,Nutrition Brand,Gurugram,228000.0,-,startup_funding_2025
CENTA,Education,Bengaluru,,Series A1,startup_funding_2025
Jewelbox,D2C lab-grown diamond jewellery,Kolkata,3200000.0,pre-Series A,startup_funding_2025
Rio Innobev,Beverage Startup,Pune,,Pre-Series A,startup_funding_2025
OfBusiness,B2B commerce,Gurugram,,-,startup_funding_2025
Nothing Before Coffee,QSR coffee chain,Jaipur,2300000.0,Pre-Series A,startup_funding_2025
Peppermint Robotics,Robotics,Pune,4000000.0,Series A,startup_funding_2025
Garuda Aerospace,Aerospace,Chennai,,Series B,startup_funding_2025
Magma,B2B manufacturing,Ahmedabad,5000000.0,Series A,startup_funding_2025
IPEC,EV charging,Mumbai,3000000.0,-,startup_funding_2025
JetSynthesys,Digital entertainment and technology,Pune,,-,startup_funding_2025
JetSynthesys,Digital entertainment and technology,Pune,,-,startup_funding_2025
Easebuzz,B2B Fintech,Pune,30000000.0,Funding Round,startup_funding_2025
Asha Ventures,Venture Capitalist,Mumbai,10000000.0,Funding Round,startup_funding_2025
Vimano,Nanotech,Bengaluru,,Seed Round,startup_funding_2025
Innovist,Beauty Products,Gurugram,,Series B,startup_funding_2025
CalligoTech,AI,Bengaluru,1100000.0,Pre-Series A,startup_funding_2025
Juspay,Fintech,Bengaluru,60000000.0,Series D,startup_funding_2025
Sadbhav Future Tech,Agri-Renewable,Gurugram,,Pre-IPO Round,startup_funding_2025
SiglQ.ai,Edtech,-,9500000.0,Seed Round,startup_funding_2025
OUTZIDR,D2C Apparel,Bengaluru,,Seed Round,startup_funding_2025
DaveAI,AI,Bengaluru,,Pre-Series A,startup_funding_2025
Cautio,Visual Telematics,Bengaluru,,Seed Round,startup_funding_2025
AgroStar,Agritech,Pune,6700000.0,Funding Round,startup_funding_2025
Eat Better,D2C Snacking,Jaipur,,Pre-Series A,startup_funding_2025
Amicco,B2B marketplace,Gurugram,1000000.0,Seed Funding,startup_funding_2025
Let's Try,D2C Snack Brand,Delhi,2500000.0,Funding Round,startup_funding_2025
PARÉ Innovations,building material segment,Mumbai,8500000.0,Funding Round,startup_funding_2025
Bhagva,Digital Spirituality,Delhi,1000000.0,Pre-Series A,startup_funding_2025
Noise,Wearables,Gurugram,20000000.0,Funding Round,startup_funding_2025
Xindus,Cross-border Logistics,Gurugram,10000000.0,Pre-Series A,startup_funding_2025
Eloelo,Live Social Entertainment,Bengaluru,13500000.0,Series B,startup_funding_2025
AskMyGuru,Spiritual-tech,Bengaluru,1200000.0,Seed Round,startup_funding_2025
Bower,Edtech,Hyderabad,1380000.0,Seed Funding,startup_funding_2025
Mosaic Wellness,Health and wellness,Mumbai,20000000.0,-,startup_funding_2025
GreenLine Mobility Solutions Ltd.,Green Logistics,Surat,20000000.0,-,startup_funding_2025
GreenLine Mobility Solutions Ltd.,Green Logistics,Surat,20000000.0,-,startup_funding_2025
Koparo,D2C,New Delhi,1700000.0,Pre-Series A,startup_funding_2025
Lehlah,Influencer Commerce,Mumbai,1500000.0,Seed Funding,startup_funding_2025
Spinny,Used-car sales,Gurugram,131000000.0,Funding Round,startup_funding_2025
Tvaster Genkalp,Healthtech,Chennai,1250000.0,Pre-Series A,startup_funding_2025
Evenflow,Multi-brand,Mumbai,5000000.0,Series A,startup_funding_2025
Wendor,Smart Vending,Delhi,2500000.0,Seed Funding,startup_funding_2025
Stance Health,Healthtech,Bengaluru,1000000.0,Pre-Seed,startup_funding_2025
The Bear House,D2C Menswear,Bengaluru,6000000.0,Series A,startup_funding_2025
DeCharge,EV Charging Solutions,Hyderabad,2500000.0,Seed Funding,startup_funding_2025
YatriKart,Transit Retail,Indore,,Series A,startup_funding_2025
Argos Watches,Luxury watch brand,Surat,780000.0,Angel Funding Round,startup_funding_2025
Better Nutrition,Biofortified food brand,Lucknow,1200000.0,Seed Funding,startup_funding_2025
InnerGize,D2C mental health tech,Mumbai,540000.0,Pre-Seed,startup_funding_2025
Infinity Fincorp,NBFC,Mumbai,40000000.0,Series A,startup_funding_2025
Fur Jaden,Luggage and lifestyle brand,Mumbai,1100000.0,Pre-Series A,startup_funding_2025
Flipkart Internet,Marketplace,Bengaluru,360000.0,-,startup_funding_2025
Pratilipi,Storytelling App,Bengaluru,20000000.0,Series E Round,startup_funding_2025
RapidClaims,AI Revenue Cycle Management,Akola,11000000.0,"Series A, Seed Round",startup_funding_2025
FurtherAI,AI Assistants,US,5000000.0,Funding Round,startup_funding_2025
Sweet Karam Coffee,Foods and Beverages,Chennai,8000000.0,Series A,startup_funding_2025
Scapia,Travel fintech,Bengaluru,40000000.0,Series B,startup_funding_2025
Perkant Tech,Healthtech,Vishakhapatnam,792000.0,Seed Funding,startup_funding_2025
DriverShaab,B2B mobility solutions provider,Patna,336000.0,Pre-Series A,startup_funding_2025
Tonbo Imaging,Defence tech,Bengaluru,21000000.0,Series D pre-IPO funding round,startup_funding_2025
Aerem Solutions Private Limited,Solartech,Mumbai,12000000.0,Funding Round,startup_funding_2025
Alienkind,Juice Brand,Bengaluru,1200000.0,Seed Funding,startup_funding_2025
Alienkind,Juice Brand,Bengaluru,1200000.0,Seed Funding,startup_funding_2025
Nexthop AI,AI,US,110000000.0,Funding Round,startup_funding_2025
Abound,Finance,US,14000000.0,Seed Funding,startup_funding_2025
smallcase,Online investment platform,Bengaluru,50000000.0,Series D,startup_funding_2025
Country Delight,Dairy products brand,Gurugram,25000000.0,Equity Round,startup_funding_2025
Apna Mart,FMCG Chain,Bengaluru,25680000.0,Equity and Funding Round,startup_funding_2025
DCDC Kidney Care,Health Service,New Delhi,18000000.0,-,startup_funding_2025
Curefoods,Cloud Kitchen,Bengaluru,6600000.0,-,startup_funding_2025
Curefoods,Cloud Kitchen,Bengaluru,6600000.0,-,startup_funding_2025
SHOEGR,Shoe care,Chandigarh,100000.0,Pre-Seed Round,startup_funding_2025
Otipy,Agritech,Gurgaon,2000000.0,Venture Debt,startup_funding_2025
Slikk Club,Fashion Delivery,Bengaluru,3200000.0,Seed Round,startup_funding_2025
Protectt.ai,Mobile App Security,Gurgaon,76000000.0,Series A,startup_funding_2025
Nivara Home Finance,Housing loan,Bengaluru,,Series B,startup_funding_2025
Pilgrim,D2C Beauty Brand,Bengaluru,,Mix of Primary and Secondary Funding,startup_funding_2025
Chai Kings,Chai Retail,Chennai,3000000.0,Series A,startup_funding_2025
Qila Games,Gaming,Bengaluru,1000000.0,Pre-seed Funding,startup_funding_2025
Lighthouse PropTech,PropTech,Mumbai,2500000.0,Funding Round,startup_funding_2025
Iyaso,Speech Therapy,Pune,500000.0,Pre-Seed Funding,startup_funding_2025
My Pahadi Dukan,D2C Wellness,Jalandhar,,Pre-Seed Funding,startup_funding_2025
Navadhan,Fintech,Mumbai,13320000.0,Series A,startup_funding_2025
Asper.ai,AI-powered supply chain,Bengaluru,20000000.0,-,startup_funding_2025
Everhope Oncology,Healthcare,Delhi and Mumbai,10000000.0,Seed Funding,startup_funding_2025
Harvested Robotics,AI,Hyderabad,600000.0,Seed Round,startup_funding_2025
Broadway,D2C,Mumbai,,Strategic Investment,startup_funding_2025
Nourish You,Plant-based Nutrition,Hyderabad,1920000.0,Series A,startup_funding_2025
iHub Robotics,Humanoid robotics,Ernakulam,516000.0,Pre-Seed Funding,startup_funding_2025
Hypergro.ai,AI,Bengaluru,840000.0,Pre-Series A,startup_funding_2025
GoOAT,D2C nutrition,Gurugram,,Pre-Seed Round,startup_funding_2025
Go Zero,Ice Cream,Mumbai,3600000.0,Series A,startup_funding_2025
Yummy Bee,Café chain,Hyderabad,2160000.0,Funding,startup_funding_2025
Yummy Bee,Café chain,Hyderabad,2160000.0,Funding,startup_funding_2025
Zolve,Cross-border NeoBank,Bengaluru,251000000.0,Series B,startup_funding_2025
Scimplify,Chemicals Startup,Bengaluru,40000000.0,Series B,startup_funding_2025
Purple Style Labs,Omnichannel Luxury Fashion,Mumbai,40000000.0,Series E,startup_funding_2025
AmpereHour Energy,Energy Storage,Pune,5000000.0,Series A,startup_funding_2025
goSTOPS,Backpacker Hostel,New Delhi,4200000.0,Series A,startup_funding_2025
goSTOPS,Backpacker Hostel,New Delhi,4200000.0,Series A,startup_funding_2025
indē wild,Ayurvedic Skincare,Mumbai,5000000.0,Seed Round,startup_funding_2025
Zuppa,Drone Manufacturing,Chennai,,Strategic Investment,startup_funding_2025
Swish,Food Delivery,Bengaluru,14000000.0,Series A,startup_funding_2025
Gainhub.Ai,,Haryana,100000.0,Pre-Series,startup_funding_2025
MapMyCrop,Agritech,Pune,,Seed Funding,startup_funding_2025
MaxIQ (formerly Gyaan AI),AI,Bengaluru,7800000.0,Seed Funding,startup_funding_2025
Phot.AI,AI,Gurugram,2700000.0,Seed Funding,startup_funding_2025
InsuranceDekho,Insurtech,Gurugram,70000000.0,Funding Round,startup_funding_2025
Beacon.li,AI,San Fracisco,7000000.0,Series A,startup_funding_2025
Darwinbox,HR technology,Mumbai,140000000.0,Undisclosed Round,startup_funding_2025
Nuuk,D2C home appliances,Gurugram,5000000.0,Series A,startup_funding_2025
Nuuk,D2C home appliances,Gurugram,5000000.0,Series A,startup_funding_2025
Geniemode,B2B Cross-Border E-commerce,Gurugram,50000000.0,Series C,startup_funding_2025
Bridgetown Research,SaaS - Research Analytics,Bengaluru,19000000.0,Funding Round,startup_funding_2025
Oxyzo,Fintech - NBFC Lending,Gurugram,12000000.0,Debt Funding,startup_funding_2025
Quick Clean,Linen Management - SaaS,Gurugram,6000000.0,Series A + Debt Funding,startup_funding_2025
Dr. Reddy’s Laboratories,Pharmaceutical Company,Hyderabad,3600000.0,Strategic Investment,startup_funding_2025
FanTV,Content - Blockchain/Sui Network,Noida,3000000.0,Strategic Investment,startup_funding_2025
Vidyut,EV Full-Stack Platform,Bengaluru,2500000.0,Funding Round,startup_funding_2025
HiWiPay,Fintech - Cross-border Payments,Mumbai,2000000.0,Seed Round,startup_funding_2025
Technodysis,IT - Cloud & DevOps Solutions,Bengaluru,1200000.0,Debt Funding,startup_funding_2025
Sisir Radar,Spacetech - SAR Satellite Imaging,Kolkata,1500000.0,Seed Round,startup_funding_2025
Jobizo,HRTech - Healthcare Staffing Solutions,Gurugram,1400000.0,Pre-Series Funding,startup_funding_2025
Astrogate Labs,Spacetech - Satellite Communications,Bengaluru,1300000.0,Pre-Series Funding,startup_funding_2025
Triple Tap Games,Gaming - Game Development,Mumbai,1200000.0,Pre-Seed Round,startup_funding_2025
Dodo Payments,Fintech - Payments Infrastructure,Bengaluru,1100000.0,Pre-Seed Round,startup_funding_2025
Ritualistic,Home Decor - D2C Brand,Gurugram,1000000.0,Secondary + Primary Funding,startup_funding_2025
Earthful,Plant-Based Nutrition - D2C Wellness,Hyderabad,600000.0,Seed Round,startup_funding_2025
Pickkup,Logistics - Hyperlocal Deliveries,Gurugram,500000.0,Seed Round,startup_funding_2025
Make in Box,Deeptech - Engineering Solutions,Gurugram,260000.0,Pre-Series Funding,startup_funding_2025
Make in Box,Deeptech - Engineering Solutions,Gurugram,260000.0,Pre-Series Funding,startup_funding_2025
Lightstorm,Cloud & Data Centre Networking,Gurugram,84000000.0,Funding Round,startup_funding_2025
Udaan,B2B E-commerce,Bengaluru,75000000.0,Series G,startup_funding_2025
Waterfield Advisors,Wealth Advisory - Fintech,Mumbai,18000000.0,Funding Round,startup_funding_2025
Spyne,AI-Powered Visual Merchandising - AutoTech,Gurugram,16000000.0,Series A,startup_funding_2025
The Whole Truth,Clean Label Health Food - D2C,Mumbai,15000000.0,Series C,startup_funding_2025
Singulr AI,Enterprise AI Solutions,Bengaluru,10000000.0,Seed Round,startup_funding_2025
Dogsee Chew,D2C Pet Treats,Bengaluru,8000000.0,Series B,startup_funding_2025
Rare Rabbit,Omnichannel Fashion Retailer,Bengaluru,6000000.0,Growth Funding,startup_funding_2025
Ikonz Studios,Digital Avatars & Holography - AI/VR,Hyderabad,5000000.0,Pre-Series A,startup_funding_2025
Probus Smart Things,IoT & Data Analytics,Noida,5000000.0,Series A1,startup_funding_2025
Swish Club,Devices-as-a-Service - DaaS,Bengaluru,4500000.0,Pre-Series A,startup_funding_2025
OneTab AI,Workplace SaaS - AI Solutions,Indore,3300000.0,Seed Round,startup_funding_2025
Almonds Ai,Loyalty & Rewards Platform - SaaS,Gurugram,1920000.0,Seed Round,startup_funding_2025
NOTO Ice Cream,D2C - Health Foods,Mumbai,1800000.0,Growth Funding,startup_funding_2025
Dynolt Technologies,Deeptech - AI & Analytics,Bengaluru,1700000.0,Seed Round,startup_funding_2025
You Care Lifestyle,Independent Verification - E-commerce,Mumbai,1000000.0,Funding Round,startup_funding_2025
Healthfab,D2C - Reusable Period Panties,Bengaluru,1000000.0,Pre-Series A,startup_funding_2025
BYTES,AI-Powered ADAS for Two-Wheelers - MobilityTech,Pune,,Grant,startup_funding_2025
BYTES,AI-Powered ADAS for Two-Wheelers - MobilityTech,Pune,,Grant,startup_funding_2025
EnCharge AI,AI Chips - Semiconductor,California,100000000.0,Series B,startup_funding_2025
ToneTag,Digital Payments - Fintech,Bengaluru,78000000.0,Funding Round,startup_funding_2025
SpotDraft,Contract Lifecycle Management - CLM SaaS,Bengaluru,54000000.0,Series B,startup_funding_2025
Zeta,Banking Tech - Fintech SaaS,Hyderabad,50000000.0,Investment Round (Valued at $2B),startup_funding_2025
75F,Commercial HVAC Automation - IoT & AI,Bengaluru,45000000.0,Series B,startup_funding_2025
Rapido,Mobility - Bike Taxi Services,Bengaluru,30000000.0,Series E,startup_funding_2025
JQR,Affordable Footwear - D2C,Bahadurgarh,25000000.0,VC Funding (First Institutional),startup_funding_2025
Lucidity,Multi-Cloud Storage - SaaS,Bengaluru,21000000.0,Series A,startup_funding_2025
The Whole Truth,D2C Protein Bars - Foodtech,Mumbai,15960000.0,Series C,startup_funding_2025
Nirmata,SaaS - Cloud Security,Bengaluru,9600000.0,Funding Round,startup_funding_2025
BorderPlus,Global Workforce Mobility,Mumbai,7000000.0,Institutional Investment Round,startup_funding_2025
Bold Care,D2C Sexual Wellness - Healthtech,Mumbai,5000000.0,Series A,startup_funding_2025
CapGrid Solutions,B2B Manufacturing - Supply Chain SaaS,Gurugram,5000000.0,Funding Round,startup_funding_2025
Nivaan Care,Chronic Pain Management - Healthtech,Delhi,4250000.0,Seed Round,startup_funding_2025
Toonsutra,Webtoon & Comics - MediaTech,Bengaluru,3200000.0,Seed Round,startup_funding_2025
Mysa,Unified Finance - Fintech SaaS,Bengaluru,2800000.0,Seed Round,startup_funding_2025
Eduvanz,Education Loan - Fintech,Mumbai,3062400.0,Bridge Funding Round,startup_funding_2025
ArthAlpha,Investment Tech - Wealthtech,Bengaluru,2000000.0,Seed Round,startup_funding_2025
Anscer Robotics,Deeptech - Robotics,Bengaluru,2000000.0,Seed Round,startup_funding_2025
The Energy Company,EV Battery Solutions,Bengaluru,2000000.0,Pre-Series A,startup_funding_2025
Future AGI,AI Infrastructure,Bengaluru,1600000.0,Pre-Seed Round,startup_funding_2025
Cogniquest,Intelligent Document Processing - SaaS AI,Bengaluru,1200000.0,Seed Round,startup_funding_2025
Raincheck Earth Co.,Alcoholic Beverage - D2C,Delhi,1200000.0,Pre-Series A,startup_funding_2025
Rupeeflo,Fintech - Lending Platform,Bengaluru,1000000.0,Pre-Seed Round,startup_funding_2025
GoRally,Pickleball Chain - Sports,Bengaluru,792000.0,Pre-Seed Round,startup_funding_2025
StepOut,Sports Tech - Performance Analysis,Bengaluru,500000.0,Seed Round,startup_funding_2025
LegUp,Caregiving Tech - Family & Wellness,Washington,240000.0,Pre-Seed Round,startup_funding_2025
Croft Beverages,Sustainable Tea - AgriTech D2C,Coimbatore,125000.0,Pre-Seed Round,startup_funding_2025
Croft Beverages,Sustainable Tea - AgriTech D2C,Coimbatore,125000.0,Pre-Seed Round,startup_funding_2025
Myntra,E-commerce - Fashion,Bengaluru,81000000.0,Capital Infusion,startup_funding_2025
Captain Fresh,Seafood Supply Chain,Bengaluru,30000000.0,Pre-IPO Funding Round,startup_funding_2025
TrueFoundry,AI Deployment & Scaling,Bengaluru,19000000.0,Series A,startup_funding_2025
Cognida.ai,Enterprise AI Solutions,Hyderabad,15000000.0,Series A,startup_funding_2025
HairOriginals,D2C Hair Extensions & Wigs,Gurugram,5220000.0,Series A,startup_funding_2025
Nua,Women’s Wellness & Hygiene,Mumbai,4200000.0,Pre-Series C,startup_funding_2025
Scentials,D2C Wellness,Mumbai,4152000.0,Debt & Equity,startup_funding_2025
Dreamfly Innovations,Battery Tech,Bengaluru,1440000.0,Seed Round,startup_funding_2025
Mealawe,Foodtech,Pune,1000000.0,Funding Round,startup_funding_2025
Fitspire,Health & Nutrition,Delhi,1000000.0,Bridge Round (Pre-Series A),startup_funding_2025
Quicklend,Secured Lending,Bengaluru,810000.0,Pre-Seed Round,startup_funding_2025
Babynama,Digital Pediatric Care,New Delhi,700000.0,Seed Round,startup_funding_2025
Presage Insights,IoT & AI Predictive Maintenance,Faridabad,672000.0,Seed Round,startup_funding_2025
PlaySuper,Gaming Commerce,Gurugram,500000.0,Seed Round,startup_funding_2025
Origamis AI,GenAI Startup,Bengaluru,500000.0,Seed Round,startup_funding_2025
Astra Security,Cybersecurity,New Delhi,2700000.0,Funding Round,startup_funding_2025
Vahan.ai,AI Hiring Platform,Bengaluru,,Strategic Investment,startup_funding_2025
BonV Aero,Drone Manufacturing,Bhubaneswar,,Funding Round,startup_funding_2025
COLUXE,Lab-grown Diamonds - LGD Brand,New Delhi,,Angel Round,startup_funding_2025
COLUXE,Lab-grown Diamonds - LGD Brand,New Delhi,,Angel Round,startup_funding_2025
Meesho,E-commerce,Bengaluru,500000000.0,Funding Round,startup_funding_2025
Leap,Edtech - Student Mobility,Bengaluru,65000000.0,Primary and Secondary Equity,startup_funding_2025
Atomicwork,B2B SaaS,Bengaluru,25000000.0,Series A,startup_funding_2025
SuperOps,IT Management SaaS,Chennai,25000000.0,Series C,startup_funding_2025
Innov8,Coworking,New Delhi,13200000.0,Primary Funding Round,startup_funding_2025
Geri Care Health Services,Senior Healthcare,Chennai,13200000.0,Funding Round,startup_funding_2025
Emiza,Logistics,Mumbai,12000000.0,Series C,startup_funding_2025
VoltUp,EV Infrastructure,Pune,8000000.0,Seed Round,startup_funding_2025
Astrome Technologies,Telecom - E-band Solutions,Bengaluru,10000000.0,Funding Round,startup_funding_2025
Ambak,Fintech,Gurugram,7000000.0,Seed & Pre-Series A,startup_funding_2025
GrowXCD Finance,NBFC - MSME Lending,Chennai,6000000.0,Equity Funding,startup_funding_2025
Whizzo,Materials Science Manufacturing,Bengaluru,4200000.0,Seed Round,startup_funding_2025
Bizloan,NBFC - SME Lending,Gurugram,4200000.0,Series A,startup_funding_2025
Salad Days,D2C Food,Gurugram,3600000.0,Series A,startup_funding_2025
CHK,D2C Footwear,Bengaluru,2500000.0,Funding Round,startup_funding_2025
MetaShot,Gaming - Console,Bengaluru,1320000.0,Equity & Debt,startup_funding_2025
Sammmm,Teen Self-care Brand,Mumbai,1200000.0,Seed Round,startup_funding_2025
Origin Fresh,Fresh Produce D2C,Bengaluru,1000000.0,Pre-Seed Round,startup_funding_2025
Shoppin,Fashion Search Engine,India,1000000.0,Funding Round,startup_funding_2025
ThinkMetal,Deeptech - Manufacturing,Chennai,800000.0,Pre-Series A,startup_funding_2025
Utsav,Spiritual & Devotion Platform,Kolkata,762000.0,Funding Round,startup_funding_2025
MedMitra AI,Healthtech - AI-driven Solutions,Jaipur,360000.0,Funding Round,startup_funding_2025
Dressfolk,D2C Handloom Clothing,New Delhi,,Funding Round,startup_funding_2025
Dressfolk,D2C Handloom Clothing,New Delhi,,Funding Round,startup_funding_2025
Infra.Market,Construction Materials,Mumbai,121000000.0,Funding Round,startup_funding_2025
Nazara Technologies,Gaming & Media,Mumbai,59400000.0,Funding Round,startup_funding_2025
Ati Motors,Industrial Robotics,Bengaluru,20000000.0,Series B,startup_funding_2025
Aris Infra Solutions,Tech-enabled Procurement,Mumbai,9600000.0,Pre-IPO Round,startup_funding_2025
Deconstruct,D2C Skincare,Bengaluru,7800000.0,Funding Round,startup_funding_2025
VuNet Systems,Business Observability,Bengaluru,7200000.0,Series B,startup_funding_2025
Medusa Beverages,Beer Manufacturing,Delhi,6720000.0,Series A,startup_funding_2025
Snabbit,Quick Service App,Bengaluru,5500000.0,Series A,startup_funding_2025
Landeed,Property Title Search Engine,Hyderabad,5000000.0,Series X,startup_funding_2025
KisanKonnect,D2C Food Brand,Mumbai,4500000.0,Series A,startup_funding_2025
BPR Hub,Compliance for Manufacturers,California,2600000.0,Seed Round,startup_funding_2025
Pipeshift,AI Infrastructure,San Francisco,2500000.0,Seed Round,startup_funding_2025
Zeelab Pharmacy,Healthcare,Delhi,2400000.0,Maiden Funding Round,startup_funding_2025
ProcureYard,B2B Raw Materials,Haryana,1720000.0,Seed Round,startup_funding_2025
Workie,Office Space Management,Indore,1560000.0,Equity Round,startup_funding_2025
Cancrie,Nanocarbon Materials,Jaipur,1200000.0,Seed Round,startup_funding_2025
Raaz App,Healthcare,Bengaluru,1000000.0,Funding Round,startup_funding_2025
Postudio,Post-Production SaaS,Mumbai,1000000.0,Pre-Seed Round,startup_funding_2025
Chelvies Coffee,Coffee & Dining Brand,Noida,1000000.0,Pre-Series A,startup_funding_2025
Krvvy,D2C Lingerie & Shapewear,Noida,732000.0,Pre-Seed Round,startup_funding_2025
Prantae Solutions,Deep Tech,Bhubaneswar,600000.0,Seed Round,startup_funding_2025
Exsure,Biotech,Bhubaneswar,360000.0,Seed Round,startup_funding_2025
Dream Aerospace,Aerospace & Defense,Chennai,360000.0,Pre-Seed Round,startup_funding_2025
SVASTEK,Medtech,New Delhi,240000.0,Seed Round,startup_funding_2025
JoySpoon,Mouth Freshener,Ahmedabad,,Seed Round,startup_funding_2025
JoySpoon,Mouth Freshener,Ahmedabad,,Seed Round,startup_funding_2025
Aragen,Contract R&D and Manufacturing,Hyderabad,100000000.0,Investment Round,startup_funding_2025
Netradyne,AI & Edge Computing SaaS,Bengaluru,90000000.0,Series D,startup_funding_2025
WeWork India,Flexible Workspace,Bengaluru,60000000.0,Rights Issue,startup_funding_2025
Foxtale,D2C Skincare,Mumbai,30000000.0,Funding Round,startup_funding_2025
Ecozen,Climate-Focused Deeptech,Pune,23000000.0,Debt Round,startup_funding_2025
BGauss,Electric Two-Wheeler Manufacturing,Pune,19320000.0,Funding Round,startup_funding_2025
MicroMitti,Proptech,Indore,10800000.0,Funding Round,startup_funding_2025
Sarla Aviation,Aerospace & Electric Flying Taxis,Bengaluru,10000000.0,Funding Round,startup_funding_2025
Skor Technologies,Credit & Financial Services,Bengaluru,6200000.0,Pre-Series A,startup_funding_2025
AstroSure.ai,Astro-Tech,Chennai,6000000.0,Seed Round,startup_funding_2025
Emiza Supply Chain Services,Logistics & Warehousing,Mumbai,6000000.0,Funding Round,startup_funding_2025
Eccentric,Automotive 3D Tech,Mumbai,5000000.0,Pre-Series A,startup_funding_2025
WeVOIS,Waste Management,Jaipur,4320000.0,Series A,startup_funding_2025
Boba Bhai,QSR - Bubble Tea,Bengaluru,3600000.0,Funding Round,startup_funding_2025
Constelli,Defense Tech,Hyderabad,3000000.0,Pre-Series A,startup_funding_2025
Fambo,Foodtech,Noida,2520000.0,Pre-Series A,startup_funding_2025
TyrePlex,B2B Tyre Marketplace,New Delhi,2400000.0,Funding Round,startup_funding_2025
Zerocircle,Biotech - Seaweed Alternatives,Pune,2400000.0,Funding Round,startup_funding_2025
KisaanSay,Food Brand,Gurugram,2000000.0,Pre-Seed Round,startup_funding_2025
ErlySign,Healthtech,Nagpur,1920000.0,Pre-Series A,startup_funding_2025
OrbitAID,Spacetech,Bengaluru,1500000.0,Pre-Seed Round,startup_funding_2025
GreenStitch,Climate Tech - Fashion,Bengaluru,1200000.0,Seed Round,startup_funding_2025
ParkMate,Parking Management,Noida,1200000.0,Funding Round,startup_funding_2025
RePut.ai,Supply Chain Solutions,Bengaluru,1000000.0,Pre-Seed Funding,startup_funding_2025
Quash,AI Startup,Delhi,635000.0,Pre-Seed Funding,startup_funding_2025
House of Chikankari,D2C Ethnic Wear,New Delhi,480000.0,Seed Round,startup_funding_2025
Tractor Factory,Agritech,Hoshiarpur,480000.0,Pre-Seed Round,startup_funding_2025
Sukoon Unlimited,Agetech,Bengaluru,430000.0,Pre-Seed Round,startup_funding_2025
Indiyanet,Commercial Mobility,Bhubaneswar,,Pre-Seed Funding,startup_funding_2025
Indiyanet,Commercial Mobility,Bhubaneswar,,Pre-Seed Funding,startup_funding_2025
Innovaccer Inc.,Healthcare AI,Bengaluru,275000000.0,Series F (Primary & Secondary),startup_funding_2025
Oyo,Hospitality,Gurugram,66000000.0,Funding Round,startup_funding_2025
Infinity Fincorp Solutions,NBFC,Mumbai,35000000.0,Funding Round,startup_funding_2025
Botanic Healthcare,Nutraceutical,Hyderabad,30000000.0,Equity Financing,startup_funding_2025
Waycool,B2B Food & Agritech,Chennai,13200000.0,Debt Round,startup_funding_2025
GrayQuest,Edtech/Fintech,Mumbai,9600000.0,Series B (Equity),startup_funding_2025
Vehant Technologies,Security & Surveillance,Noida,9000000.0,Mezzanine Round,startup_funding_2025
Mintoak,SaaS,Mumbai,8520000.0,Secondary Funding,startup_funding_2025
Beyond Snack,Banana Chips Brand,Alappuzha,8300000.000000001,Series A,startup_funding_2025
Emo Energy,Energy Tech,Bengaluru,6200000.0,Equity Funding,startup_funding_2025
Oben Electric,EV Manufacturing,Bengaluru,6000000.0,Series A,startup_funding_2025
RAS,Luxury Skincare,Raipur,5000000.0,Series A,startup_funding_2025
BrainSight AI,Deep-tech Neuroscience,Bengaluru,5000000.0,Pre-Series A,startup_funding_2025
hBits,Commercial Real Estate,Mumbai,4800000.0,Series A,startup_funding_2025
Zoplar,Medical Equipment Procurement,Gurugram,3400000.0,Series A,startup_funding_2025
Moonrider,Electric Tractor Tech,Bengaluru,264000.0,Seed Round,startup_funding_2025
Consint.AI,Healthtech,Noida,600000.0,Funding Round,startup_funding_2025
NapTapGo,Affordable Hospitality,Noida,120000.0,Equity Funding,startup_funding_2025
KIBI Sports,Sports Tech,Bengaluru,100000.0,Pre-Seed Funding,startup_funding_2025
Startup_001,Cybersecurity,Maharashtra,20300000.0,Series A,indian_startup_funding
Startup_002,E-commerce,Maharashtra,12200000.0,Pre-Series A,indian_startup_funding
Startup_003,AgriTech,Gujarat,8300000.0,Seed,indian_startup_funding
Startup_004,EdTech,Telangana,43800000.0,Series C,indian_startup_funding
Startup_005,EdTech,Rajasthan,36800000.0,Pre-Series A,indian_startup_funding
Startup_006,SaaS,Gujarat,16800000.0,Series C,indian_startup_funding
Startup_007,Logistics,Gujarat,38100000.0,Series A,indian_startup_funding
Startup_008,E-commerce,Rajasthan,11800000.0,Series C,indian_startup_funding
Startup_009,E-commerce,Gujarat,6200000.0,Pre-Series A,indian_startup_funding
Startup_010,FinTech,Uttar Pradesh,900000.0,Series A,indian_startup_funding
Startup_011,SaaS,Delhi,3200000.0,Series A,indian_startup_funding
Startup_012,E-commerce,Maharashtra,24900000.0,Series A,indian_startup_funding
Startup_013,AI,Telangana,24500000.0,Pre-Series A,indian_startup_funding
Startup_014,SaaS,West Bengal,6900000.0,Series A,indian_startup_funding
Startup_015,CleanTech,Telangana,30100000.0,Series B,indian_startup_funding
Startup_016,CleanTech,Maharashtra,22900000.0,Series C,indian_startup_funding
Startup_017,HealthTech,Delhi,4000000.0,Series A,indian_startup_funding
Startup_018,AgriTech,West Bengal,19900000.0,Series C,indian_startup_funding
Startup_019,HealthTech,West Bengal,40200000.0,Series B,indian_startup_funding
Startup_020,FinTech,Uttar Pradesh,2300000.0,Series A,indian_startup_funding
Startup_021,Logistics,Karnataka,5800000.0,Seed,indian_startup_funding
Startup_022,EdTech,Delhi,39600000.0,Series A,indian_startup_funding
Startup_023,E-commerce,Maharashtra,41900000.0,Series A,indian_startup_funding
Startup_024,FinTech,Gujarat,37200000.0,Series B,indian_startup_funding
Startup_025,HealthTech,West Bengal,16300000.0,Series C,indian_startup_funding
Startup_026,AI,Rajasthan,13400000.0,Series C,indian_startup_funding
Startup_027,AI,Telangana,3000000.0,Series B,indian_startup_funding
Startup_028,Cybersecurity,Maharashtra,12800000.0,Seed,indian_startup_funding
Startup_029,SaaS,Rajasthan,16700000.0,Pre-Series A,indian_startup_funding
Startup_030,AI,West Bengal,6300000.0,Pre-Series A,indian_startup_funding
Startup_031,E-commerce,Delhi,14100000.0,Seed,indian_startup_funding
Startup_032,Cybersecurity,Maharashtra,42600000.0,Pre-Series A,indian_startup_funding
Startup_033,AgriTech,Delhi,31000000.0,Seed,indian_startup_funding
Startup_034,FinTech,Delhi,48000000.0,Pre-Series A,indian_startup_funding
Startup_035,Cybersecurity,Rajasthan,20800000.0,Series B,indian_startup_funding
Startup_036,EdTech,Rajasthan,45900000.0,Seed,indian_startup_funding
Startup_037,E-commerce,Delhi,1300000.0,Series A,indian_startup_funding
Startup_038,Logistics,Karnataka,12000000.0,Seed,indian_startup_funding
Startup_039,HealthTech,Karnataka,37600000.0,Seed,indian_startup_funding
Startup_040,E-commerce,Uttar Pradesh,42300000.0,Series C,indian_startup_funding
Startup_041,E-commerce,Tamil Nadu,39700000.0,Series A,indian_startup_funding
Startup_042,Cybersecurity,Tamil Nadu,42100000.0,Series B,indian_startup_funding
Startup_043,EdTech,Maharashtra,1000000.0,Series C,indian_startup_funding
Startup_044,CleanTech,Delhi,40200000.0,Series B,indian_startup_funding
Startup_045,HealthTech,Maharashtra,11100000.0,Series C,indian_startup_funding
Startup_046,Cybersecurity,Tamil Nadu,23600000.0,Series A,indian_startup_funding
Startup_047,HealthTech,Karnataka,38400000.0,Series C,indian_startup_funding
Startup_048,SaaS,West Bengal,14300000.0,Series C,indian_startup_funding
Startup_049,HealthTech,Maharashtra,29400000.0,Series B,indian_startup_funding
Startup_050,EdTech,Tamil Nadu,38000000.0,Series A,indian_startup_funding
Startup_051,CleanTech,Telangana,43400000.0,Series B,indian_startup_funding
Startup_052,EdTech,Gujarat,8100000.0,Series A,indian_startup_funding
Startup_053,AI,Maharashtra,19100000.0,Pre-Series A,indian_startup_funding
Startup_054,Cybersecurity,Telangana,2900000.0,Seed,indian_startup_funding
Startup_055,CleanTech,West Bengal,7900000.0,Series C,indian_startup_funding
Startup_056,EdTech,Maharashtra,24900000.0,Seed,indian_startup_funding
Startup_057,Logistics,Karnataka,35100000.0,Series C,indian_startup_funding
Startup_058,E-commerce,Tamil Nadu,44400000.0,Series C,indian_startup_funding
Startup_059,E-commerce,Rajasthan,30100000.0,Pre-Series A,indian_startup_funding
Startup_060,E-commerce,Gujarat,34900000.0,Seed,indian_startup_funding
Startup_061,CleanTech,Karnataka,5600000.0,Series B,indian_startup_funding
Startup_062,EdTech,Maharashtra,40300000.0,Series A,indian_startup_funding
Startup_063,AgriTech,Gujarat,45800000.0,Seed,indian_startup_funding
Startup_064,CleanTech,Karnataka,37300000.0,Series C,indian_startup_funding
Startup_065,SaaS,Gujarat,35700000.0,Series B,indian_startup_funding
Startup_066,EdTech,Tamil Nadu,37000000.0,Series A,indian_startup_funding
Startup_067,AI,Delhi,44300000.0,Pre-Series A,indian_startup_funding
Startup_068,AI,Uttar Pradesh,25900000.0,Pre-Series A,indian_startup_funding
Startup_069,AgriTech,Maharashtra,24700000.0,Series B,indian_startup_funding
Startup_070,Cybersecurity,Telangana,29300000.0,Pre-Series A,indian_startup_funding
Startup_071,HealthTech,Delhi,28900000.0,Series A,indian_startup_funding
Startup_072,FinTech,Maharashtra,34800000.0,Series B,indian_startup_funding
Startup_073,Logistics,Gujarat,28600000.0,Series A,indian_startup_funding
Startup_074,Logistics,Karnataka,12700000.0,Seed,indian_startup_funding
Startup_075,Logistics,Telangana,38000000.0,Seed,indian_startup_funding
Startup_076,EdTech,Delhi,24100000.0,Series C,indian_startup_funding
Startup_077,FinTech,Rajasthan,40000000.0,Pre-Series A,indian_startup_funding
Startup_078,E-commerce,Maharashtra,28200000.0,Series C,indian_startup_funding
Startup_079,FinTech,West Bengal,48800000.0,Seed,indian_startup_funding
Startup_080,EdTech,Uttar Pradesh,5800000.0,Series B,indian_startup_funding
Startup_081,FinTech,Delhi,48400000.0,Seed,indian_startup_funding
Startup_082,AgriTech,Telangana,13200000.0,Seed,indian_startup_funding
Startup_083,HealthTech,Maharashtra,1900000.0,Series B,indian_startup_funding
Startup_084,Cybersecurity,Uttar Pradesh,21300000.0,Seed,indian_startup_funding
Startup_085,CleanTech,Maharashtra,1900000.0,Seed,indian_startup_funding
Startup_086,Cybersecurity,Delhi,24700000.0,Series A,indian_startup_funding
Startup_087,FinTech,Rajasthan,24400000.0,Series A,indian_startup_funding
Startup_088,AI,Delhi,48200000.0,Pre-Series A,indian_startup_funding
Startup_089,HealthTech,Gujarat,24000000.0,Series A,indian_startup_funding
Startup_090,E-commerce,Uttar Pradesh,16400000.0,Pre-Series A,indian_startup_funding
Startup_091,Cybersecurity,Uttar Pradesh,16500000.0,Series C,indian_startup_funding
Startup_092,Logistics,Maharashtra,1300000.0,Pre-Series A,indian_startup_funding
Startup_093,SaaS,Maharashtra,47600000.0,Pre-Series A,indian_startup_funding
Startup_094,CleanTech,Rajasthan,28600000.0,Series B,indian_startup_funding
Startup_095,FinTech,Gujarat,3900000.0,Series A,indian_startup_funding
Startup_096,CleanTech,Karnataka,18500000.0,Seed,indian_startup_funding
Startup_097,EdTech,Tamil Nadu,35300000.0,Seed,indian_startup_funding
Startup_098,FinTech,Tamil Nadu,34500000.0,Seed,indian_startup_funding
Startup_099,FinTech,Gujarat,13700000.0,Pre-Series A,indian_startup_funding
Startup_100,EdTech,Tamil Nadu,22800000.0,Series C,indian_startup_funding
Startup_101,SaaS,Karnataka,28200000.0,Series C,indian_startup_funding
Startup_102,EdTech,Gujarat,8700000.0,Series A,indian_startup_funding
Startup_103,FinTech,Rajasthan,48400000.0,Seed,indian_startup_funding
Startup_104,CleanTech,Maharashtra,6600000.0,Series B,indian_startup_funding
Startup_105,Cybersecurity,Rajasthan,28000000.0,Series B,indian_startup_funding
Startup_106,FinTech,Rajasthan,18300000.0,Series C,indian_startup_funding
Startup_107,AI,Karnataka,40400000.0,Series A,indian_startup_funding
Startup_108,CleanTech,Uttar Pradesh,1400000.0,Series C,indian_startup_funding
Startup_109,Cybersecurity,West Bengal,39200000.0,Series B,indian_startup_funding
Startup_110,E-commerce,West Bengal,6900000.0,Series A,indian_startup_funding
Startup_111,CleanTech,Rajasthan,5900000.0,Pre-Series A,indian_startup_funding
Startup_112,FinTech,Telangana,23800000.0,Seed,indian_startup_funding
Startup_113,EdTech,Karnataka,13500000.0,Series A,indian_startup_funding
Startup_114,CleanTech,Maharashtra,3100000.0,Series C,indian_startup_funding
Startup_115,Logistics,Gujarat,48400000.0,Seed,indian_startup_funding
Startup_116,E-commerce,Telangana,6500000.0,Series C,indian_startup_funding
Startup_117,AI,Maharashtra,39300000.0,Pre-Series A,indian_startup_funding
Startup_118,Cybersecurity,Telangana,27900000.0,Series C,indian_startup_funding
Startup_119,FinTech,Uttar Pradesh,11600000.0,Seed,indian_startup_funding
Startup_120,Cybersecurity,Karnataka,18700000.0,Series C,indian_startup_funding
Startup_121,SaaS,Tamil Nadu,300000.0,Seed,indian_startup_funding
Startup_122,AgriTech,Maharashtra,38800000.0,Seed,indian_startup_funding
Startup_123,FinTech,Delhi,47100000.0,Pre-Series A,indian_startup_funding
Startup_124,E-commerce,Rajasthan,12400000.0,Seed,indian_startup_funding
Startup_125,EdTech,Karnataka,42600000.0,Series A,indian_startup_funding
Startup_126,Logistics,Telangana,23700000.0,Series B,indian_startup_funding
Startup_127,CleanTech,West Bengal,5000000.0,Series B,indian_startup_funding
Startup_128,EdTech,Rajasthan,42300000.0,Pre-Series A,indian_startup_funding
Startup_129,CleanTech,Karnataka,4200000.0,Series C,indian_startup_funding
Startup_130,HealthTech,Delhi,17600000.0,Series A,indian_startup_funding
Startup_131,Logistics,Maharashtra,2400000.0,Series B,indian_startup_funding
Startup_132,EdTech,Delhi,38500000.0,Series B,indian_startup_funding
Startup_133,Logistics,Karnataka,25600000.0,Seed,indian_startup_funding
Startup_134,FinTech,Gujarat,45100000.0,Pre-Series A,indian_startup_funding
Startup_135,FinTech,Maharashtra,28400000.0,Seed,indian_startup_funding
Startup_136,AI,Telangana,14600000.0,Pre-Series A,indian_startup_funding
Startup_137,SaaS,Maharashtra,46100000.0,Pre-Series A,indian_startup_funding
Startup_138,EdTech,Gujarat,7600000.0,Series C,indian_startup_funding
Startup_139,EdTech,Tamil Nadu,13200000.0,Series B,indian_startup_funding
Startup_140,Logistics,Uttar Pradesh,3800000.0,Seed,indian_startup_funding
Startup_141,HealthTech,Karnataka,45300000.0,Seed,indian_startup_funding
Startup_142,E-commerce,Delhi,6900000.0,Series B,indian_startup_funding
Startup_143,CleanTech,Uttar Pradesh,9300000.0,Series C,indian_startup_funding
Startup_144,Logistics,Karnataka,29700000.0,Pre-Series A,indian_startup_funding
Startup_145,E-commerce,Maharashtra,26300000.0,Pre-Series A,indian_startup_funding
Startup_146,Logistics,Tamil Nadu,39900000.0,Series A,indian_startup_funding
Startup_147,EdTech,Telangana,19900000.0,Series C,indian_startup_funding
Startup_148,EdTech,Rajasthan,17000000.0,Seed,indian_startup_funding
Startup_149,Cybersecurity,Maharashtra,42300000.0,Series B,indian_startup_funding
Startup_150,CleanTech,Delhi,3900000.0,Series B,indian_startup_funding
Startup_151,FinTech,Maharashtra,30500000.0,Pre-Series A,indian_startup_funding
Startup_152,AgriTech,Gujarat,18300000.0,Series B,indian_startup_funding
Startup_153,AgriTech,Delhi,44000000.0,Seed,indian_startup_funding
Startup_154,SaaS,West Bengal,35600000.0,Series A,indian_startup_funding
Startup_155,Cybersecurity,Gujarat,38700000.0,Series C,indian_startup_funding
Startup_156,FinTech,Gujarat,5000000.0,Seed,indian_startup_funding
Startup_157,CleanTech,Delhi,9700000.0,Seed,indian_startup_funding
Startup_158,SaaS,Rajasthan,42800000.0,Series A,indian_startup_funding
Startup_159,SaaS,Gujarat,9300000.0,Series B,indian_startup_funding
Startup_160,Logistics,Karnataka,20800000.0,Seed,indian_startup_funding
Startup_161,CleanTech,Tamil Nadu,32700000.0,Pre-Series A,indian_startup_funding
Startup_162,AgriTech,Uttar Pradesh,41200000.0,Pre-Series A,indian_startup_funding
Startup_163,Cybersecurity,Delhi,14700000.0,Series C,indian_startup_funding
Startup_164,SaaS,Karnataka,38500000.0,Series C,indian_startup_funding
Startup_165,EdTech,Telangana,25500000.0,Seed,indian_startup_funding
Startup_166,HealthTech,Karnataka,30800000.0,Series A,indian_startup_funding
Startup_167,Logistics,Uttar Pradesh,47700000.0,Series B,indian_startup_funding
Startup_168,FinTech,Rajasthan,37800000.0,Series A,indian_startup_funding
Startup_169,Logistics,Gujarat,19600000.0,Series C,indian_startup_funding
Startup_170,AgriTech,Karnataka,25800000.0,Series A,indian_startup_funding
Startup_171,EdTech,Gujarat,47700000.0,Series C,indian_startup_funding
Startup_172,EdTech,West Bengal,40500000.0,Series C,indian_startup_funding
Startup_173,HealthTech,Uttar Pradesh,46900000.0,Seed,indian_startup_funding
Startup_174,AgriTech,Rajasthan,18700000.0,Series A,indian_startup_funding
Startup_175,EdTech,Telangana,17400000.0,Series A,indian_startup_funding
Startup_176,CleanTech,Rajasthan,22700000.0,Series A,indian_startup_funding
Startup_177,FinTech,Karnataka,28100000.0,Seed,indian_startup_funding
Startup_178,CleanTech,Tamil Nadu,40500000.0,Series C,indian_startup_funding
Startup_179,Cybersecurity,Maharashtra,17500000.0,Series C,indian_startup_funding
Startup_180,Logistics,Telangana,12500000.0,Seed,indian_startup_funding
Startup_181,E-commerce,Uttar Pradesh,11900000.0,Series C,indian_startup_funding
Startup_182,E-commerce,Gujarat,40500000.0,Seed,indian_startup_funding
Startup_183,SaaS,Karnataka,43000000.0,Pre-Series A,indian_startup_funding
Startup_184,EdTech,Karnataka,8900000.0,Series B,indian_startup_funding
Startup_185,HealthTech,Karnataka,48900000.0,Series A,indian_startup_funding
Startup_186,FinTech,Delhi,8500000.0,Seed,indian_startup_funding
Startup_187,CleanTech,Telangana,3300000.0,Pre-Series A,indian_startup_funding
Startup_188,SaaS,Delhi,18600000.0,Series A,indian_startup_funding
Startup_189,EdTech,Uttar Pradesh,38100000.0,Pre-Series A,indian_startup_funding
Startup_190,AI,Uttar Pradesh,2300000.0,Series A,indian_startup_funding
Startup_191,SaaS,Maharashtra,10200000.0,Pre-Series A,indian_startup_funding
Startup_192,EdTech,West Bengal,22600000.0,Pre-Series A,indian_startup_funding
Startup_193,E-commerce,Uttar Pradesh,36700000.0,Series A,indian_startup_funding
Startup_194,AI,Tamil Nadu,19300000.0,Seed,indian_startup_funding
Startup_195,AI,Gujarat,7000000.0,Seed,indian_startup_funding
Startup_196,HealthTech,West Bengal,38000000.0,Series A,indian_startup_funding
Startup_197,EdTech,Karnataka,21400000.0,Seed,indian_startup_funding
Startup_198,AI,Maharashtra,37000000.0,Series C,indian_startup_funding
Startup_199,HealthTech,Maharashtra,23600000.0,Series C,indian_startup_funding
Startup_200,Cybersecurity,Gujarat,32500000.0,Seed,indian_startup_funding
Startup_201,HealthTech,Gujarat,30000000.0,Series C,indian_startup_funding
Startup_202,E-commerce,Gujarat,9500000.0,Pre-Series A,indian_startup_funding
Startup_203,AgriTech,Maharashtra,15800000.0,Series B,indian_startup_funding
Startup_204,E-commerce,West Bengal,47200000.0,Series B,indian_startup_funding
Startup_205,E-commerce,Delhi,38400000.0,Series B,indian_startup_funding
Startup_206,SaaS,Gujarat,45000000.0,Series A,indian_startup_funding
Startup_207,Logistics,Maharashtra,300000.0,Pre-Series A,indian_startup_funding
Startup_208,FinTech,West Bengal,30000000.0,Pre-Series A,indian_startup_funding
Startup_209,Cybersecurity,Gujarat,49500000.0,Seed,indian_startup_funding
Startup_210,AI,Gujarat,27700000.0,Series A,indian_startup_funding
Startup_211,SaaS,Maharashtra,33800000.0,Series C,indian_startup_funding
Startup_212,AgriTech,Telangana,16500000.0,Series C,indian_startup_funding
Startup_213,E-commerce,Rajasthan,48200000.0,Series A,indian_startup_funding
Startup_214,FinTech,Maharashtra,8300000.0,Series C,indian_startup_funding
Startup_215,EdTech,Delhi,13700000.0,Series B,indian_startup_funding
Startup_216,SaaS,Rajasthan,27200000.0,Series B,indian_startup_funding
Startup_217,AI,Karnataka,8500000.0,Series A,indian_startup_funding
Startup_218,CleanTech,Uttar Pradesh,42700000.0,Series B,indian_startup_funding
Startup_219,HealthTech,Uttar Pradesh,13900000.0,Series B,indian_startup_funding
Startup_220,AgriTech,Maharashtra,26800000.0,Seed,indian_startup_funding
Startup_221,FinTech,Tamil Nadu,44500000.0,Series B,indian_startup_funding
Startup_222,CleanTech,Gujarat,10000000.0,Seed,indian_startup_funding
Startup_223,FinTech,West Bengal,44500000.0,Pre-Series A,indian_startup_funding
Startup_224,CleanTech,West Bengal,42900000.0,Series A,indian_startup_funding
Startup_225,CleanTech,Gujarat,28100000.0,Seed,indian_startup_funding
Startup_226,FinTech,Delhi,49100000.0,Pre-Series A,indian_startup_funding
Startup_227,CleanTech,Maharashtra,36600000.0,Series C,indian_startup_funding
Startup_228,Cybersecurity,Tamil Nadu,34500000.0,Pre-Series A,indian_startup_funding
Startup_229,Cybersecurity,Karnataka,4800000.0,Seed,indian_startup_funding
Startup_230,Cybersecurity,Delhi,34900000.0,Series A,indian_startup_funding
Startup_231,EdTech,Rajasthan,27200000.0,Series B,indian_startup_funding
Startup_232,Cybersecurity,Gujarat,18600000.0,Series C,indian_startup_funding
Startup_233,CleanTech,West Bengal,30400000.0,Series B,indian_startup_funding
Startup_234,E-commerce,Rajasthan,20600000.0,Series C,indian_startup_funding
Startup_235,AgriTech,Delhi,48100000.0,Seed,indian_startup_funding
Startup_236,AgriTech,Maharashtra,17400000.0,Pre-Series A,indian_startup_funding
Startup_237,CleanTech,Telangana,45400000.0,Seed,indian_startup_funding
Startup_238,EdTech,Telangana,22200000.0,Series A,indian_startup_funding
Startup_239,CleanTech,Tamil Nadu,29100000.0,Seed,indian_startup_funding
Startup_240,CleanTech,Rajasthan,34800000.0,Pre-Series A,indian_startup_funding
Startup_241,CleanTech,Gujarat,9100000.0,Pre-Series A,indian_startup_funding
Startup_242,AI,Delhi,700000.0,Pre-Series A,indian_startup_funding
Startup_243,CleanTech,Karnataka,32300000.0,Series B,indian_startup_funding
Startup_244,AI,Telangana,8700000.0,Series B,indian_startup_funding
Startup_245,AgriTech,Delhi,47700000.0,Seed,indian_startup_funding
Startup_246,CleanTech,Gujarat,35400000.0,Series B,indian_startup_funding
Startup_247,CleanTech,Telangana,35300000.0,Series B,indian_startup_funding
Startup_248,AgriTech,Delhi,2900000.0,Series A,indian_startup_funding
Startup_249,HealthTech,Karnataka,17900000.0,Series B,indian_startup_funding
Startup_250,AI,West Bengal,46700000.0,Pre-Series A,indian_startup_funding
Startup_251,CleanTech,Maharashtra,7400000.0,Series B,indian_startup_funding
Startup_252,SaaS,Uttar Pradesh,46000000.0,Series B,indian_startup_funding
Startup_253,HealthTech,Uttar Pradesh,5500000.0,Series A,indian_startup_funding
Startup_254,AgriTech,Telangana,100000.0,Series A,indian_startup_funding
Startup_255,Cybersecurity,Tamil Nadu,31200000.0,Seed,indian_startup_funding
Startup_256,FinTech,Delhi,7800000.0,Seed,indian_startup_funding
Startup_257,Logistics,Maharashtra,16100000.0,Seed,indian_startup_funding
Startup_258,Cybersecurity,Delhi,21300000.0,Series C,indian_startup_funding
Startup_259,CleanTech,Gujarat,36900000.0,Series C,indian_startup_funding
Startup_260,EdTech,Maharashtra,32000000.0,Pre-Series A,indian_startup_funding
Startup_261,Cybersecurity,Maharashtra,16900000.0,Series B,indian_startup_funding
Startup_262,CleanTech,Uttar Pradesh,49400000.0,Seed,indian_startup_funding
Startup_263,SaaS,Tamil Nadu,25500000.0,Pre-Series A,indian_startup_funding
Startup_264,E-commerce,West Bengal,45200000.0,Series A,indian_startup_funding
Startup_265,Logistics,West Bengal,39700000.0,Seed,indian_startup_funding
Startup_266,HealthTech,Tamil Nadu,26200000.0,Series A,indian_startup_funding
Startup_267,HealthTech,Delhi,34100000.0,Series C,indian_startup_funding
Startup_268,E-commerce,Uttar Pradesh,19700000.0,Series C,indian_startup_funding
Startup_269,E-commerce,Telangana,11900000.0,Seed,indian_startup_funding
Startup_270,FinTech,West Bengal,8200000.0,Series A,indian_startup_funding
Startup_271,SaaS,West Bengal,22500000.0,Series C,indian_startup_funding
Startup_272,EdTech,Maharashtra,14800000.0,Series B,indian_startup_funding
Startup_273,HealthTech,Uttar Pradesh,24200000.0,Series B,indian_startup_funding
Startup_274,E-commerce,Maharashtra,3900000.0,Series C,indian_startup_funding
Startup_275,FinTech,Gujarat,43100000.0,Series C,indian_startup_funding
Startup_276,Logistics,Uttar Pradesh,23000000.0,Series A,indian_startup_funding
Startup_277,Cybersecurity,Rajasthan,26000000.0,Series B,indian_startup_funding
Startup_278,Logistics,Gujarat,35400000.0,Series A,indian_startup_funding
Startup_279,EdTech,Delhi,1200000.0,Series B,indian_startup_funding
Startup_280,Cybersecurity,Maharashtra,15400000.0,Series A,indian_startup_funding
Startup_281,AgriTech,Gujarat,3700000.0,Series B,indian_startup_funding
Startup_282,SaaS,Maharashtra,6800000.0,Series C,indian_startup_funding
Startup_283,FinTech,Maharashtra,15800000.0,Series A,indian_startup_funding
Startup_284,FinTech,Tamil Nadu,37500000.0,Series A,indian_startup_funding
Startup_285,SaaS,Delhi,10100000.0,Series B,indian_startup_funding
Startup_286,E-commerce,West Bengal,25200000.0,Series A,indian_startup_funding
Startup_287,AgriTech,Karnataka,45200000.0,Seed,indian_startup_funding
Startup_288,EdTech,Maharashtra,5300000.0,Series B,indian_startup_funding
Startup_289,AI,Tamil Nadu,30700000.0,Pre-Series A,indian_startup_funding
Startup_290,Cybersecurity,Delhi,1200000.0,Pre-Series A,indian_startup_funding
Startup_291,EdTech,Tamil Nadu,4100000.0,Seed,indian_startup_funding
Startup_292,Cybersecurity,Tamil Nadu,42100000.0,Seed,indian_startup_funding
Startup_293,FinTech,Telangana,20500000.0,Pre-Series A,indian_startup_funding
Startup_294,EdTech,Tamil Nadu,36500000.0,Series A,indian_startup_funding
Startup_295,FinTech,Delhi,6100000.0,Series C,indian_startup_funding
Startup_296,SaaS,Rajasthan,47800000.0,Series B,indian_startup_funding
Startup_297,Cybersecurity,Karnataka,34000000.0,Series A,indian_startup_funding
Startup_298,FinTech,West Bengal,31800000.0,Pre-Series A,indian_startup_funding
Startup_299,FinTech,West Bengal,10500000.0,Series B,indian_startup_funding
Startup_300,AI,West Bengal,13200000.0,Series A,indian_startup_funding
EarthSync,"Energy, Analytics, Artificial Intelligence, B2B Software, Environment",India,1000000.0,Pre-Seed,recent_india_2026
4baseCare,"Healthcare, Artificial Intelligence, B2B Software, Biotechnology, Data",India,9803025.0,Series B,recent_india_2026
Cava Athleisure,"Fashion, Wellness, Consumer Goods, E-commerce, Fitness, Retail",India,4353085.0,Series A,recent_india_2026
JuniorGo,"Education, Finance, Personal Development",India,,Pre-Seed,recent_india_2026
Entellus Industries,"Materials, Automotive, Electronics, EV, Manufacturing",India,5446125.0,Seed,recent_india_2026
EZBillPay,"FinTech, Finance, B2B Software",India,,Pre-Seed,recent_india_2026
1Buy.AI,"B2B Software, Artificial Intelligence, Data, Hardware",India,3534664.0,Seed,recent_india_2026
MyRental,"Property Management, Home Services, Real Estate",India,,Pre-Seed,recent_india_2026
D-propulse Aerospace,"Aerospace, Government, Hardware, Manufacturing, Mechanical Engineering",India,2728575.0,Seed,recent_india_2026
ScrapUncle,"Home Services, B2C Software, Mobile",India,2396295.0,Seed,recent_india_2026
Easy Home Finance,"FinTech, Finance, Real Estate",India,30000000.0,Series C,recent_india_2026
The Stack,"Nutrition and Supplements, Wellness, Consumer Goods, Retail",India,600287.0,Pre-Seed,recent_india_2026
AquaAirX,"Drones, Artificial Intelligence, B2B Software, Cloud Computing, Hardware, Marine, Robotics",India,1357081.0,Seed,recent_india_2026
Biopeak,"Healthcare, Analytics, Artificial Intelligence, Biotechnology",India,2698912.0,Seed,recent_india_2026
Steadfast Business Consulting,"Accounting, Finance, Professional Services",India,,Seed,recent_india_2026
Mysa,"FinTech, Finance, Accounting, B2B Software",India,3400000.0,Seed,recent_india_2026
SpotDraft,"B2B Software, Legal",India,8000000.0,Series B,recent_india_2026
Nivaan Care,Healthcare,India,7000000.0,Series A,recent_india_2026
Varaha,"Agriculture, Environment",India,20000000.0,Series B,recent_india_2026
ZILO,"Fashion, E-commerce, Marketplace, Retail",India,15300000.0,Series A,recent_india_2026
Sippy Films,"Entertainment, Media",India,,Venture - Series Unknown,recent_india_2026
The Whole Truth,"Food and Beverage, Wellness, Consumer Goods, E-commerce, Nutrition and Supplements",India,51000000.0,Series D,recent_india_2026
OneStack,"FinTech, Finance, B2B Software",India,,Series A,recent_india_2026
Taasha Craft,"Retail, Consumer Goods, E-commerce, Fashion, Manufacturing",India,82941.0,Seed,recent_india_2026
NASH Industries,"Manufacturing, Hardware, Mechanical Engineering",India,,Private Equity,recent_india_2026
JS AutoCast,"Manufacturing, Automotive, Materials, Mechanical Engineering",India,32773634.0,Venture - Series Unknown,recent_india_2026
Good Monk,"Food and Beverage, Wellness, Consumer Goods, E-commerce, Nutrition and Supplements",India,3649396.0,Series A,recent_india_2026
Mefron Technologies,"Electronics, Hardware, Manufacturing",India,,Private Equity,recent_india_2026
Gamepoint India,"Sports, Wellness, Education, Fitness, Recreation",India,774248.0,Seed,recent_india_2026
Material Depot,"Artificial Intelligence, B2B Software, Home Services",India,10000000.0,Series A,recent_india_2026
Aditya Birla Housing Finance,"Finance, Real Estate",India,304527929.0,Private Equity,recent_india_2026
Neverinstall,"Cloud Computing, B2B Software, B2C Software",India,,Seed,recent_india_2026
EyeROV,"Drones, Artificial Intelligence, Analytics, B2B Software, Hardware, Marine, Robotics",India,1437641.0,Seed,recent_india_2026
Doodley,"Pets, Food and Beverage, Consumer Goods, Retail",India,2211755.0,Seed,recent_india_2026
CHINI KUM,"Food and Beverage, Consumer Goods, Wellness",India,110607.0,Pre-Seed,recent_india_2026
Jain Cord Industries,"Fashion, Consumer Goods, Manufacturing",India,22155179.0,Series A,recent_india_2026
Krvvy,"Fashion, Consumer Goods, E-commerce, Retail",India,132728.0,Seed,recent_india_2026
Curapod,"Healthcare, Hardware",India,2209596.0,Seed,recent_india_2026
Elixiir Foods,"Food and Beverage, Consumer Goods, E-commerce, Manufacturing, Retail",India,9000000.0,Seed,recent_india_2026
GO DESi,"Food and Beverage, Consumer Goods, E-commerce, Manufacturing, Retail",India,,Series B,recent_india_2026
DUSQ,"Mental Health, Wellness, Hardware, Healthcare, Wearables",India,2649258.0,Seed,recent_india_2026
Digitory,"Artificial Intelligence, Analytics, B2B Software, Data, E-commerce",India,500000.0,Seed,recent_india_2026
DSLR Technologies,"E-commerce, B2B Software, Marketing, Social Network",India,8823156.0,Series A,recent_india_2026
e-TRNL Energy,"Energy, Electronics, Hardware, Manufacturing, Materials",India,3020230.0,Seed,recent_india_2026
GREW Solar,"Energy, Electronics, Hardware, Manufacturing",India,115738738.0,Private Equity,recent_india_2026
Supertails,"Pets, E-commerce, Healthcare, Retail",India,30000000.0,Series C,recent_india_2026
WellWith India Pvt. Ltd.,"Nutrition and Supplements, Wellness, Beauty, Consumer Goods, E-commerce, Food and Beverage, Retail",India,137862.0,Seed,recent_india_2026
SteamPRO,"Hardware, Consumer Goods, Electronics, Wellness",India,419577.0,Seed,recent_india_2026
Slurrp Farm,"Food and Beverage, Wellness, Consumer Goods, E-commerce, Family, Nutrition and Supplements, Retail",India,3314394.0,Series C,recent_india_2026
Nester India,"E-commerce, Consumer Goods, Electronics, Retail",India,2097883.0,Seed,recent_india_2026
True Balance,"Mobile, B2C Software, Telecommunications",India,21918324.0,Series E,recent_india_2026
Pandorum Technologies,"Biotechnology, Healthcare, Pharmaceuticals",India,18000000.0,Series B,recent_india_2026
Benny’s Bowl,"Pets, Consumer Goods, E-commerce, Food and Beverage, Retail",India,1400000.0,Seed,recent_india_2026
Articulus Surgical,"Robotics, Healthcare, Hardware",India,,Seed,recent_india_2026
Heliware,"Analytics, 3D, Artificial Intelligence, B2B Software, Cloud Computing, Data",India,496736.0,Venture - Series Unknown,recent_india_2026
BigHaat,"Agriculture, E-commerce, Marketplace",India,10000000.0,Series D,recent_india_2026
CleanMax,"Energy, Environment",India,165434178.0,Private Equity,recent_india_2026
Enhancio,"Marketing, B2B Software, Sales",India,1090000.0,Convertible Note,recent_india_2026
Care.Fi,"FinTech, Finance, Healthcare",India,5000000.0,Series A,recent_india_2026
Immersive Trails,"Travel, Environment, Marketplace, Recreation",India,,Seed,recent_india_2026
Showroom B2B,"Fashion, Artificial Intelligence, B2B Software, Logistics, Marketplace, Retail",India,16562234.0,Series A,recent_india_2026
Timbuckdo Innovations,"Marketplace, E-commerce, Recruiting, Social Network",India,298120.0,Seed,recent_india_2026
Radiance Renewables,"Energy, Construction, Environment, Utilities",India,100000000.0,Private Equity,recent_india_2026
Preventify,"Healthcare, Wellness",India,220579.0,Pre-Seed,recent_india_2026
Elevate Now,"Healthcare, Wellness, Nutrition and Supplements",India,1985210.0,Seed,recent_india_2026
IndiGrid Technology,"EV, Automotive, Electronics, Energy, Hardware, Manufacturing",India,4415430.0,Series A,recent_india_2026
Six Sense Mobility,"Automotive, B2B Software, Cloud Computing, Electronics, Hardware, Telecommunications",India,4850004.0,Seed,recent_india_2026
Padcare Labs,"Consumer Goods,Environment,Manufacturing,Wellness",India,3000000.0,Seed,recent_india_2026
Olyv,"FinTech, Finance, Mobile",India,22829917.0,Series C,recent_india_2026
Knight FinTech,"FinTech, Finance, B2B Software",India,23600000.0,Series A,recent_india_2026
Arya Collateral,"Agriculture, Finance, Logistics, Marketplace",India,80584611.0,Series D,recent_india_2026
Neemans,"Fashion, Consumer Goods, E-commerce, Manufacturing, Retail",India,3948812.0,Series B,recent_india_2026
Truva,"Real Estate, Marketplace",India,6301370.0,Series A,recent_india_2026
Mylapay,"FinTech, Finance, B2B Software, Cloud Computing, Cyber Security",India,1000000.0,Venture - Series Unknown,recent_india_2026
Asego Global Assistance,"Insurance, Travel",India,19390633.0,Private Equity,recent_india_2026
ROADGRID,"EV, Automotive, Energy, Hardware, Mobile",India,1334793.0,Seed,recent_india_2026
PumPumPum,"Automotive, Transportation",India,194657.0,Seed,recent_india_2026
KayEss Square Consulting,"Professional Services, Finance, Legal",India,1110116.0,Seed,recent_india_2026
EMoMee,"Education, Entertainment, Family, Personal Development",India,222461.0,Seed,recent_india_2026
Arrowhead,"B2B Software, Artificial Intelligence, Sales",India,3000000.0,Seed,recent_india_2026
OSSO,Healthcare,India,443214.0,Seed,recent_india_2026
Be Clinical,"Beauty, Consumer Goods",India,667397.0,Seed,recent_india_2026
Even,Healthcare,India,20000000.0,Series A,recent_india_2026
SaveSage Club,"FinTech, Finance, B2C Software, Mobile",India,444888.0,Pre-Seed,recent_india_2026
&Done,"Beauty, Consumer Goods, E-commerce, Retail",India,3000000.0,Series A,recent_india_2026
GOAT Life,"Food and Beverage, Consumer Goods, Wellness",India,177619.0,Pre-Seed,recent_india_2026
Spector.ai,"Artificial Intelligence, B2B Software, Data, Manufacturing",India,6450870.0,Venture - Series Unknown,recent_india_2026
Multibagg AI,"Investing, Finance, Artificial Intelligence, Analytics, Data",India,166205.0,Pre-Seed,recent_india_2026
TakeMe2Space,"Aerospace, Hardware",India,5000000.0,Seed,recent_india_2026
Japam,"E-commerce, Consumer Goods, Retail",India,165410.0,Seed,recent_india_2026
Aule Space,"Aerospace, Hardware, Robotics",India,2000000.0,Pre-Seed,recent_india_2026
Smylo,"Pets, Consumer Goods, E-commerce, Food and Beverage, Retail",India,83012.0,Seed,recent_india_2026
Misochain Technologies,"Aerospace, Aviation, Government, Hardware, Manufacturing",India,1994784.0,Seed,recent_india_2026
Liquidnitro Games,"Gaming, Entertainment",India,19100000.0,Series A,recent_india_2026
LearnTube,Education,India,,Seed,recent_india_2026
Atomgrid,"Chemicals, Agriculture, Beauty, Food and Beverage, Manufacturing, Pharmaceuticals",India,7000000.0,Seed,recent_india_2026
Edgistify,"Logistics, Artificial Intelligence, B2B Software, E-commerce",India,1400000.0,Seed,recent_india_2026
Secret Alchemist,"Wellness, Beauty, Consumer Goods, E-commerce",India,2500000.0,Seed,recent_india_2026
GrowthPal,"B2B Software, Finance, Investing",India,2600000.0,Venture - Series Unknown,recent_india_2026
HandyPanda,"Marketplace, Construction, E-commerce, Materials, Retail",India,221366.0,Pre-Seed,recent_india_2026
Grid Group94,Data management & analytics,United States,305000000.0,Series E,unicorn_companies_synthetic
Meta Labs,Fintech,Germany,528000000.0,Series D,unicorn_companies_synthetic
Link Group,Health,Israel,940000000.0,Series C,unicorn_companies_synthetic
Aeroify68,Fintech,United States,1938000000.0,Series C,unicorn_companies_synthetic
Finly38,Other,United States,1242000000.0,Series F,unicorn_companies_synthetic
AutoBlock87,Data management & analytics,United States,317000000.0,Pre-IPO,unicorn_companies_synthetic
Novaly42,Artificial intelligence,China,318000000.0,Series E,unicorn_companies_synthetic
CloudMind16,Internet software & services,Singapore,6707000000.0,Series B,unicorn_companies_synthetic
NovaMind61,Fintech,Canada,302000000.0,Series E,unicorn_companies_synthetic
BioPulse,Internet software & services,United States,981000000.0,Series E,unicorn_companies_synthetic
Autoly81,Edtech,United States,244000000.0,Series D,unicorn_companies_synthetic
Wave Hub48,"Supply chain, logistics, & delivery",United States,9763000000.0,Series C,unicorn_companies_synthetic
Nova Hub66,Health,United States,196000000.0,Series F,unicorn_companies_synthetic
NovaLink46,Travel,South Korea,197000000.0,Series E,unicorn_companies_synthetic
Novaify13,Consumer & retail,United States,658000000.0,Series D,unicorn_companies_synthetic
PayCore,Internet software & services,United States,1072000000.0000001,Series F,unicorn_companies_synthetic
NovaLink,Cybersecurity,United States,293000000.0,Private Equity,unicorn_companies_synthetic
Meta Hub31,Fintech,France,1073000000.0,Series D,unicorn_companies_synthetic
Shift Dynamics74,Internet software & services,United States,938000000.0,Series D,unicorn_companies_synthetic
OmniFlow90,Fintech,United States,7812000000.0,Series B,unicorn_companies_synthetic
Fin Dynamics99,Cybersecurity,United States,268000000.00000003,Series C,unicorn_companies_synthetic
NexWave74,Consumer & retail,United States,3048000000.0,Pre-IPO,unicorn_companies_synthetic
Flowio25,Fintech,United States,1206000000.0,Series D,unicorn_companies_synthetic
Link Hub24,Internet software & services,Singapore,719000000.0,Series E,unicorn_companies_synthetic
Fin AI3,Data management & analytics,India,1054999999.9999999,Series C,unicorn_companies_synthetic
Novaly51,Auto & transportation,Brazil,988000000.0,Series D,unicorn_companies_synthetic
Grid Hub,Other,United States,1949000000.0,Series C,unicorn_companies_synthetic
Auto Base,Hardware,United States,487000000.0,Pre-IPO,unicorn_companies_synthetic
Grid Group51,"Supply chain, logistics, & delivery",South Korea,9556000000.0,Series E,unicorn_companies_synthetic
Cyber Networks90,Edtech,United States,652000000.0,Series C,unicorn_companies_synthetic
Pay Solutions73,Internet software & services,United States,384000000.0,Series E,unicorn_companies_synthetic
Vertex Group74,Internet software & services,United States,975000000.0,Private Equity,unicorn_companies_synthetic
OmniZenith16,Data management & analytics,China,563000000.0,Series C,unicorn_companies_synthetic
Cyberly74,Fintech,United States,2208000000.0,Series E,unicorn_companies_synthetic
PaySpace,Health,United States,9004000000.0,Series C,unicorn_companies_synthetic
Flow Labs98,Other,Canada,2687000000.0,Pre-IPO,unicorn_companies_synthetic
Cyber Networks,Health,United States,507000000.0,Series D,unicorn_companies_synthetic
Vertex Base45,Fintech,United States,909000000.0,Series D,unicorn_companies_synthetic
Mind Hub,Hardware,Brazil,372000000.0,Series F,unicorn_companies_synthetic
Meta Solutions63,Artificial intelligence,United States,493000000.0,Series E,unicorn_companies_synthetic
SmartZenith,Fintech,India,910000000.0,Pre-IPO,unicorn_companies_synthetic
Block Networks27,Fintech,United States,1139000000.0,Series D,unicorn_companies_synthetic
Spaceio36,Internet software & services,Indonesia,401000000.0,Series C,unicorn_companies_synthetic
CloudShift,Auto & transportation,United States,810000000.0,Series D,unicorn_companies_synthetic
Nex Group,Fintech,Germany,774000000.0,Series D,unicorn_companies_synthetic
Coreio38,Artificial intelligence,United States,1220000000.0,Series C,unicorn_companies_synthetic
Cyber AI54,Internet software & services,South Korea,851000000.0,Series C,unicorn_companies_synthetic
PayMind60,Fintech,United States,2569000000.0,Private Equity,unicorn_companies_synthetic
PayZenith,Artificial intelligence,India,5887000000.0,Series C,unicorn_companies_synthetic
FinWave64,Auto & transportation,India,646000000.0,Series F,unicorn_companies_synthetic
HealthFlow52,Edtech,China,860000000.0,Series C,unicorn_companies_synthetic
BioWave3,Fintech,United States,519000000.0,Series E,unicorn_companies_synthetic
NexCore54,Other,United States,1366000000.0,Series D,unicorn_companies_synthetic
Cyberio,Other,Australia,753000000.0,Pre-IPO,unicorn_companies_synthetic
OmniGrid,Auto & transportation,United States,468000000.0,Pre-IPO,unicorn_companies_synthetic
Bio AI28,Fintech,China,763000000.0,Series D,unicorn_companies_synthetic
NexMind,E-commerce & direct-to-consumer,China,761000000.0,Series D,unicorn_companies_synthetic
BioWave,Health,United Kingdom,648000000.0,Series D,unicorn_companies_synthetic
PayShift,Internet software & services,China,893000000.0,Series D,unicorn_companies_synthetic
Fin Labs82,Health,India,3760000000.0,Series D,unicorn_companies_synthetic
Vertex AI,E-commerce & direct-to-consumer,United States,778000000.0,Series C,unicorn_companies_synthetic
Nex Networks99,Internet software & services,India,1287000000.0,Series C,unicorn_companies_synthetic
MetaCore,Health,United States,690000000.0,Series D,unicorn_companies_synthetic
Mind Base30,E-commerce & direct-to-consumer,United States,294000000.0,Series D,unicorn_companies_synthetic
Cyber Hub,Cybersecurity,India,495000000.0,Series C,unicorn_companies_synthetic
SmartLink,Data management & analytics,United States,504000000.0,Series D,unicorn_companies_synthetic
Grid Systems46,Artificial intelligence,United States,199000000.0,Series E,unicorn_companies_synthetic
CyberCore51,Artificial intelligence,China,793000000.0,Series C,unicorn_companies_synthetic
OmniFlow31,Data management & analytics,United States,1905000000.0,Series C,unicorn_companies_synthetic
CloudWave6,Fintech,China,6763000000.0,Series E,unicorn_companies_synthetic
Data Labs99,Health,India,1363000000.0,Series E,unicorn_companies_synthetic
Forge Dynamics,Artificial intelligence,United States,3311000000.0,Series D,unicorn_companies_synthetic
HealthShift58,Artificial intelligence,United States,1497000000.0,Series E,unicorn_companies_synthetic
AeroStream,Fintech,United States,297000000.0,Private Equity,unicorn_companies_synthetic
Aero Systems40,Internet software & services,United States,830000000.0,Series D,unicorn_companies_synthetic
Grid Base,Fintech,Israel,379000000.0,Series D,unicorn_companies_synthetic
Flow Group41,Artificial intelligence,India,888000000.0,Series D,unicorn_companies_synthetic
Cyber AI92,Hardware,United States,258000000.0,Series C,unicorn_companies_synthetic
NexCore20,Fintech,India,650000000.0,Series F,unicorn_companies_synthetic
Cyber Dynamics78,Artificial intelligence,United States,550000000.0,Series D,unicorn_companies_synthetic
Mind Technologies,E-commerce & direct-to-consumer,Brazil,6117000000.0,Series F,unicorn_companies_synthetic
OmniForge69,Fintech,China,1257000000.0,Series F,unicorn_companies_synthetic
Omni Hub33,Artificial intelligence,United States,321000000.0,Series E,unicorn_companies_synthetic
Stream AI3,E-commerce & direct-to-consumer,United States,635000000.0,Series D,unicorn_companies_synthetic
Forge Solutions91,Auto & transportation,United States,842000000.0,Series E,unicorn_companies_synthetic
Fin Solutions81,Internet software & services,United States,766000000.0,Series E,unicorn_companies_synthetic
Aero Solutions,E-commerce & direct-to-consumer,Australia,240000000.0,Pre-IPO,unicorn_companies_synthetic
Cyber Dynamics36,Fintech,Germany,259000000.0,Series C,unicorn_companies_synthetic
CyberMind83,Artificial intelligence,United States,513000000.0,Series C,unicorn_companies_synthetic
Auto Systems,Internet software & services,China,267000000.00000003,Series E,unicorn_companies_synthetic
Pay Networks,Fintech,China,546000000.0,Private Equity,unicorn_companies_synthetic
PayWave29,Internet software & services,United States,1159000000.0,Series C,unicorn_companies_synthetic
Omni Networks41,Fintech,Japan,206000000.0,Series C,unicorn_companies_synthetic
FinPulse44,Fintech,Sweden,225000000.0,Series D,unicorn_companies_synthetic
Omni Group,Fintech,Indonesia,900000000.0,Series E,unicorn_companies_synthetic
Aeroify,Travel,United States,228000000.0,Series F,unicorn_companies_synthetic
DataLink,Cybersecurity,United States,477000000.0,Series D,unicorn_companies_synthetic
Omni Technologies32,Fintech,Sweden,780000000.0,Series E,unicorn_companies_synthetic
Mind AI14,Fintech,Germany,416000000.0,Series D,unicorn_companies_synthetic
Novaio67,Artificial intelligence,China,591000000.0,Series D,unicorn_companies_synthetic
NexVertex32,Fintech,United States,326000000.0,Series D,unicorn_companies_synthetic
Wave Solutions50,Artificial intelligence,United Kingdom,1052000000.0,Series D,unicorn_companies_synthetic
Wave Dynamics39,"Supply chain, logistics, & delivery",United States,1946000000.0,Series C,unicorn_companies_synthetic
Zenith Technologies4,Internet software & services,Australia,512000000.0,Pre-IPO,unicorn_companies_synthetic
DataFlow41,Internet software & services,United States,618000000.0,Series C,unicorn_companies_synthetic
Nova Hub,Edtech,United States,2005000000.0,Series C,unicorn_companies_synthetic
Stream Solutions,Fintech,China,143000000.0,Series B,unicorn_companies_synthetic
Bio Base93,Fintech,Germany,358000000.0,Series D,unicorn_companies_synthetic
MetaStream57,Health,China,747000000.0,Series D,unicorn_companies_synthetic
Omni Dynamics36,Data management & analytics,United States,937000000.0,Pre-IPO,unicorn_companies_synthetic
NovaStream8,Other,United States,281000000.0,Series E,unicorn_companies_synthetic
Bioio13,Health,United Kingdom,508000000.0,Series C,unicorn_companies_synthetic
Core Hub36,Internet software & services,United Kingdom,433000000.0,Series C,unicorn_companies_synthetic
Omni Systems,Internet software & services,United States,1176000000.0,Series D,unicorn_companies_synthetic
Space Systems,Internet software & services,China,1381000000.0,Private Equity,unicorn_companies_synthetic
OmniShift56,Internet software & services,United States,781000000.0,Series D,unicorn_companies_synthetic
Forge Dynamics77,Auto & transportation,United States,1157000000.0,Series D,unicorn_companies_synthetic
Linkify60,Fintech,United Kingdom,221000000.0,Series D,unicorn_companies_synthetic
TechWave,Hardware,United States,1036999999.9999999,Series D,unicorn_companies_synthetic
Core Hub2,Fintech,United States,460000000.0,Pre-IPO,unicorn_companies_synthetic
Block AI97,"Supply chain, logistics, & delivery",Israel,354000000.0,Series D,unicorn_companies_synthetic
Auto Labs17,Other,Japan,1114000000.0,Series F,unicorn_companies_synthetic
PayBlock19,Artificial intelligence,China,985000000.0,Series D,unicorn_companies_synthetic
PaySpace63,Artificial intelligence,United States,693000000.0,Series C,unicorn_companies_synthetic
Link Dynamics80,Internet software & services,Brazil,1769000000.0,Private Equity,unicorn_companies_synthetic
NexWave87,Internet software & services,United States,348000000.0,Series D,unicorn_companies_synthetic
Wave Networks99,Artificial intelligence,France,6061000000.0,Series D,unicorn_companies_synthetic
Coreio,Health,India,290000000.0,Series F,unicorn_companies_synthetic
Vertex Base15,Other,China,1146000000.0,Pre-IPO,unicorn_companies_synthetic
AutoStream,E-commerce & direct-to-consumer,India,701000000.0,Pre-IPO,unicorn_companies_synthetic
Link Solutions99,Artificial intelligence,United States,278000000.0,Series D,unicorn_companies_synthetic
AutoForge57,Fintech,United States,5251000000.0,Series E,unicorn_companies_synthetic
FinBlock33,E-commerce & direct-to-consumer,United States,5659000000.0,Series C,unicorn_companies_synthetic
Vertex Hub,Data management & analytics,China,1525000000.0,Series E,unicorn_companies_synthetic
Cyberio83,E-commerce & direct-to-consumer,Singapore,2108000000.0,Series F,unicorn_companies_synthetic
Bioly14,E-commerce & direct-to-consumer,China,265000000.0,Series C,unicorn_companies_synthetic
Fin Dynamics,Fintech,United States,1784000000.0,Series F,unicorn_companies_synthetic
DataForge36,Health,China,1251000000.0,Private Equity,unicorn_companies_synthetic
Link Solutions74,Health,United States,224000000.0,Series D,unicorn_companies_synthetic
DataStream34,Fintech,United States,446000000.0,Series D,unicorn_companies_synthetic
Forge Hub,Health,India,391000000.0,Series D,unicorn_companies_synthetic
Pulse Systems,Other,United States,434000000.0,Series C,unicorn_companies_synthetic
Payly52,Hardware,United States,534000000.00000006,Series B,unicorn_companies_synthetic
Smart Technologies1,Artificial intelligence,United States,7682000000.0,Series C,unicorn_companies_synthetic
Stream Group16,Artificial intelligence,South Korea,130000000.0,Series D,unicorn_companies_synthetic
Tech Dynamics74,Internet software & services,Singapore,2977000000.0,Private Equity,unicorn_companies_synthetic
Aero Group50,Artificial intelligence,United States,166000000.0,Series E,unicorn_companies_synthetic
Linkly22,Artificial intelligence,China,451000000.0,Series D,unicorn_companies_synthetic
AutoPulse43,Internet software & services,China,250000000.0,Series D,unicorn_companies_synthetic
Vertex Systems1,Edtech,China,762000000.0,Series C,unicorn_companies_synthetic
DataPulse,Fintech,United States,474000000.0,Pre-IPO,unicorn_companies_synthetic
Block Systems,Fintech,United Kingdom,627000000.0,Series D,unicorn_companies_synthetic
Smartify73,Data management & analytics,China,1486000000.0,Series C,unicorn_companies_synthetic
DataZenith,Other,United States,1364000000.0,Series B,unicorn_companies_synthetic
Spaceio,Artificial intelligence,India,668000000.0,Series C,unicorn_companies_synthetic
SmartShift11,Edtech,United States,288000000.0,Series B,unicorn_companies_synthetic
Stream Technologies62,Hardware,Israel,2493000000.0,Series D,unicorn_companies_synthetic
Corely94,Fintech,United States,379000000.0,Series C,unicorn_companies_synthetic
Shiftify,E-commerce & direct-to-consumer,United States,304000000.0,Series C,unicorn_companies_synthetic
AutoCore,E-commerce & direct-to-consumer,United States,458000000.0,Pre-IPO,unicorn_companies_synthetic
SmartBlock,Hardware,Canada,1012000000.0,Series D,unicorn_companies_synthetic
Metaly88,Hardware,United States,589000000.0,Series C,unicorn_companies_synthetic
Flow Group43,Health,United States,11616000000.0,Series F,unicorn_companies_synthetic
PayWave19,Internet software & services,United Kingdom,278000000.0,Series C,unicorn_companies_synthetic
Mind Labs,Data management & analytics,Canada,7720000000.0,Series D,unicorn_companies_synthetic
NovaPulse39,"Supply chain, logistics, & delivery",United States,322000000.0,Series B,unicorn_companies_synthetic
Bio Base,Internet software & services,United States,311000000.0,Series D,unicorn_companies_synthetic
Core Technologies79,E-commerce & direct-to-consumer,South Korea,1048999999.9999999,Series F,unicorn_companies_synthetic
OmniVertex25,E-commerce & direct-to-consumer,United States,177000000.0,Series D,unicorn_companies_synthetic
Aero AI,Internet software & services,South Korea,550000000.0,Series D,unicorn_companies_synthetic
Cyber Systems,Other,United States,10110000000.0,Series E,unicorn_companies_synthetic
SmartCore30,Travel,United States,709000000.0,Series C,unicorn_companies_synthetic
Flowly62,E-commerce & direct-to-consumer,Sweden,881000000.0,Series E,unicorn_companies_synthetic
Dataly63,Data management & analytics,United States,1396000000.0,Series D,unicorn_companies_synthetic
Auto AI20,Travel,United Kingdom,698000000.0,Series C,unicorn_companies_synthetic
Smart Group85,Fintech,Australia,526000000.0,Series E,unicorn_companies_synthetic
SmartVertex,Fintech,Germany,4798000000.0,Series D,unicorn_companies_synthetic
HealthFlow,Internet software & services,United States,472000000.0,Series F,unicorn_companies_synthetic
Cyber Labs,Other,United Kingdom,685000000.0,Series D,unicorn_companies_synthetic
Pulse Solutions91,Data management & analytics,United States,207000000.0,Series E,unicorn_companies_synthetic
NovaShift19,Auto & transportation,United States,2635000000.0,Series E,unicorn_companies_synthetic
Shift Base13,Data management & analytics,United States,184000000.0,Series C,unicorn_companies_synthetic
Omni Base,Internet software & services,United States,2430000000.0,Series D,unicorn_companies_synthetic
SmartVertex84,Internet software & services,Israel,586000000.0,Series E,unicorn_companies_synthetic
Tech Networks95,Internet software & services,United States,337000000.0,Series D,unicorn_companies_synthetic
Vertex Base9,Auto & transportation,China,479000000.0,Series F,unicorn_companies_synthetic
Flow Hub,Fintech,France,2788000000.0,Pre-IPO,unicorn_companies_synthetic
Techio,E-commerce & direct-to-consumer,Sweden,232000000.0,Series B,unicorn_companies_synthetic
Grid Networks57,Internet software & services,United States,459000000.0,Series D,unicorn_companies_synthetic
FinMind45,Artificial intelligence,India,467000000.0,Series E,unicorn_companies_synthetic
Pay Base25,Artificial intelligence,Canada,560000000.0,Series D,unicorn_companies_synthetic
SmartShift,E-commerce & direct-to-consumer,Japan,244000000.0,Series D,unicorn_companies_synthetic
HealthForge25,Fintech,United States,765000000.0,Series E,unicorn_companies_synthetic
HealthGrid,E-commerce & direct-to-consumer,United States,5523000000.0,Series F,unicorn_companies_synthetic
Aero Hub,Fintech,China,5098000000.0,Series E,unicorn_companies_synthetic
Omni AI40,Internet software & services,South Korea,508000000.0,Series D,unicorn_companies_synthetic
Gridio49,Fintech,United States,417000000.0,Series D,unicorn_companies_synthetic
DataPulse32,Artificial intelligence,United States,902000000.0,Series C,unicorn_companies_synthetic
Space AI,E-commerce & direct-to-consumer,India,112000000.0,Series E,unicorn_companies_synthetic
Cyberly79,Artificial intelligence,South Korea,562000000.0,Series E,unicorn_companies_synthetic
Smart Solutions79,E-commerce & direct-to-consumer,United States,833000000.0,Series D,unicorn_companies_synthetic
HealthMind,E-commerce & direct-to-consumer,United States,994000000.0,Series C,unicorn_companies_synthetic
HealthWave44,Fintech,United States,214000000.0,Pre-IPO,unicorn_companies_synthetic
Health Solutions23,Health,Brazil,832000000.0,Pre-IPO,unicorn_companies_synthetic
Auto Group29,Fintech,China,939000000.0,Series E,unicorn_companies_synthetic
Grid Networks,Internet software & services,China,1106000000.0,Series F,unicorn_companies_synthetic
NexBlock,Internet software & services,Canada,1481000000.0,Series C,unicorn_companies_synthetic
AutoShift,Hardware,United Kingdom,1253000000.0,Series D,unicorn_companies_synthetic
Pay Group80,E-commerce & direct-to-consumer,India,473000000.0,Series E,unicorn_companies_synthetic
Mind Labs89,Cybersecurity,China,5816000000.0,Series F,unicorn_companies_synthetic
Flowify51,Artificial intelligence,United Kingdom,296000000.0,Series F,unicorn_companies_synthetic
Health Hub24,Auto & transportation,Australia,153000000.0,Series D,unicorn_companies_synthetic
AeroSpace,Cybersecurity,United States,60653000000.0,Series B,unicorn_companies_synthetic
Fin Hub12,Health,United States,11913000000.0,Series C,unicorn_companies_synthetic
Shift Labs64,Internet software & services,United States,1143000000.0,Series C,unicorn_companies_synthetic
Core Technologies41,Internet software & services,China,739000000.0,Series F,unicorn_companies_synthetic
CloudVertex84,E-commerce & direct-to-consumer,Canada,5870000000.0,Series E,unicorn_companies_synthetic
HealthSpace,Fintech,Germany,1042000000.0,Series E,unicorn_companies_synthetic
Wave Hub38,Internet software & services,India,2664000000.0,Series B,unicorn_companies_synthetic
Omni Labs93,Hardware,China,740000000.0,Series C,unicorn_companies_synthetic
CloudLink,E-commerce & direct-to-consumer,United States,4107000000.0,Series E,unicorn_companies_synthetic
Bio Base88,Internet software & services,Singapore,367000000.0,Private Equity,unicorn_companies_synthetic
CloudMind,Health,United States,902000000.0,Series C,unicorn_companies_synthetic
Nova Hub15,Fintech,United States,4712000000.0,Series D,unicorn_companies_synthetic
Block Networks52,Travel,United States,1748000000.0,Pre-IPO,unicorn_companies_synthetic
Nex Labs14,Fintech,Brazil,845000000.0,Series E,unicorn_companies_synthetic
Link Labs4,Internet software & services,China,553000000.0,Series C,unicorn_companies_synthetic
Wave AI76,Internet software & services,China,940000000.0,Series D,unicorn_companies_synthetic
CloudStream91,Fintech,Singapore,382000000.0,Series D,unicorn_companies_synthetic
Dataly34,Health,United States,1261000000.0,Series C,unicorn_companies_synthetic
Shift Technologies,Cybersecurity,United States,543000000.0,Series C,unicorn_companies_synthetic
Stream Dynamics78,Data management & analytics,Brazil,794000000.0,Series C,unicorn_companies_synthetic
AutoStream55,Other,China,363000000.0,Series D,unicorn_companies_synthetic
Forgely59,"Supply chain, logistics, & delivery",United States,539000000.0,Series F,unicorn_companies_synthetic
Auto Labs60,E-commerce & direct-to-consumer,Canada,1158000000.0,Series B,unicorn_companies_synthetic
Tech Labs,Health,China,539000000.0,Series C,unicorn_companies_synthetic
Aero Group,Edtech,Germany,330000000.0,Series E,unicorn_companies_synthetic
PayWave48,Cybersecurity,Germany,3457000000.0,Series F,unicorn_companies_synthetic
CyberVertex49,Artificial intelligence,United States,291000000.0,Series D,unicorn_companies_synthetic
Dataly44,Artificial intelligence,United Kingdom,1443000000.0,Private Equity,unicorn_companies_synthetic
Grid Dynamics61,Internet software & services,United States,968000000.0,Series E,unicorn_companies_synthetic
Mind Dynamics8,Other,United States,532000000.0,Series D,unicorn_companies_synthetic
Core Technologies,Fintech,United States,1607000000.0,Series C,unicorn_companies_synthetic
CyberShift,Fintech,United States,3675000000.0,Series B,unicorn_companies_synthetic
SmartForge,Cybersecurity,United States,11415000000.0,Series D,unicorn_companies_synthetic
Forgeio69,Health,United States,3929000000.0,Series F,unicorn_companies_synthetic
Grid Group47,Fintech,China,1180000000.0,Series E,unicorn_companies_synthetic
AutoPulse95,Auto & transportation,Canada,928000000.0,Series D,unicorn_companies_synthetic
Mindly26,Edtech,China,4592000000.0,Series D,unicorn_companies_synthetic
Omni Base49,"Supply chain, logistics, & delivery",United States,2704000000.0,Series C,unicorn_companies_synthetic
TechForge,Health,China,221000000.0,Series C,unicorn_companies_synthetic
Stream Systems,Artificial intelligence,China,440000000.0,Series D,unicorn_companies_synthetic
Block Solutions,Other,China,200000000.0,Series E,unicorn_companies_synthetic
Gridly19,Internet software & services,Brazil,264000000.0,Series C,unicorn_companies_synthetic
Grid AI9,Artificial intelligence,United Kingdom,781000000.0,Series D,unicorn_companies_synthetic
Pulse Technologies,Artificial intelligence,Germany,6040000000.0,Series D,unicorn_companies_synthetic
Metaify86,Other,United States,1100000000.0,Series D,unicorn_companies_synthetic
Shift Solutions15,"Supply chain, logistics, & delivery",United States,1120000000.0,Private Equity,unicorn_companies_synthetic
SmartWave,Travel,China,668000000.0,Series C,unicorn_companies_synthetic
OmniZenith57,"Supply chain, logistics, & delivery",United Kingdom,222000000.0,Series B,unicorn_companies_synthetic
NexGrid41,Auto & transportation,Sweden,2412000000.0,Series C,unicorn_companies_synthetic
Grid Group,Internet software & services,China,439000000.0,Series C,unicorn_companies_synthetic
DataGrid77,Cybersecurity,United States,716000000.0,Series C,unicorn_companies_synthetic
Meta Systems,Artificial intelligence,Singapore,346000000.0,Series D,unicorn_companies_synthetic
Nexly56,Internet software & services,China,862000000.0,Series E,unicorn_companies_synthetic
Core Networks,Fintech,United States,372000000.0,Pre-IPO,unicorn_companies_synthetic
Zenith Networks,Hardware,United States,942000000.0,Series D,unicorn_companies_synthetic
Space Base17,Fintech,India,828000000.0,Series C,unicorn_companies_synthetic
Stream Hub,Other,United Kingdom,358000000.0,Series E,unicorn_companies_synthetic
Healthify16,E-commerce & direct-to-consumer,United States,182000000.0,Series C,unicorn_companies_synthetic
Vertex Systems27,Fintech,France,598000000.0,Series C,unicorn_companies_synthetic
Omni AI,Consumer & retail,United States,398000000.0,Pre-IPO,unicorn_companies_synthetic
AeroWave,Artificial intelligence,China,1477000000.0,Series F,unicorn_companies_synthetic
Mind Labs66,Data management & analytics,China,759000000.0,Private Equity,unicorn_companies_synthetic
TechMind21,E-commerce & direct-to-consumer,Singapore,6886000000.0,Private Equity,unicorn_companies_synthetic
Zenith Dynamics51,Internet software & services,United States,256000000.0,Series D,unicorn_companies_synthetic
Pay AI72,Other,United States,214000000.0,Series D,unicorn_companies_synthetic
DataLink83,Other,United Kingdom,655000000.0,Series E,unicorn_companies_synthetic
BioCore36,Fintech,Singapore,814000000.0,Series B,unicorn_companies_synthetic
TechShift59,Internet software & services,United States,941000000.0,Series C,unicorn_companies_synthetic
Healthio91,Internet software & services,United States,835000000.0,Series F,unicorn_companies_synthetic
DataCore79,Health,United Kingdom,617000000.0,Series C,unicorn_companies_synthetic
Space Solutions,Fintech,China,453000000.0,Series D,unicorn_companies_synthetic
NovaMind46,Fintech,United States,828000000.0,Series E,unicorn_companies_synthetic
MetaZenith,Internet software & services,United States,1335000000.0,Series F,unicorn_companies_synthetic
Aero Networks28,Fintech,China,309000000.0,Series D,unicorn_companies_synthetic
Waveio60,Cybersecurity,United States,131000000.0,Series C,unicorn_companies_synthetic
Nex Solutions,Other,United States,363000000.0,Pre-IPO,unicorn_companies_synthetic
MetaStream,Artificial intelligence,United States,407000000.0,Series E,unicorn_companies_synthetic
Space AI73,Data management & analytics,United Kingdom,1631000000.0,Series E,unicorn_companies_synthetic
Bio Solutions5,E-commerce & direct-to-consumer,China,500000000.0,Private Equity,unicorn_companies_synthetic
Mindify,Internet software & services,China,912000000.0,Series E,unicorn_companies_synthetic
Corely19,Internet software & services,United States,238000000.0,Pre-IPO,unicorn_companies_synthetic
PayBlock80,Internet software & services,South Korea,285000000.0,Private Equity,unicorn_companies_synthetic
NexMind88,Cybersecurity,United States,3985000000.0,Series E,unicorn_companies_synthetic
Tech AI90,Artificial intelligence,China,527000000.0,Series E,unicorn_companies_synthetic
Pay Networks60,Fintech,China,4882000000.0,Private Equity,unicorn_companies_synthetic
OmniPulse,Internet software & services,India,357000000.0,Series C,unicorn_companies_synthetic
Zenithly3,Health,Germany,1347000000.0,Series C,unicorn_companies_synthetic
Space Dynamics80,Internet software & services,United States,961000000.0,Series E,unicorn_companies_synthetic
AeroLink88,Internet software & services,United States,218000000.0,Series C,unicorn_companies_synthetic
SmartForge29,Health,Brazil,732000000.0,Series D,unicorn_companies_synthetic
Pay Dynamics66,Artificial intelligence,China,697000000.0,Series B,unicorn_companies_synthetic
Cloudly83,Artificial intelligence,India,833000000.0,Series D,unicorn_companies_synthetic
TechPulse,Internet software & services,China,871000000.0,Series E,unicorn_companies_synthetic
Shift Group7,Internet software & services,United States,207000000.0,Series C,unicorn_companies_synthetic
Nova AI88,Hardware,United States,620000000.0,Series E,unicorn_companies_synthetic
Cloud Technologies65,Internet software & services,United States,3460000000.0,Series D,unicorn_companies_synthetic
Aero Base,Internet software & services,Singapore,539000000.0,Pre-IPO,unicorn_companies_synthetic
Data Solutions41,Auto & transportation,Germany,925000000.0,Series F,unicorn_companies_synthetic
OmniMind91,Auto & transportation,Sweden,836000000.0,Series C,unicorn_companies_synthetic
Autoly80,Fintech,United States,447000000.0,Series D,unicorn_companies_synthetic
CloudVertex58,Fintech,United States,350000000.0,Series E,unicorn_companies_synthetic
Auto Base37,Fintech,India,608000000.0,Series D,unicorn_companies_synthetic
Data Base79,Internet software & services,Germany,454000000.0,Series D,unicorn_companies_synthetic
Smart Networks,Cybersecurity,United Kingdom,443000000.0,Series D,unicorn_companies_synthetic
Linkio,Health,United States,440000000.0,Series C,unicorn_companies_synthetic
Meta Networks,Edtech,United States,372000000.0,Series D,unicorn_companies_synthetic
Grid Solutions65,Internet software & services,Indonesia,2502000000.0,Series C,unicorn_companies_synthetic
Blockio,Artificial intelligence,India,417000000.0,Series E,unicorn_companies_synthetic
AutoWave42,Cybersecurity,China,353000000.0,Series C,unicorn_companies_synthetic
HealthZenith17,Data management & analytics,Brazil,166000000.0,Series D,unicorn_companies_synthetic
BioCore99,E-commerce & direct-to-consumer,United States,528000000.0,Series C,unicorn_companies_synthetic
Space Base75,Internet software & services,United States,2418000000.0,Series D,unicorn_companies_synthetic
AeroForge,Artificial intelligence,Sweden,2393000000.0,Private Equity,unicorn_companies_synthetic
OmniGrid80,Fintech,China,4676000000.0,Series D,unicorn_companies_synthetic
Health Dynamics26,Fintech,United States,30373000000.0,Series C,unicorn_companies_synthetic
Link Hub,Internet software & services,France,1374000000.0,Series C,unicorn_companies_synthetic
NexZenith4,Health,United States,146000000.0,Series D,unicorn_companies_synthetic
CyberBlock,Fintech,China,276000000.0,Series B,unicorn_companies_synthetic
Space Hub82,Other,China,264000000.0,Series E,unicorn_companies_synthetic
Grid Group53,Internet software & services,China,1116000000.0,Series F,unicorn_companies_synthetic
Omni AI34,Fintech,United States,487000000.0,Pre-IPO,unicorn_companies_synthetic
Cyber Technologies,E-commerce & direct-to-consumer,United States,491000000.0,Pre-IPO,unicorn_companies_synthetic
Cyber Base33,Internet software & services,United States,6458000000.0,Series C,unicorn_companies_synthetic
Link Systems,Data management & analytics,China,515000000.0,Series F,unicorn_companies_synthetic
Auto Systems23,E-commerce & direct-to-consumer,Israel,265000000.0,Series C,unicorn_companies_synthetic
Vertex Systems60,Fintech,United Kingdom,542000000.0,Series E,unicorn_companies_synthetic
Meta Base,Health,China,178000000.0,Series E,unicorn_companies_synthetic
Pulse Labs89,Internet software & services,India,5342000000.0,Pre-IPO,unicorn_companies_synthetic
Flow Technologies24,Auto & transportation,China,951000000.0,Pre-IPO,unicorn_companies_synthetic
Grid Technologies,Internet software & services,United States,553000000.0,Series E,unicorn_companies_synthetic
Bio Solutions,Internet software & services,Brazil,3903000000.0,Series C,unicorn_companies_synthetic
Corely,E-commerce & direct-to-consumer,United States,480000000.0,Series C,unicorn_companies_synthetic
Core Dynamics60,Health,United States,2998000000.0,Series C,unicorn_companies_synthetic
Cloud Networks30,Hardware,China,2049999999.9999998,Series D,unicorn_companies_synthetic
Forge Dynamics15,E-commerce & direct-to-consumer,United Kingdom,159000000.0,Series C,unicorn_companies_synthetic
Shift Dynamics,Cybersecurity,Japan,705000000.0,Series E,unicorn_companies_synthetic
Stream Hub52,Other,United States,516000000.0,Series D,unicorn_companies_synthetic
Pay Group96,Data management & analytics,United States,526000000.0,Series E,unicorn_companies_synthetic
Omni AI36,Fintech,China,783000000.0,Series B,unicorn_companies_synthetic
PayShift34,Data management & analytics,United States,249000000.0,Series C,unicorn_companies_synthetic
Zenith Networks58,Health,United States,11315000000.0,Series E,unicorn_companies_synthetic
Zenith Technologies,Fintech,United States,324000000.0,Series C,unicorn_companies_synthetic
AutoLink23,Data management & analytics,United States,118000000.0,Pre-IPO,unicorn_companies_synthetic
Nexio37,Auto & transportation,China,815000000.0,Pre-IPO,unicorn_companies_synthetic
PayForge,Fintech,United Kingdom,1206000000.0,Series C,unicorn_companies_synthetic
Pulse Labs,Hardware,Brazil,7947000000.0,Series E,unicorn_companies_synthetic
Dataify8,Fintech,Singapore,3289000000.0,Series D,unicorn_companies_synthetic
AutoPulse,Consumer & retail,France,757000000.0,Series D,unicorn_companies_synthetic
Dataify,E-commerce & direct-to-consumer,India,2419000000.0,Series D,unicorn_companies_synthetic
Smart Hub,E-commerce & direct-to-consumer,United States,280000000.0,Series E,unicorn_companies_synthetic
CyberShift67,E-commerce & direct-to-consumer,United States,37375000000.0,Pre-IPO,unicorn_companies_synthetic
FinStream70,Internet software & services,China,245000000.0,Series E,unicorn_companies_synthetic
Core Networks97,Cybersecurity,India,2945000000.0,Series D,unicorn_companies_synthetic
Space Solutions45,Health,Singapore,1232000000.0,Series F,unicorn_companies_synthetic
AeroStream56,E-commerce & direct-to-consumer,India,391000000.0,Series D,unicorn_companies_synthetic
Auto Networks34,Internet software & services,United Kingdom,626000000.0,Series B,unicorn_companies_synthetic
Cloudio98,Data management & analytics,Israel,613000000.0,Series C,unicorn_companies_synthetic
Autoly,Internet software & services,Brazil,691000000.0,Series E,unicorn_companies_synthetic
Nex Networks,Fintech,United States,1818000000.0,Series C,unicorn_companies_synthetic
TechSpace,Data management & analytics,United States,497000000.0,Series E,unicorn_companies_synthetic
TechZenith,Cybersecurity,United Kingdom,446000000.0,Series E,unicorn_companies_synthetic
Vertex Labs21,Data management & analytics,Brazil,210000000.0,Series D,unicorn_companies_synthetic
MetaGrid59,Data management & analytics,United States,246000000.0,Series B,unicorn_companies_synthetic
Link Technologies19,Other,India,434000000.0,Series B,unicorn_companies_synthetic
FinWave,Other,United States,1229000000.0,Private Equity,unicorn_companies_synthetic
TechCore,Internet software & services,Israel,411000000.0,Series C,unicorn_companies_synthetic
Wave Systems,Edtech,India,677000000.0,Series E,unicorn_companies_synthetic
Stream Solutions63,Health,United States,3162000000.0,Series C,unicorn_companies_synthetic
Health Dynamics,Internet software & services,United States,44734000000.0,Series F,unicorn_companies_synthetic
BioForge,E-commerce & direct-to-consumer,United States,1604000000.0,Series D,unicorn_companies_synthetic
Cyber Networks79,Artificial intelligence,South Korea,1008999999.9999999,Series D,unicorn_companies_synthetic
MetaPulse,Fintech,India,293000000.0,Private Equity,unicorn_companies_synthetic
Meta AI12,Fintech,United States,656000000.0,Series C,unicorn_companies_synthetic
DataBlock,Fintech,France,196000000.0,Series C,unicorn_companies_synthetic
OmniWave,Artificial intelligence,Canada,660000000.0,Series C,unicorn_companies_synthetic
NexVertex,Other,United States,343000000.0,Series D,unicorn_companies_synthetic
BioShift,Fintech,United States,803000000.0,Private Equity,unicorn_companies_synthetic
Aero Base58,E-commerce & direct-to-consumer,Germany,2731000000.0,Series E,unicorn_companies_synthetic
Cloud Systems,Health,United States,436000000.0,Series D,unicorn_companies_synthetic
Shift Base,Fintech,United Kingdom,351000000.0,Pre-IPO,unicorn_companies_synthetic
Streamio34,Health,United Kingdom,9374000000.0,Series C,unicorn_companies_synthetic
Core Systems,Fintech,India,946000000.0,Private Equity,unicorn_companies_synthetic
Bioify,Cybersecurity,United States,987000000.0,Series E,unicorn_companies_synthetic
Nexify56,Artificial intelligence,United States,237000000.0,Series D,unicorn_companies_synthetic
Autoly60,Fintech,United States,722000000.0,Series D,unicorn_companies_synthetic
BioForge46,Internet software & services,Brazil,3086000000.0,Series C,unicorn_companies_synthetic
CloudWave72,Artificial intelligence,United States,350000000.0,Series D,unicorn_companies_synthetic
Vertexly18,Fintech,United States,1191000000.0,Series D,unicorn_companies_synthetic
Stream Solutions47,Fintech,China,361000000.0,Private Equity,unicorn_companies_synthetic
Core Dynamics16,Fintech,China,942000000.0,Series D,unicorn_companies_synthetic
Cloudio16,Fintech,Israel,372000000.0,Series E,unicorn_companies_synthetic
Meta Systems88,Auto & transportation,France,1969000000.0,Series C,unicorn_companies_synthetic
Metaify28,Internet software & services,Canada,451000000.0,Series E,unicorn_companies_synthetic
Cloud Solutions,Cybersecurity,United States,791000000.0,Pre-IPO,unicorn_companies_synthetic
Flow Systems,Artificial intelligence,United States,173000000.0,Series D,unicorn_companies_synthetic
Zenithly,Health,United States,334000000.0,Series D,unicorn_companies_synthetic
TechShift,Fintech,China,505000000.0,Series D,unicorn_companies_synthetic
Pulse Group35,"Supply chain, logistics, & delivery",United States,2080000000.0,Private Equity,unicorn_companies_synthetic
Aero AI97,Health,United States,1070000000.0000001,Series D,unicorn_companies_synthetic
Zenith Labs,Cybersecurity,Israel,283000000.0,Series D,unicorn_companies_synthetic
TechBlock32,Fintech,Canada,1028999999.9999999,Series C,unicorn_companies_synthetic
Flow Labs,Cybersecurity,United States,2739000000.0,Series D,unicorn_companies_synthetic
Cloud Networks82,Fintech,United States,2001999999.9999998,Series C,unicorn_companies_synthetic
Vertex Group4,Fintech,United Kingdom,608000000.0,Series D,unicorn_companies_synthetic
Cloud Technologies,Internet software & services,United Kingdom,585000000.0,Series D,unicorn_companies_synthetic
Flowify44,E-commerce & direct-to-consumer,Brazil,658000000.0,Series E,unicorn_companies_synthetic
Bio Group26,Hardware,Singapore,431000000.0,Series D,unicorn_companies_synthetic
BioSpace90,Fintech,United States,375000000.0,Series E,unicorn_companies_synthetic
Streamio,Cybersecurity,United States,8132999999.999999,Series F,unicorn_companies_synthetic
TechPulse55,Fintech,France,2328000000.0,Series D,unicorn_companies_synthetic
Omni Systems43,Internet software & services,Canada,674000000.0,Series E,unicorn_companies_synthetic
OmniFlow56,Fintech,United Kingdom,2424000000.0,Pre-IPO,unicorn_companies_synthetic
Shift Solutions85,Hardware,United States,8143000000.000001,Series C,unicorn_companies_synthetic
Space Systems70,"Supply chain, logistics, & delivery",China,4647000000.0,Series C,unicorn_companies_synthetic
Cyber Group,Internet software & services,Israel,1188000000.0,Series D,unicorn_companies_synthetic
Cloud Solutions37,Fintech,United States,219000000.0,Series E,unicorn_companies_synthetic
Flow AI13,Data management & analytics,United States,250000000.0,Series D,unicorn_companies_synthetic
Shiftly73,Data management & analytics,United States,427000000.0,Private Equity,unicorn_companies_synthetic
Data Technologies9,E-commerce & direct-to-consumer,United States,774000000.0,Series F,unicorn_companies_synthetic
Stream Base,Health,United States,830000000.0,Private Equity,unicorn_companies_synthetic
MetaVertex34,Internet software & services,United States,396000000.0,Series D,unicorn_companies_synthetic
AutoSpace85,E-commerce & direct-to-consumer,China,2916000000.0,Pre-IPO,unicorn_companies_synthetic
Grid Base59,Health,India,18239000000.0,Series D,unicorn_companies_synthetic
NovaBlock,Edtech,Sweden,295000000.0,Series E,unicorn_companies_synthetic
Metaly63,Cybersecurity,United States,622000000.0,Private Equity,unicorn_companies_synthetic
Forge Solutions51,Fintech,United States,1100000000.0,Series E,unicorn_companies_synthetic
Health Solutions34,Internet software & services,United States,2632000000.0,Pre-IPO,unicorn_companies_synthetic
Forgeio,Health,United States,3672000000.0,Series F,unicorn_companies_synthetic
OmniMind65,Edtech,United States,133000000.0,Series D,unicorn_companies_synthetic
AutoFlow38,Artificial intelligence,China,697000000.0,Series D,unicorn_companies_synthetic
SmartForge11,Other,United States,577000000.0,Series D,unicorn_companies_synthetic
PayFlow,Internet software & services,United States,186000000.0,Series F,unicorn_companies_synthetic
Tech AI82,Fintech,China,1010999999.9999999,Series E,unicorn_companies_synthetic
CyberGrid,Fintech,Germany,1220000000.0,Series B,unicorn_companies_synthetic
Auto Networks11,Health,India,3898000000.0,Series F,unicorn_companies_synthetic
Pay AI6,"Supply chain, logistics, & delivery",United States,420000000.0,Series C,unicorn_companies_synthetic
Cyber Systems62,Health,United States,490000000.0,Series E,unicorn_companies_synthetic
Omni Solutions,Internet software & services,India,580000000.0,Series E,unicorn_companies_synthetic
Nova Group,E-commerce & direct-to-consumer,United States,1182000000.0,Series C,unicorn_companies_synthetic
Health Solutions,Fintech,Israel,837000000.0,Series D,unicorn_companies_synthetic
HealthForge,Health,United States,1362000000.0,Series B,unicorn_companies_synthetic
Vertex Systems71,Data management & analytics,United States,343000000.0,Pre-IPO,unicorn_companies_synthetic
CyberForge,Cybersecurity,France,636000000.0,Series E,unicorn_companies_synthetic
Stream Dynamics,Artificial intelligence,China,383000000.0,Series C,unicorn_companies_synthetic
Payio,Travel,France,944000000.0,Series C,unicorn_companies_synthetic
Core Group,Health,Indonesia,671000000.0,Series E,unicorn_companies_synthetic
SmartGrid86,Internet software & services,United States,408000000.0,Series D,unicorn_companies_synthetic
AeroPulse,Internet software & services,United States,133000000.0,Series D,unicorn_companies_synthetic
Zenithify16,Health,United Kingdom,11849000000.0,Private Equity,unicorn_companies_synthetic
OmniMind,Artificial intelligence,United States,529000000.0,Series E,unicorn_companies_synthetic
CloudBlock88,Artificial intelligence,Singapore,963000000.0,Series F,unicorn_companies_synthetic
DataVertex,E-commerce & direct-to-consumer,United States,9813000000.0,Series C,unicorn_companies_synthetic
Vertex Labs86,Cybersecurity,United Kingdom,1277000000.0,Series D,unicorn_companies_synthetic
Forge Labs30,E-commerce & direct-to-consumer,Brazil,408000000.0,Series E,unicorn_companies_synthetic
Shift Base53,E-commerce & direct-to-consumer,India,340000000.0,Series D,unicorn_companies_synthetic
Forge Networks26,Consumer & retail,India,1293000000.0,Series E,unicorn_companies_synthetic
AeroFlow,E-commerce & direct-to-consumer,United States,726000000.0,Series C,unicorn_companies_synthetic
Vertex Base,Fintech,United States,809000000.0,Series E,unicorn_companies_synthetic
Space Hub90,Internet software & services,United States,815000000.0,Series C,unicorn_companies_synthetic
Shift Hub20,Fintech,United States,448000000.0,Series E,unicorn_companies_synthetic
Nexly64,Health,United States,407000000.0,Series D,unicorn_companies_synthetic
Nex Dynamics,Health,United States,1503000000.0,Series F,unicorn_companies_synthetic
NovaMind76,Auto & transportation,United States,304000000.0,Series F,unicorn_companies_synthetic
Mind Networks52,Artificial intelligence,United States,3281000000.0,Series F,unicorn_companies_synthetic
Space Technologies33,Data management & analytics,India,1014000000.0,Series D,unicorn_companies_synthetic
AutoMind,E-commerce & direct-to-consumer,Singapore,639000000.0,Series D,unicorn_companies_synthetic
OmniStream12,E-commerce & direct-to-consumer,China,1462000000.0,Series D,unicorn_companies_synthetic
Cyber AI,Consumer & retail,China,542000000.0,Series C,unicorn_companies_synthetic
NovaVertex6,E-commerce & direct-to-consumer,United States,601000000.0,Series D,unicorn_companies_synthetic
CloudFlow40,Cybersecurity,United States,1128000000.0,Series F,unicorn_companies_synthetic
Tech Hub,E-commerce & direct-to-consumer,United States,1285000000.0,Series C,unicorn_companies_synthetic
NovaSpace,Internet software & services,United States,503000000.0,Series D,unicorn_companies_synthetic
CyberSpace,Internet software & services,United States,388000000.0,Series E,unicorn_companies_synthetic
PayBlock16,E-commerce & direct-to-consumer,United States,548000000.0,Series B,unicorn_companies_synthetic
Health AI84,E-commerce & direct-to-consumer,United States,402000000.0,Pre-IPO,unicorn_companies_synthetic
AeroCore,Fintech,China,881000000.0,Series D,unicorn_companies_synthetic
Core Base2,Artificial intelligence,United States,293000000.0,Series D,unicorn_companies_synthetic
Smart Technologies59,Consumer & retail,United States,712000000.0,Private Equity,unicorn_companies_synthetic
Smartly,"Supply chain, logistics, & delivery",Germany,1217000000.0,Series C,unicorn_companies_synthetic
FinZenith,Fintech,China,111000000.0,Series E,unicorn_companies_synthetic
Shiftify4,Data management & analytics,China,476000000.0,Series C,unicorn_companies_synthetic
AeroLink,Health,United States,524000000.0,Series E,unicorn_companies_synthetic
Cloudly69,Other,China,484000000.0,Pre-IPO,unicorn_companies_synthetic
Smart Base70,Fintech,China,2270000000.0,Pre-IPO,unicorn_companies_synthetic
Data Group50,Fintech,United States,472000000.0,Series E,unicorn_companies_synthetic
Omni Labs91,"Supply chain, logistics, & delivery",United States,512000000.0,Series C,unicorn_companies_synthetic
Forge Networks,Internet software & services,Canada,632000000.0,Series C,unicorn_companies_synthetic
Data Group38,Internet software & services,India,301000000.0,Series D,unicorn_companies_synthetic
Vertex Systems51,Artificial intelligence,Sweden,665000000.0,Series E,unicorn_companies_synthetic
Bio Base95,Internet software & services,United States,561000000.0,Series D,unicorn_companies_synthetic
Wave Solutions36,Internet software & services,Brazil,206000000.0,Series C,unicorn_companies_synthetic
AeroCore89,Internet software & services,United States,444000000.0,Series D,unicorn_companies_synthetic
MetaGrid,Internet software & services,United States,715000000.0,Series B,unicorn_companies_synthetic
Stream Base23,Data management & analytics,United States,2987000000.0,Series C,unicorn_companies_synthetic
Grid Labs,E-commerce & direct-to-consumer,United States,532000000.0,Series C,unicorn_companies_synthetic
HealthForge77,Artificial intelligence,Germany,434000000.0,Series E,unicorn_companies_synthetic
Dataify5,Fintech,United States,613000000.0,Series E,unicorn_companies_synthetic
Zenithio35,Fintech,United States,447000000.0,Series E,unicorn_companies_synthetic
Stream Systems81,Fintech,United States,272000000.0,Series E,unicorn_companies_synthetic
Coreify,Internet software & services,United States,460000000.0,Series F,unicorn_companies_synthetic
Tech Systems22,Edtech,United States,183000000.0,Series B,unicorn_companies_synthetic
Vertex Technologies67,Internet software & services,United States,6329000000.0,Series D,unicorn_companies_synthetic
TechShift78,Data management & analytics,Sweden,6123000000.0,Series C,unicorn_companies_synthetic
Metaio,E-commerce & direct-to-consumer,United States,722000000.0,Series F,unicorn_companies_synthetic
Cloudly12,Fintech,United States,913000000.0,Series D,unicorn_companies_synthetic
Omni Group55,Consumer & retail,United Kingdom,722000000.0,Series C,unicorn_companies_synthetic
Nova Labs,Artificial intelligence,United States,2793000000.0,Pre-IPO,unicorn_companies_synthetic
TechStream2,E-commerce & direct-to-consumer,India,1179000000.0,Series D,unicorn_companies_synthetic
Vertex Systems79,Fintech,United States,343000000.0,Series D,unicorn_companies_synthetic
MetaForge,Internet software & services,United States,969000000.0,Series D,unicorn_companies_synthetic
DataWave7,Auto & transportation,United States,712000000.0,Series F,unicorn_companies_synthetic
Metaio91,Data management & analytics,India,901000000.0,Series E,unicorn_companies_synthetic
Mindly35,Health,United States,508000000.0,Series D,unicorn_companies_synthetic
Flow Technologies,E-commerce & direct-to-consumer,Germany,851000000.0,Series F,unicorn_companies_synthetic
Shift Hub,Internet software & services,United Kingdom,2950000000.0,Private Equity,unicorn_companies_synthetic
Smartio,Internet software & services,China,381000000.0,Series E,unicorn_companies_synthetic
BioSpace9,Travel,Brazil,1309000000.0,Series D,unicorn_companies_synthetic
Streamify,Fintech,United States,635000000.0,Series C,unicorn_companies_synthetic
Smart Base,Other,United States,185000000.0,Series B,unicorn_companies_synthetic
Cyberify34,Internet software & services,United Kingdom,13105000000.0,Series D,unicorn_companies_synthetic
Wave Hub76,Fintech,United States,1190000000.0,Series D,unicorn_companies_synthetic
Aero Labs,Fintech,United States,510000000.0,Series F,unicorn_companies_synthetic
Bioly1,E-commerce & direct-to-consumer,India,427000000.0,Pre-IPO,unicorn_companies_synthetic
OmniGrid37,Internet software & services,United Kingdom,1364000000.0,Series E,unicorn_companies_synthetic
Zenith Group,Artificial intelligence,United States,758000000.0,Series D,unicorn_companies_synthetic
DataShift24,Artificial intelligence,Germany,1059000000.0,Pre-IPO,unicorn_companies_synthetic
Pay Dynamics31,E-commerce & direct-to-consumer,India,219000000.0,Series C,unicorn_companies_synthetic
Shift Systems,Health,United States,283000000.0,Pre-IPO,unicorn_companies_synthetic
Nova Hub51,Artificial intelligence,Sweden,313000000.0,Series D,unicorn_companies_synthetic
Linkify,Fintech,United States,402000000.0,Series E,unicorn_companies_synthetic
Finly,Fintech,United States,1821000000.0,Series D,unicorn_companies_synthetic
HealthPulse70,Data management & analytics,United States,213000000.0,Series E,unicorn_companies_synthetic
Fin Technologies,Fintech,Singapore,575000000.0,Series C,unicorn_companies_synthetic
Healthify,Health,China,297000000.0,Series F,unicorn_companies_synthetic
Zenith Labs65,Cybersecurity,Canada,784000000.0,Series D,unicorn_companies_synthetic
MetaCore46,Fintech,India,3166000000.0,Pre-IPO,unicorn_companies_synthetic
PayLink,E-commerce & direct-to-consumer,Germany,3857000000.0,Series D,unicorn_companies_synthetic
Vertexly48,Internet software & services,United States,465000000.0,Series D,unicorn_companies_synthetic
Grid Technologies19,"Supply chain, logistics, & delivery",United States,1229000000.0,Series F,unicorn_companies_synthetic
Pulseio,E-commerce & direct-to-consumer,United States,5813000000.0,Pre-IPO,unicorn_companies_synthetic
Data Base,Edtech,United States,1090000000.0,Series E,unicorn_companies_synthetic
NexShift6,Health,United States,489000000.0,Series C,unicorn_companies_synthetic
Pulse Networks,Fintech,China,1617000000.0,Series E,unicorn_companies_synthetic
MetaCore26,Consumer & retail,United States,904000000.0,Series D,unicorn_companies_synthetic
DataGrid,E-commerce & direct-to-consumer,India,228000000.0,Series D,unicorn_companies_synthetic
Block Labs11,Fintech,United States,501000000.0,Series C,unicorn_companies_synthetic
CloudStream,Other,United Kingdom,351000000.0,Series C,unicorn_companies_synthetic
Wavely,Fintech,Australia,291000000.0,Series C,unicorn_companies_synthetic
Smart Systems86,Other,United States,536000000.00000006,Series D,unicorn_companies_synthetic
DataForge,Hardware,United States,621000000.0,Private Equity,unicorn_companies_synthetic
TechFlow,Artificial intelligence,United States,728000000.0,Series E,unicorn_companies_synthetic
Link Group63,Other,Canada,780000000.0,Series C,unicorn_companies_synthetic
OmniForge,Internet software & services,United States,3295000000.0,Pre-IPO,unicorn_companies_synthetic
Zenith Hub,E-commerce & direct-to-consumer,United States,368000000.0,Series D,unicorn_companies_synthetic
Core Dynamics,Fintech,United States,1000999999.9999999,Series D,unicorn_companies_synthetic
Zenith Dynamics21,E-commerce & direct-to-consumer,Indonesia,538000000.0,Series F,unicorn_companies_synthetic
Bioify67,Internet software & services,United Kingdom,4905000000.0,Series C,unicorn_companies_synthetic
Omni Labs,Internet software & services,United States,964000000.0,Series E,unicorn_companies_synthetic
CloudVertex68,Other,United States,292000000.0,Series C,unicorn_companies_synthetic
Bio Solutions87,E-commerce & direct-to-consumer,United States,1211000000.0,Series D,unicorn_companies_synthetic
NovaZenith,Internet software & services,United States,828000000.0,Series F,unicorn_companies_synthetic
Nexify,Artificial intelligence,United States,819000000.0,Series D,unicorn_companies_synthetic
Block Base7,Hardware,United States,1190000000.0,Series F,unicorn_companies_synthetic
DataFlow17,Internet software & services,United States,507000000.0,Series D,unicorn_companies_synthetic
Wave Networks80,Internet software & services,United States,295000000.0,Pre-IPO,unicorn_companies_synthetic
DataWave96,Internet software & services,United States,26001000000.0,Private Equity,unicorn_companies_synthetic
MetaPulse49,Internet software & services,China,441000000.0,Series E,unicorn_companies_synthetic
Forge Group86,Fintech,India,963000000.0,Series B,unicorn_companies_synthetic
Grid Base65,Other,United States,446000000.0,Series B,unicorn_companies_synthetic
Forge Systems,Internet software & services,United States,194000000.0,Series D,unicorn_companies_synthetic
Mind Dynamics,E-commerce & direct-to-consumer,Australia,224000000.0,Series D,unicorn_companies_synthetic
Bio AI,Internet software & services,United States,1059000000.0,Series E,unicorn_companies_synthetic
MetaMind61,"Supply chain, logistics, & delivery",China,476000000.0,Series E,unicorn_companies_synthetic
Space AI49,Fintech,United States,377000000.0,Series D,unicorn_companies_synthetic
FinSpace,Data management & analytics,China,283000000.0,Series B,unicorn_companies_synthetic
Flowify,Fintech,United Kingdom,1006999999.9999999,Series E,unicorn_companies_synthetic
Zenith Base57,Hardware,Israel,332000000.0,Series C,unicorn_companies_synthetic
Vertexify14,E-commerce & direct-to-consumer,United States,1404000000.0,Series D,unicorn_companies_synthetic
Streamio97,"Supply chain, logistics, & delivery",United States,703000000.0,Series D,unicorn_companies_synthetic
DataWave58,Fintech,United States,305000000.0,Series C,unicorn_companies_synthetic
Block Technologies,Fintech,India,1285000000.0,Series D,unicorn_companies_synthetic
Novaify27,"Supply chain, logistics, & delivery",United States,685000000.0,Series C,unicorn_companies_synthetic
Link Base,Internet software & services,United States,1171000000.0,Series E,unicorn_companies_synthetic
Vertex Base19,Fintech,United States,535000000.00000006,Series E,unicorn_companies_synthetic
Omni Technologies95,Internet software & services,United States,201000000.0,Series E,unicorn_companies_synthetic
NovaVertex,Fintech,Israel,497000000.0,Series D,unicorn_companies_synthetic
Forge Labs,Fintech,France,862000000.0,Series C,unicorn_companies_synthetic
AutoShift40,E-commerce & direct-to-consumer,United States,867000000.0,Series D,unicorn_companies_synthetic
FinForge,E-commerce & direct-to-consumer,India,461000000.0,Series D,unicorn_companies_synthetic
PayCore3,Health,United States,732000000.0,Series E,unicorn_companies_synthetic
Flow Group,Fintech,China,2025000000.0,Series D,unicorn_companies_synthetic
Forgeify44,Internet software & services,United States,1581000000.0,Pre-IPO,unicorn_companies_synthetic
DataMind,Artificial intelligence,China,958000000.0,Series D,unicorn_companies_synthetic
Meta Systems91,Internet software & services,United States,951000000.0,Series C,unicorn_companies_synthetic
Wave Dynamics47,Cybersecurity,Germany,401000000.0,Series C,unicorn_companies_synthetic
Nova Networks,Hardware,China,1002000000.0,Series B,unicorn_companies_synthetic
BioGrid58,"Supply chain, logistics, & delivery",South Korea,362000000.0,Series E,unicorn_companies_synthetic
Wave Technologies,Cybersecurity,United States,388000000.0,Series C,unicorn_companies_synthetic
HealthVertex95,Fintech,China,556000000.0,Series C,unicorn_companies_synthetic
BioSpace,Auto & transportation,Brazil,199000000.0,Series E,unicorn_companies_synthetic
BioPulse42,Fintech,United States,2800000000.0,Series B,unicorn_companies_synthetic
AutoBlock,E-commerce & direct-to-consumer,Germany,1457000000.0,Series E,unicorn_companies_synthetic
NexForge52,Fintech,United States,5044000000.0,Series E,unicorn_companies_synthetic
OmniFlow,Health,United States,127000000.0,Series C,unicorn_companies_synthetic
Mind Networks39,Fintech,Germany,660000000.0,Pre-IPO,unicorn_companies_synthetic
Cloud Hub43,Fintech,China,1096000000.0,Series C,unicorn_companies_synthetic
CyberFlow,E-commerce & direct-to-consumer,United States,422000000.0,Series D,unicorn_companies_synthetic
Tech Technologies61,E-commerce & direct-to-consumer,United States,351000000.0,Private Equity,unicorn_companies_synthetic
Core Solutions,Artificial intelligence,United States,2562000000.0,Series D,unicorn_companies_synthetic
HealthMind93,"Supply chain, logistics, & delivery",Japan,1362000000.0,Series D,unicorn_companies_synthetic
Nex Technologies67,Internet software & services,China,767000000.0,Series C,unicorn_companies_synthetic
TechLink,Fintech,United States,389000000.0,Series D,unicorn_companies_synthetic
MetaCore87,Artificial intelligence,Indonesia,367000000.0,Series E,unicorn_companies_synthetic
Block Hub,Fintech,Indonesia,233000000.0,Series C,unicorn_companies_synthetic
OmniLink,Internet software & services,United States,1841000000.0,Series E,unicorn_companies_synthetic
Blockly32,Internet software & services,Germany,3315000000.0,Series D,unicorn_companies_synthetic
Shift Labs1,E-commerce & direct-to-consumer,China,431000000.0,Series E,unicorn_companies_synthetic
Pulse Dynamics34,Artificial intelligence,United States,170000000.0,Series D,unicorn_companies_synthetic
Pulse Labs29,Fintech,United States,267000000.00000003,Private Equity,unicorn_companies_synthetic
NovaForge,Internet software & services,United States,3771000000.0,Series D,unicorn_companies_synthetic
Tech Systems,Auto & transportation,Indonesia,693000000.0,Series D,unicorn_companies_synthetic
Zenith Labs56,Fintech,China,313000000.0,Pre-IPO,unicorn_companies_synthetic
DataForge27,Fintech,China,2606000000.0,Series E,unicorn_companies_synthetic
Pulse Solutions,Fintech,China,1569000000.0,Series C,unicorn_companies_synthetic
Omni Hub,"Supply chain, logistics, & delivery",United Kingdom,873000000.0,Series E,unicorn_companies_synthetic
Nova Dynamics58,"Supply chain, logistics, & delivery",United States,2402000000.0,Series E,unicorn_companies_synthetic
Shift Networks,Internet software & services,China,1014000000.0,Pre-IPO,unicorn_companies_synthetic
Shift Solutions40,"Supply chain, logistics, & delivery",United States,5365000000.0,Series C,unicorn_companies_synthetic
Mind Systems,Fintech,United States,330000000.0,Series E,unicorn_companies_synthetic
Metaly30,Internet software & services,United Kingdom,2853000000.0,Series C,unicorn_companies_synthetic
Shift AI6,Fintech,Australia,527000000.0,Series E,unicorn_companies_synthetic
AeroVertex94,Cybersecurity,United States,3467000000.0,Series D,unicorn_companies_synthetic
Mind Dynamics9,Cybersecurity,United States,610000000.0,Series C,unicorn_companies_synthetic
Vertex Networks,Internet software & services,Germany,288000000.0,Series D,unicorn_companies_synthetic
Health Technologies2,Artificial intelligence,United States,5026000000.0,Pre-IPO,unicorn_companies_synthetic
MetaMind,Fintech,South Korea,342000000.0,Series F,unicorn_companies_synthetic
CloudSpace,Hardware,United States,513000000.0,Series D,unicorn_companies_synthetic
Block Dynamics,Health,France,623000000.0,Series D,unicorn_companies_synthetic
NovaBlock16,Internet software & services,United States,46487000000.0,Series D,unicorn_companies_synthetic
CyberForge7,Health,Brazil,1829000000.0,Series F,unicorn_companies_synthetic
CyberWave53,Internet software & services,Brazil,388000000.0,Series B,unicorn_companies_synthetic
Shift Systems6,Fintech,Singapore,1865000000.0,Series E,unicorn_companies_synthetic
Block AI,Internet software & services,Canada,841000000.0,Series D,unicorn_companies_synthetic
Nova Solutions,Other,Germany,676000000.0,Private Equity,unicorn_companies_synthetic
MetaStream93,Fintech,China,4371000000.0,Series F,unicorn_companies_synthetic
Data Hub,Artificial intelligence,Sweden,483000000.0,Series E,unicorn_companies_synthetic
Aero Labs49,Auto & transportation,India,597000000.0,Private Equity,unicorn_companies_synthetic
CloudGrid,E-commerce & direct-to-consumer,China,1165000000.0,Series D,unicorn_companies_synthetic
FinSpace26,Data management & analytics,India,398000000.0,Series E,unicorn_companies_synthetic
Meta AI,Health,Israel,376000000.0,Series D,unicorn_companies_synthetic
FinSpace8,Cybersecurity,Germany,637000000.0,Series B,unicorn_companies_synthetic
AeroCore4,E-commerce & direct-to-consumer,China,519000000.0,Private Equity,unicorn_companies_synthetic
Health Group98,Cybersecurity,India,611000000.0,Series D,unicorn_companies_synthetic
SmartFlow,Auto & transportation,India,300000000.0,Series D,unicorn_companies_synthetic
Finly63,Hardware,United States,2531000000.0,Private Equity,unicorn_companies_synthetic
Grid Dynamics24,Artificial intelligence,China,763000000.0,Series E,unicorn_companies_synthetic
Link Technologies,E-commerce & direct-to-consumer,China,4640000000.0,Private Equity,unicorn_companies_synthetic
Novaify,Fintech,United States,426000000.0,Series D,unicorn_companies_synthetic
CloudZenith,E-commerce & direct-to-consumer,Israel,327000000.0,Series D,unicorn_companies_synthetic
Block Group,Health,Germany,530000000.0,Series C,unicorn_companies_synthetic
Nex Group98,Internet software & services,India,672000000.0,Pre-IPO,unicorn_companies_synthetic
MetaVertex,"Supply chain, logistics, & delivery",United States,913000000.0,Series C,unicorn_companies_synthetic
Link Solutions63,Health,China,856000000.0,Series E,unicorn_companies_synthetic
Omnily85,"Supply chain, logistics, & delivery",United Kingdom,1588000000.0,Series D,unicorn_companies_synthetic
Wave Systems91,Fintech,United States,542000000.0,Series D,unicorn_companies_synthetic
OmniFlow72,"Supply chain, logistics, & delivery",Brazil,1148000000.0,Pre-IPO,unicorn_companies_synthetic
Healthify98,Cybersecurity,India,1332000000.0,Series C,unicorn_companies_synthetic
SmartVertex13,Other,United States,473000000.0,Series D,unicorn_companies_synthetic
Metaify76,Internet software & services,India,1264000000.0,Series B,unicorn_companies_synthetic
CloudBlock,Health,United States,2682000000.0,Series B,unicorn_companies_synthetic
Omniify94,Internet software & services,United States,966000000.0,Series D,unicorn_companies_synthetic
CyberGrid6,Health,United Kingdom,469000000.0,Series E,unicorn_companies_synthetic
Auto Hub,Fintech,United States,416000000.0,Series E,unicorn_companies_synthetic
Vertex Technologies51,E-commerce & direct-to-consumer,United States,2606000000.0,Series D,unicorn_companies_synthetic
Core Technologies29,Auto & transportation,China,452000000.0,Series F,unicorn_companies_synthetic
Gridly44,E-commerce & direct-to-consumer,United States,332000000.0,Series F,unicorn_companies_synthetic
Tech Technologies62,Cybersecurity,China,7634000000.0,Series F,unicorn_companies_synthetic
Pulsely,"Supply chain, logistics, & delivery",United States,562000000.0,Private Equity,unicorn_companies_synthetic
CyberPulse12,Artificial intelligence,United States,276000000.0,Series E,unicorn_companies_synthetic
AutoZenith,Data management & analytics,India,1459000000.0,Series F,unicorn_companies_synthetic
Smart Systems65,Fintech,United States,2109999999.9999998,Series F,unicorn_companies_synthetic
Gridify,Fintech,India,1609000000.0,Pre-IPO,unicorn_companies_synthetic
Smart Solutions10,Internet software & services,Germany,751000000.0,Series F,unicorn_companies_synthetic
Block Systems75,Fintech,Sweden,658000000.0,Series E,unicorn_companies_synthetic
NexShift90,Other,Israel,1473000000.0,Series B,unicorn_companies_synthetic
Nova Technologies57,Edtech,India,438000000.0,Series E,unicorn_companies_synthetic
Shift Dynamics70,Health,China,130000000.0,Series D,unicorn_companies_synthetic
Flow Dynamics18,Cybersecurity,Brazil,358000000.0,Series F,unicorn_companies_synthetic
Shift Systems71,Artificial intelligence,India,712000000.0,Pre-IPO,unicorn_companies_synthetic
Zenith Group12,Artificial intelligence,South Korea,635000000.0,Series E,unicorn_companies_synthetic
Zenith Hub77,Cybersecurity,United States,464000000.0,Series D,unicorn_companies_synthetic
Smart Labs62,Internet software & services,China,532000000.0,Series D,unicorn_companies_synthetic
Space Networks37,Internet software & services,United States,505000000.0,Series F,unicorn_companies_synthetic
Health Solutions79,Fintech,South Korea,588000000.0,Series E,unicorn_companies_synthetic
FinShift34,Health,China,3242000000.0,Series D,unicorn_companies_synthetic
Autoify7,Fintech,Indonesia,6999000000.0,Series E,unicorn_companies_synthetic
Cyberify36,Hardware,United Kingdom,1195000000.0,Series D,unicorn_companies_synthetic
Nex Technologies55,Internet software & services,Germany,486000000.0,Series B,unicorn_companies_synthetic
Novaio,Fintech,India,335000000.0,Series D,unicorn_companies_synthetic
Smart Group90,Internet software & services,China,1450000000.0,Series F,unicorn_companies_synthetic
Nex Labs,E-commerce & direct-to-consumer,United States,366000000.0,Series D,unicorn_companies_synthetic
Cyber Group78,Artificial intelligence,China,510000000.0,Pre-IPO,unicorn_companies_synthetic
Nex Networks12,Consumer & retail,United States,4344000000.0,Pre-IPO,unicorn_companies_synthetic
Data Group18,Cybersecurity,United Kingdom,565000000.0,Series D,unicorn_companies_synthetic
Forge Solutions50,Cybersecurity,United States,2461000000.0,Series C,unicorn_companies_synthetic
Tech Base95,Health,United States,1854000000.0,Series F,unicorn_companies_synthetic
AeroBlock23,Internet software & services,China,1028000000.0,Series D,unicorn_companies_synthetic
Spacely3,Other,India,583000000.0,Series D,unicorn_companies_synthetic
Data Technologies,Auto & transportation,United States,615000000.0,Series E,unicorn_companies_synthetic
Streamly94,Health,United States,561000000.0,Pre-IPO,unicorn_companies_synthetic
PayCore30,Internet software & services,South Korea,814000000.0,Series C,unicorn_companies_synthetic
Link AI43,Internet software & services,Germany,958000000.0,Series D,unicorn_companies_synthetic
PayPulse,Fintech,China,24403000000.0,Pre-IPO,unicorn_companies_synthetic
Link Labs92,Auto & transportation,United States,323000000.0,Series E,unicorn_companies_synthetic
Shift Group,Other,United States,662000000.0,Series B,unicorn_companies_synthetic
MetaBlock,Artificial intelligence,United Kingdom,3896000000.0,Series C,unicorn_companies_synthetic
Smartify,E-commerce & direct-to-consumer,India,687000000.0,Series F,unicorn_companies_synthetic
Wave Dynamics38,Health,China,6174000000.0,Series F,unicorn_companies_synthetic
CyberZenith72,Hardware,United Kingdom,4780000000.0,Series D,unicorn_companies_synthetic
NexMind29,Data management & analytics,China,488000000.0,Pre-IPO,unicorn_companies_synthetic
Cloud Hub,Artificial intelligence,Singapore,545000000.0,Series C,unicorn_companies_synthetic
Fin Group21,Health,United Kingdom,708000000.0,Series B,unicorn_companies_synthetic
OmniGrid92,Consumer & retail,United States,881000000.0,Pre-IPO,unicorn_companies_synthetic
Bio Networks,Cybersecurity,Germany,413000000.0,Series D,unicorn_companies_synthetic
Forge Technologies,Internet software & services,United States,414000000.0,Series D,unicorn_companies_synthetic
NovaFlow,Other,United Kingdom,431000000.0,Series D,unicorn_companies_synthetic
Core Technologies88,Fintech,United States,1622000000.0,Pre-IPO,unicorn_companies_synthetic
Pulse Hub63,Fintech,India,2497000000.0,Series C,unicorn_companies_synthetic
Dataio86,Internet software & services,United States,1796000000.0,Private Equity,unicorn_companies_synthetic
Space AI53,Hardware,United States,464000000.0,Series E,unicorn_companies_synthetic
SmartMind,E-commerce & direct-to-consumer,China,433000000.0,Pre-IPO,unicorn_companies_synthetic
Shift Solutions,Fintech,United States,827000000.0,Series F,unicorn_companies_synthetic
Smart Group,Internet software & services,India,1119000000.0,Series B,unicorn_companies_synthetic
Vertexly,Fintech,United States,2516000000.0,Series D,unicorn_companies_synthetic
Vertexify,Edtech,United States,622000000.0,Series D,unicorn_companies_synthetic
Fin Solutions,Health,United Kingdom,1014999999.9999999,Private Equity,unicorn_companies_synthetic
OmniStream,Fintech,Brazil,2424000000.0,Series C,unicorn_companies_synthetic
Nex AI8,Other,United States,991000000.0,Series D,unicorn_companies_synthetic
SmartGrid,Internet software & services,United States,440000000.0,Pre-IPO,unicorn_companies_synthetic
Aero Technologies,Internet software & services,South Korea,687000000.0,Series E,unicorn_companies_synthetic
Pulse Technologies72,Consumer & retail,United States,289000000.0,Series D,unicorn_companies_synthetic
Stream Technologies49,E-commerce & direct-to-consumer,United States,906000000.0,Series D,unicorn_companies_synthetic
Bio AI53,Health,Brazil,1056000000.0,Series D,unicorn_companies_synthetic
Aero Technologies21,Internet software & services,United States,321000000.0,Series D,unicorn_companies_synthetic
DataStream,Cybersecurity,China,282000000.0,Series F,unicorn_companies_synthetic
Zenithify,Data management & analytics,United States,259000000.0,Series C,unicorn_companies_synthetic
Block Base82,Fintech,United Kingdom,444000000.0,Series C,unicorn_companies_synthetic
AeroBlock62,Consumer & retail,United States,508000000.0,Series C,unicorn_companies_synthetic
Shiftly7,Consumer & retail,United States,501000000.0,Series D,unicorn_companies_synthetic
Stream AI13,Other,United States,6929000000.0,Series C,unicorn_companies_synthetic
Wave Dynamics80,"Supply chain, logistics, & delivery",Canada,1010999999.9999999,Series C,unicorn_companies_synthetic
Wave Dynamics79,Fintech,India,21310000000.0,Series E,unicorn_companies_synthetic
NovaWave,Data management & analytics,United States,867000000.0,Series D,unicorn_companies_synthetic
Mind Group44,Fintech,Indonesia,465000000.0,Series D,unicorn_companies_synthetic
Meta AI98,"Supply chain, logistics, & delivery",Canada,1209000000.0,Series D,unicorn_companies_synthetic
HealthCore35,Fintech,China,479000000.0,Series C,unicorn_companies_synthetic
Payify85,Other,South Korea,761000000.0,Series F,unicorn_companies_synthetic
Flow Labs44,Data management & analytics,United States,46730000000.0,Series C,unicorn_companies_synthetic
Space Hub41,Cybersecurity,Singapore,2170000000.0,Private Equity,unicorn_companies_synthetic
NexFlow,Internet software & services,Canada,3341000000.0,Series C,unicorn_companies_synthetic
Grid Solutions,Edtech,United States,521000000.0,Series B,unicorn_companies_synthetic
DataStream10,Internet software & services,India,423000000.0,Private Equity,unicorn_companies_synthetic
Grid Hub98,Artificial intelligence,China,1128000000.0,Series C,unicorn_companies_synthetic
Nova Systems,Health,United States,763000000.0,Series E,unicorn_companies_synthetic
Health Labs,Internet software & services,Singapore,628000000.0,Series D,unicorn_companies_synthetic
Link Dynamics42,Health,China,733000000.0,Series E,unicorn_companies_synthetic
Pay AI,Health,India,214000000.0,Series E,unicorn_companies_synthetic
Gridly,Internet software & services,Singapore,4541000000.0,Private Equity,unicorn_companies_synthetic
OmniLink19,Cybersecurity,Australia,1128000000.0,Series D,unicorn_companies_synthetic
Omni Technologies,Internet software & services,United States,415000000.0,Series C,unicorn_companies_synthetic
Smart Dynamics,Health,United States,1814000000.0,Series E,unicorn_companies_synthetic
Meta Technologies41,Health,United States,783000000.0,Series D,unicorn_companies_synthetic
BioGrid,Data management & analytics,United States,881000000.0,Series D,unicorn_companies_synthetic
CloudSpace6,Artificial intelligence,United States,584000000.0,Series E,unicorn_companies_synthetic
Space AI26,Cybersecurity,United States,800000000.0,Series C,unicorn_companies_synthetic
PayVertex,Data management & analytics,China,1070000000.0000001,Series D,unicorn_companies_synthetic
Pulse Labs56,Consumer & retail,South Korea,342000000.0,Series B,unicorn_companies_synthetic
Flow Networks,Edtech,United States,479000000.0,Private Equity,unicorn_companies_synthetic
Shift Base66,Fintech,United States,1542000000.0,Series C,unicorn_companies_synthetic
Cyber Solutions,Cybersecurity,United States,712000000.0,Series E,unicorn_companies_synthetic
HealthCore51,Auto & transportation,United States,658000000.0,Series C,unicorn_companies_synthetic
Payify,Fintech,France,679000000.0,Private Equity,unicorn_companies_synthetic
Pulse AI73,Data management & analytics,China,1359000000.0,Private Equity,unicorn_companies_synthetic
Waveify79,Artificial intelligence,United States,1287000000.0,Series D,unicorn_companies_synthetic
Meta Group,Fintech,United States,471000000.0,Series D,unicorn_companies_synthetic
Aeroly,Fintech,Brazil,624000000.0,Series D,unicorn_companies_synthetic
Space Technologies,E-commerce & direct-to-consumer,Israel,4219999999.9999995,Series C,unicorn_companies_synthetic
Health Group,Internet software & services,Israel,557000000.0,Series B,unicorn_companies_synthetic
Data Dynamics,E-commerce & direct-to-consumer,China,171000000.0,Series D,unicorn_companies_synthetic
Wavely4,E-commerce & direct-to-consumer,United Kingdom,442000000.0,Series E,unicorn_companies_synthetic
Grid Technologies88,Artificial intelligence,United Kingdom,226000000.0,Series F,unicorn_companies_synthetic
Wave Base28,Health,United States,309000000.0,Series D,unicorn_companies_synthetic
Link AI,Internet software & services,United States,545000000.0,Private Equity,unicorn_companies_synthetic
DataStream70,Health,China,773000000.0,Series F,unicorn_companies_synthetic
CyberSpace66,Health,Indonesia,269000000.0,Series E,unicorn_companies_synthetic
PayForge59,Hardware,United States,601000000.0,Series F,unicorn_companies_synthetic
PayPulse31,Consumer & retail,United States,423000000.0,Private Equity,unicorn_companies_synthetic
BioBlock33,Internet software & services,India,2838000000.0,Pre-IPO,unicorn_companies_synthetic
Bioio,Artificial intelligence,United States,644000000.0,Series C,unicorn_companies_synthetic
FinStream,Health,United States,478000000.0,Series C,unicorn_companies_synthetic
AeroSpace51,Other,United States,673000000.0,Series D,unicorn_companies_synthetic
NexZenith18,Artificial intelligence,Israel,514000000.0,Pre-IPO,unicorn_companies_synthetic
Vertex Hub37,Fintech,United States,831000000.0,Series D,unicorn_companies_synthetic
Bio Labs82,E-commerce & direct-to-consumer,United States,395000000.0,Series D,unicorn_companies_synthetic
Smart Solutions,Other,United States,1111000000.0,Series F,unicorn_companies_synthetic
HealthPulse,Internet software & services,United States,9602000000.0,Series D,unicorn_companies_synthetic
SmartZenith71,Internet software & services,India,1074000000.0,Series E,unicorn_companies_synthetic
Linkify64,Internet software & services,China,378000000.0,Pre-IPO,unicorn_companies_synthetic
Auto AI47,Internet software & services,Sweden,649000000.0,Series C,unicorn_companies_synthetic
Streamly78,Internet software & services,China,505000000.0,Series D,unicorn_companies_synthetic
Link AI1,Fintech,India,23121000000.0,Series E,unicorn_companies_synthetic
Nex Base49,Hardware,Singapore,380000000.0,Series D,unicorn_companies_synthetic
HealthPulse22,E-commerce & direct-to-consumer,United Kingdom,1333000000.0,Series C,unicorn_companies_synthetic
Pulse Solutions54,E-commerce & direct-to-consumer,United States,1183000000.0,Series D,unicorn_companies_synthetic
HealthZenith,Internet software & services,United States,828000000.0,Series E,unicorn_companies_synthetic
Tech Group16,Hardware,Canada,1125000000.0,Series D,unicorn_companies_synthetic
Zenithio7,Artificial intelligence,Israel,891000000.0,Series F,unicorn_companies_synthetic
OmniForge41,"Supply chain, logistics, & delivery",China,518000000.0,Series D,unicorn_companies_synthetic
Space Group81,"Supply chain, logistics, & delivery",China,669000000.0,Series E,unicorn_companies_synthetic
Streamly,Internet software & services,China,2204000000.0,Series E,unicorn_companies_synthetic
BioFlow,Internet software & services,United States,643000000.0,Series D,unicorn_companies_synthetic
MetaLink29,"Supply chain, logistics, & delivery",United Kingdom,3593000000.0,Private Equity,unicorn_companies_synthetic
Flowly2,"Supply chain, logistics, & delivery",China,233000000.0,Series C,unicorn_companies_synthetic
Blockify43,Hardware,China,9725000000.0,Series C,unicorn_companies_synthetic
CloudFlow76,Fintech,United States,911000000.0,Series D,unicorn_companies_synthetic
Pay Group22,Fintech,China,1448000000.0,Private Equity,unicorn_companies_synthetic
Auto Systems3,Cybersecurity,China,474000000.0,Series D,unicorn_companies_synthetic
SmartLink12,"Supply chain, logistics, & delivery",India,602000000.0,Series F,unicorn_companies_synthetic
CloudBlock39,Internet software & services,Sweden,462000000.0,Series E,unicorn_companies_synthetic
Shift Networks81,Edtech,Brazil,579000000.0,Pre-IPO,unicorn_companies_synthetic
Pay Labs54,Health,China,1945000000.0,Series D,unicorn_companies_synthetic
Metaify,Health,India,772000000.0,Pre-IPO,unicorn_companies_synthetic
Health Systems,Health,Brazil,634000000.0,Series C,unicorn_companies_synthetic
Health Dynamics75,Fintech,Brazil,1104000000.0,Series C,unicorn_companies_synthetic
Aero Group88,Edtech,United States,496000000.0,Series E,unicorn_companies_synthetic
Smart Solutions98,Artificial intelligence,Brazil,216000000.0,Series D,unicorn_companies_synthetic
NexSpace,Internet software & services,Brazil,7965000000.0,Series C,unicorn_companies_synthetic
NovaMind12,E-commerce & direct-to-consumer,China,319000000.0,Series D,unicorn_companies_synthetic
CloudWave,Artificial intelligence,United States,713000000.0,Series D,unicorn_companies_synthetic
Aeroify83,Artificial intelligence,United States,1918000000.0,Series E,unicorn_companies_synthetic
DataShift69,Health,France,1169000000.0,Series C,unicorn_companies_synthetic
HealthVertex,Auto & transportation,Sweden,1194000000.0,Series D,unicorn_companies_synthetic
MetaShift9,Artificial intelligence,China,977000000.0,Series D,unicorn_companies_synthetic
Blockify,Health,Canada,3217000000.0,Series C,unicorn_companies_synthetic
Mind Base,Internet software & services,United States,218000000.0,Series D,unicorn_companies_synthetic
AeroSpace86,Health,United States,537000000.0,Series C,unicorn_companies_synthetic
FinGrid,Fintech,Indonesia,2405000000.0,Private Equity,unicorn_companies_synthetic
Block Labs,Internet software & services,China,3361000000.0,Series D,unicorn_companies_synthetic
OmniBlock25,Health,United States,353000000.0,Series F,unicorn_companies_synthetic
Block Hub3,Internet software & services,United States,352000000.0,Series E,unicorn_companies_synthetic
AutoVertex83,Artificial intelligence,United States,2101999999.9999998,Pre-IPO,unicorn_companies_synthetic
Auto Labs91,Cybersecurity,India,838000000.0,Series D,unicorn_companies_synthetic
Novaify5,"Supply chain, logistics, & delivery",United States,363000000.0,Series F,unicorn_companies_synthetic
Data Group37,Fintech,China,2109999999.9999998,Series B,unicorn_companies_synthetic
Fin Group,Consumer & retail,France,737000000.0,Series D,unicorn_companies_synthetic
AutoVertex11,E-commerce & direct-to-consumer,China,342000000.0,Series C,unicorn_companies_synthetic
Gridly43,E-commerce & direct-to-consumer,United Kingdom,1262000000.0,Pre-IPO,unicorn_companies_synthetic
Block Hub11,Artificial intelligence,United States,2088000000.0,Series D,unicorn_companies_synthetic
AutoSpace65,Consumer & retail,United States,1182000000.0,Pre-IPO,unicorn_companies_synthetic
Cloudify,Fintech,United Kingdom,715000000.0,Series C,unicorn_companies_synthetic
Blockly27,"Supply chain, logistics, & delivery",Israel,302000000.0,Pre-IPO,unicorn_companies_synthetic
BioLink,"Supply chain, logistics, & delivery",Israel,357000000.0,Series E,unicorn_companies_synthetic
NovaMind81,Travel,China,356000000.0,Series E,unicorn_companies_synthetic
SmartWave58,Cybersecurity,Indonesia,1261000000.0,Pre-IPO,unicorn_companies_synthetic
Omni AI73,Fintech,China,259000000.0,Series E,unicorn_companies_synthetic
CyberStream,E-commerce & direct-to-consumer,United States,477000000.0,Series B,unicorn_companies_synthetic
Bio Solutions46,E-commerce & direct-to-consumer,United States,502000000.0,Pre-IPO,unicorn_companies_synthetic
Stream Base65,Data management & analytics,Germany,854000000.0,Series E,unicorn_companies_synthetic
Tech Labs11,E-commerce & direct-to-consumer,United Kingdom,248000000.0,Series C,unicorn_companies_synthetic
Link Hub35,Other,United Kingdom,299000000.0,Pre-IPO,unicorn_companies_synthetic
Cyber Base61,Internet software & services,China,707000000.0,Series D,unicorn_companies_synthetic
Smart Base49,Fintech,Sweden,163000000.0,Pre-IPO,unicorn_companies_synthetic
PayMind84,Internet software & services,United States,1681000000.0,Series D,unicorn_companies_synthetic
Tech Solutions,E-commerce & direct-to-consumer,United States,258000000.0,Series D,unicorn_companies_synthetic
Cyber Technologies41,Fintech,United States,893000000.0,Series D,unicorn_companies_synthetic
DataZenith88,Fintech,Japan,2466000000.0,Series F,unicorn_companies_synthetic
Streamify96,Internet software & services,China,349000000.0,Series C,unicorn_companies_synthetic
Pulseio33,Internet software & services,United States,249000000.0,Series D,unicorn_companies_synthetic
Zenith AI10,E-commerce & direct-to-consumer,China,1308000000.0,Series C,unicorn_companies_synthetic
Forge Group31,Artificial intelligence,United States,249000000.0,Series D,unicorn_companies_synthetic
MetaLink77,Internet software & services,United States,260000000.0,Pre-IPO,unicorn_companies_synthetic
Health AI,Internet software & services,United States,368000000.0,Series C,unicorn_companies_synthetic
Pulse Dynamics,Hardware,United States,505000000.0,Series E,unicorn_companies_synthetic
CyberVertex60,E-commerce & direct-to-consumer,United States,234000000.0,Series B,unicorn_companies_synthetic
Shift Base25,Auto & transportation,United States,2137000000.0,Series C,unicorn_companies_synthetic
Grid Systems,Artificial intelligence,Sweden,966000000.0,Series D,unicorn_companies_synthetic
Space Base,E-commerce & direct-to-consumer,India,605000000.0,Series C,unicorn_companies_synthetic
Fin Technologies85,Fintech,United Kingdom,408000000.0,Series D,unicorn_companies_synthetic
AutoVertex55,E-commerce & direct-to-consumer,China,452000000.0,Series E,unicorn_companies_synthetic
AutoSpace,"Supply chain, logistics, & delivery",China,204000000.0,Pre-IPO,unicorn_companies_synthetic
SmartCore,Fintech,United Kingdom,505000000.0,Series B,unicorn_companies_synthetic
Novaify92,"Supply chain, logistics, & delivery",Indonesia,60603000000.0,Series E,unicorn_companies_synthetic
Bioio24,Other,United States,204000000.0,Pre-IPO,unicorn_companies_synthetic
Pay Group63,Hardware,India,725000000.0,Series E,unicorn_companies_synthetic
Wavely19,Health,United Kingdom,710000000.0,Series D,unicorn_companies_synthetic
SmartShift68,Artificial intelligence,Australia,467000000.0,Series E,unicorn_companies_synthetic
Linkly16,Internet software & services,United States,516000000.0,Series C,unicorn_companies_synthetic
Pay Technologies49,Data management & analytics,United States,461000000.0,Series E,unicorn_companies_synthetic
Mind Solutions4,Other,United States,672000000.0,Series E,unicorn_companies_synthetic
Auto Labs,Health,Sweden,131000000.0,Series F,unicorn_companies_synthetic
Meta Technologies50,Internet software & services,United States,705000000.0,Series E,unicorn_companies_synthetic
Tech Technologies,Fintech,France,483000000.0,Series E,unicorn_companies_synthetic
Fin Base21,Internet software & services,United States,864000000.0,Series D,unicorn_companies_synthetic
Dataly,Data management & analytics,United States,726000000.0,Series B,unicorn_companies_synthetic
Mind Solutions,Artificial intelligence,United States,643000000.0,Series D,unicorn_companies_synthetic
Smart AI,Travel,France,117000000.0,Private Equity,unicorn_companies_synthetic
Nex Hub27,Data management & analytics,China,3730000000.0,Series E,unicorn_companies_synthetic
Mindly98,Fintech,France,431000000.0,Series D,unicorn_companies_synthetic
Healthify62,Fintech,Germany,4355000000.0,Series F,unicorn_companies_synthetic
NexCore11,Internet software & services,China,344000000.0,Series F,unicorn_companies_synthetic
Nex Base63,Internet software & services,United Kingdom,131000000.0,Series D,unicorn_companies_synthetic
Bio Group50,Artificial intelligence,United States,994000000.0,Pre-IPO,unicorn_companies_synthetic
Waveify,E-commerce & direct-to-consumer,United States,583000000.0,Series F,unicorn_companies_synthetic
DataSpace,Internet software & services,India,542000000.0,Series C,unicorn_companies_synthetic
Pay Technologies14,Other,China,692000000.0,Pre-IPO,unicorn_companies_synthetic
SmartZenith57,Other,United States,311000000.0,Series D,unicorn_companies_synthetic
Data Solutions,Hardware,United States,3442000000.0,Series D,unicorn_companies_synthetic
Omni Systems1,Fintech,United States,973000000.0,Series E,unicorn_companies_synthetic
Block Group6,Other,France,895000000.0,Series C,unicorn_companies_synthetic
Auto Dynamics,Internet software & services,Singapore,5993000000.0,Series C,unicorn_companies_synthetic
NexShift,E-commerce & direct-to-consumer,Israel,193000000.0,Pre-IPO,unicorn_companies_synthetic
Vertexio,Other,India,661000000.0,Series C,unicorn_companies_synthetic
Healthify66,Data management & analytics,India,863000000.0,Series B,unicorn_companies_synthetic
CloudMind42,Health,United States,1154000000.0,Series E,unicorn_companies_synthetic
Tech Networks66,Hardware,United Kingdom,426000000.0,Series E,unicorn_companies_synthetic
Wave Hub,Hardware,United States,585000000.0,Private Equity,unicorn_companies_synthetic
DataCore26,E-commerce & direct-to-consumer,United Kingdom,846000000.0,Series D,unicorn_companies_synthetic
Grid Labs6,E-commerce & direct-to-consumer,India,5131000000.0,Series B,unicorn_companies_synthetic
AutoForge36,E-commerce & direct-to-consumer,United States,943000000.0,Pre-IPO,unicorn_companies_synthetic
Bio Labs38,Artificial intelligence,United States,661000000.0,Series D,unicorn_companies_synthetic
Zenithify65,Data management & analytics,United States,487000000.0,Series D,unicorn_companies_synthetic
Fin Technologies55,Health,United States,494000000.0,Series C,unicorn_companies_synthetic
CloudVertex,E-commerce & direct-to-consumer,China,890000000.0,Series C,unicorn_companies_synthetic
NexStream,Other,India,402000000.0,Series E,unicorn_companies_synthetic
SmartGrid25,Internet software & services,United Kingdom,445000000.0,Series F,unicorn_companies_synthetic
Pay Labs47,Internet software & services,United States,682000000.0,Series D,unicorn_companies_synthetic
Mind Dynamics82,Artificial intelligence,France,399000000.0,Private Equity,unicorn_companies_synthetic
Forge Base,"Supply chain, logistics, & delivery",United States,928000000.0,Series C,unicorn_companies_synthetic
Mindify46,Fintech,China,2052000000.0,Private Equity,unicorn_companies_synthetic
Cyber Dynamics66,Fintech,Australia,791000000.0,Series D,unicorn_companies_synthetic
Wave Systems84,E-commerce & direct-to-consumer,United States,197000000.0,Series F,unicorn_companies_synthetic
Linkio45,Fintech,China,293000000.0,Series F,unicorn_companies_synthetic
Waveify36,Hardware,United States,4830000000.0,Series C,unicorn_companies_synthetic
Shiftify79,Artificial intelligence,China,524000000.0,Private Equity,unicorn_companies_synthetic
Cyber Group69,Fintech,Brazil,1821000000.0,Series C,unicorn_companies_synthetic
Nexly,Internet software & services,United States,447000000.0,Series C,unicorn_companies_synthetic
Space Solutions72,Internet software & services,Brazil,180000000.0,Series D,unicorn_companies_synthetic
Nova Technologies,Internet software & services,United States,3715000000.0,Series C,unicorn_companies_synthetic
Grid Networks2,E-commerce & direct-to-consumer,Germany,967000000.0,Series C,unicorn_companies_synthetic
NovaCore,Fintech,China,191000000.0,Series E,unicorn_companies_synthetic
Nova Systems18,Auto & transportation,India,927000000.0,Series C,unicorn_companies_synthetic
Link Hub18,Fintech,United States,954000000.0,Series D,unicorn_companies_synthetic
HealthForge8,Data management & analytics,China,403000000.0,Series D,unicorn_companies_synthetic
HealthBlock,Cybersecurity,United States,610000000.0,Series D,unicorn_companies_synthetic
Cloud Solutions38,Health,China,1330000000.0,Series D,unicorn_companies_synthetic
Cloud Dynamics,Consumer & retail,United States,357000000.0,Private Equity,unicorn_companies_synthetic
DataWave26,Internet software & services,Germany,686000000.0,Series E,unicorn_companies_synthetic
Wave AI,Fintech,United States,594000000.0,Series E,unicorn_companies_synthetic
Core Base,Other,Indonesia,2672000000.0,Pre-IPO,unicorn_companies_synthetic
AeroGrid,Internet software & services,United States,700000000.0,Series F,unicorn_companies_synthetic
Corely33,Internet software & services,Germany,1006999999.9999999,Series C,unicorn_companies_synthetic
Healthio54,Internet software & services,India,578000000.0,Series C,unicorn_companies_synthetic
Forgely73,E-commerce & direct-to-consumer,France,736000000.0,Series C,unicorn_companies_synthetic
Smart Systems32,Fintech,United States,570000000.0,Series D,unicorn_companies_synthetic
NexForge,Fintech,United States,355000000.0,Series E,unicorn_companies_synthetic
Aero Technologies12,Internet software & services,United States,738000000.0,Pre-IPO,unicorn_companies_synthetic
HealthBlock67,Artificial intelligence,United States,427000000.0,Pre-IPO,unicorn_companies_synthetic
Pay Solutions,Fintech,Israel,3123000000.0,Series C,unicorn_companies_synthetic
Omni Group84,Internet software & services,Indonesia,344000000.0,Series D,unicorn_companies_synthetic
Aeroly91,E-commerce & direct-to-consumer,United States,773000000.0,Series D,unicorn_companies_synthetic
Health Technologies,Fintech,United States,12670000000.0,Pre-IPO,unicorn_companies_synthetic
Bioly74,Health,Singapore,336000000.0,Series F,unicorn_companies_synthetic
Smart AI90,Hardware,United States,691000000.0,Series D,unicorn_companies_synthetic
Omni Dynamics,Fintech,India,442000000.0,Series D,unicorn_companies_synthetic
Flow Base1,Internet software & services,South Korea,279000000.0,Series C,unicorn_companies_synthetic
Pay Group57,Data management & analytics,India,605000000.0,Series D,unicorn_companies_synthetic
DataWave,Internet software & services,Singapore,880000000.0,Series E,unicorn_companies_synthetic
BioStream,Internet software & services,United States,1072000000.0000001,Pre-IPO,unicorn_companies_synthetic
NovaVertex14,E-commerce & direct-to-consumer,Sweden,43265000000.0,Series E,unicorn_companies_synthetic
PayWave43,Internet software & services,India,2536000000.0,Series C,unicorn_companies_synthetic
Gridify29,Data management & analytics,United States,1463000000.0,Series D,unicorn_companies_synthetic
OmniStream62,Internet software & services,United States,660000000.0,Series D,unicorn_companies_synthetic
AeroBlock24,Cybersecurity,India,1374000000.0,Series E,unicorn_companies_synthetic
CloudStream12,Fintech,China,944000000.0,Series E,unicorn_companies_synthetic
TechPulse19,Artificial intelligence,United Kingdom,2617000000.0,Series E,unicorn_companies_synthetic
HealthStream,E-commerce & direct-to-consumer,United States,296000000.0,Series D,unicorn_companies_synthetic
DataStream58,Artificial intelligence,China,177000000.0,Series E,unicorn_companies_synthetic
FinVertex,Hardware,United States,915000000.0,Series D,unicorn_companies_synthetic
BioSpace86,Fintech,United States,2759000000.0,Series D,unicorn_companies_synthetic
Flow Solutions,Hardware,United Kingdom,649000000.0,Series D,unicorn_companies_synthetic
Wave Systems69,Artificial intelligence,India,4466000000.0,Series C,unicorn_companies_synthetic
PayShift74,Fintech,China,854000000.0,Series E,unicorn_companies_synthetic
Zenith Hub36,Hardware,United States,5465000000.0,Series E,unicorn_companies_synthetic
Space Group,Auto & transportation,United States,896000000.0,Series C,unicorn_companies_synthetic
MetaWave,Internet software & services,United States,269000000.0,Series E,unicorn_companies_synthetic
BioVertex69,Internet software & services,United States,1137000000.0,Series E,unicorn_companies_synthetic
Cloud AI14,"Supply chain, logistics, & delivery",United Kingdom,829000000.0,Series C,unicorn_companies_synthetic
Zenith Base,Fintech,Canada,535000000.00000006,Series D,unicorn_companies_synthetic
Pulsely14,Internet software & services,United Kingdom,733000000.0,Series B,unicorn_companies_synthetic
CyberWave,Fintech,United States,21090000000.0,Series D,unicorn_companies_synthetic
Fin Hub,Health,United Kingdom,186000000.0,Series F,unicorn_companies_synthetic
Meta Hub,Fintech,United Kingdom,613000000.0,Series E,unicorn_companies_synthetic
Pay Group,Internet software & services,United Kingdom,595000000.0,Pre-IPO,unicorn_companies_synthetic
OmniPulse55,Artificial intelligence,India,778000000.0,Series E,unicorn_companies_synthetic
CloudMind20,Artificial intelligence,China,4091999999.9999995,Series D,unicorn_companies_synthetic
Health Base95,Data management & analytics,India,967000000.0,Series E,unicorn_companies_synthetic
TechBlock,Cybersecurity,United Kingdom,705000000.0,Series E,unicorn_companies_synthetic
Nex Technologies75,Fintech,China,931000000.0,Series C,unicorn_companies_synthetic
Cloud Networks,Fintech,United States,288000000.0,Series E,unicorn_companies_synthetic
Auto Group,Edtech,United States,230000000.0,Series C,unicorn_companies_synthetic
Waveify56,Other,Canada,732000000.0,Series D,unicorn_companies_synthetic
Cloud AI40,Hardware,South Korea,811000000.0,Series D,unicorn_companies_synthetic
Nexio,Internet software & services,United Kingdom,356000000.0,Pre-IPO,unicorn_companies_synthetic
Blockify42,Internet software & services,United States,857000000.0,Private Equity,unicorn_companies_synthetic
MetaBlock45,Internet software & services,Canada,2130000000.0,Series C,unicorn_companies_synthetic
Autoly57,Data management & analytics,South Korea,964000000.0,Private Equity,unicorn_companies_synthetic
Healthly41,Consumer & retail,France,5983000000.0,Series D,unicorn_companies_synthetic
BioVertex,Fintech,United States,763000000.0,Series C,unicorn_companies_synthetic
Nex Dynamics74,Internet software & services,China,3472000000.0,Series D,unicorn_companies_synthetic
Bio Labs37,E-commerce & direct-to-consumer,France,684000000.0,Series C,unicorn_companies_synthetic
Data Networks,Health,India,341000000.0,Series D,unicorn_companies_synthetic
Auto AI,Fintech,India,270000000.0,Series C,unicorn_companies_synthetic
Pulse Group,Internet software & services,United States,1301000000.0,Series D,unicorn_companies_synthetic
AeroFlow98,Artificial intelligence,China,786000000.0,Series F,unicorn_companies_synthetic
Aeroly31,Fintech,South Korea,482000000.0,Series D,unicorn_companies_synthetic
Omni Networks,Internet software & services,Japan,802000000.0,Pre-IPO,unicorn_companies_synthetic
Core Labs,Cybersecurity,United States,874000000.0,Series B,unicorn_companies_synthetic
Omni Technologies12,"Supply chain, logistics, & delivery",Indonesia,373000000.0,Series C,unicorn_companies_synthetic
Aero Systems,Internet software & services,United States,842000000.0,Series D,unicorn_companies_synthetic
PayPulse54,Edtech,China,11505000000.0,Series D,unicorn_companies_synthetic
Cyberify,E-commerce & direct-to-consumer,United States,409000000.0,Series D,unicorn_companies_synthetic
CloudPulse12,Other,United States,4335000000.0,Series C,unicorn_companies_synthetic
FinFlow78,Health,China,405000000.0,Series D,unicorn_companies_synthetic
Block Technologies24,Fintech,United States,889000000.0,Series C,unicorn_companies_synthetic
Stream Hub28,Internet software & services,United Kingdom,159000000.0,Pre-IPO,unicorn_companies_synthetic
Auto Labs20,Hardware,United States,210000000.0,Series F,unicorn_companies_synthetic
Healthio,Artificial intelligence,United States,459000000.0,Series C,unicorn_companies_synthetic
Autoio,Edtech,United States,253000000.0,Series E,unicorn_companies_synthetic
BioLink13,Artificial intelligence,India,668000000.0,Pre-IPO,unicorn_companies_synthetic
FinLink,Fintech,United States,1284000000.0,Series D,unicorn_companies_synthetic
Auto Solutions,Travel,Israel,532000000.0,Series B,unicorn_companies_synthetic
Meta Group24,Internet software & services,United States,376000000.0,Series C,unicorn_companies_synthetic
Nex Systems90,Auto & transportation,United States,463000000.0,Series F,unicorn_companies_synthetic
AutoMind22,Internet software & services,Canada,287000000.0,Series C,unicorn_companies_synthetic
Data Group,Internet software & services,Brazil,433000000.0,Series D,unicorn_companies_synthetic
OmniForge65,E-commerce & direct-to-consumer,United States,2681000000.0,Series E,unicorn_companies_synthetic
MetaShift,Fintech,Germany,3007000000.0,Series E,unicorn_companies_synthetic
CloudForge,Internet software & services,Germany,919000000.0,Series D,unicorn_companies_synthetic
Link Dynamics,Internet software & services,United States,844000000.0,Series E,unicorn_companies_synthetic
Wave Group50,Fintech,China,828000000.0,Series E,unicorn_companies_synthetic
Stream Group,Fintech,France,195000000.0,Series E,unicorn_companies_synthetic
Forge Dynamics9,Auto & transportation,Germany,1094000000.0,Series E,unicorn_companies_synthetic
Shift Solutions71,E-commerce & direct-to-consumer,United States,350000000.0,Series F,unicorn_companies_synthetic
Meta Networks87,Health,United States,506000000.0,Series D,unicorn_companies_synthetic
Forge Technologies59,Hardware,United States,436000000.0,Series F,unicorn_companies_synthetic
TechMind,Fintech,United States,4253000000.0,Series D,unicorn_companies_synthetic
Tech Networks64,"Supply chain, logistics, & delivery",United States,271000000.0,Series D,unicorn_companies_synthetic
Waveify76,Cybersecurity,Indonesia,135000000.0,Series E,unicorn_companies_synthetic
Wave Networks,Artificial intelligence,United Kingdom,683000000.0,Series B,unicorn_companies_synthetic
Health Hub,Fintech,Germany,870000000.0,Series C,unicorn_companies_synthetic
Spacely,Other,India,731000000.0,Series C,unicorn_companies_synthetic
Pay Base,Edtech,United States,6963000000.0,Series E,unicorn_companies_synthetic
Flow Technologies52,E-commerce & direct-to-consumer,South Korea,372000000.0,Series D,unicorn_companies_synthetic
Nexly67,Health,United States,583000000.0,Series D,unicorn_companies_synthetic
Cloud Solutions72,E-commerce & direct-to-consumer,United States,335000000.0,Series C,unicorn_companies_synthetic
Finio,Artificial intelligence,United States,739000000.0,Series E,unicorn_companies_synthetic
Techify94,Artificial intelligence,United States,169000000.0,Series D,unicorn_companies_synthetic
Data AI70,Fintech,China,520000000.0,Series D,unicorn_companies_synthetic
Forge Base31,Auto & transportation,United States,2514000000.0,Series D,unicorn_companies_synthetic
MetaVertex89,Health,China,810000000.0,Series C,unicorn_companies_synthetic
Cyberly,Edtech,India,279000000.0,Series C,unicorn_companies_synthetic
FinVertex3,Fintech,United States,1254000000.0,Series F,unicorn_companies_synthetic
CloudPulse57,Internet software & services,United States,265000000.0,Series C,unicorn_companies_synthetic
CyberShift14,Artificial intelligence,Brazil,735000000.0,Series D,unicorn_companies_synthetic
Zenith Dynamics,E-commerce & direct-to-consumer,Australia,355000000.0,Series D,unicorn_companies_synthetic
HealthFlow4,Health,United Kingdom,318000000.0,Series C,unicorn_companies_synthetic
Techly,Data management & analytics,Sweden,538000000.0,Series C,unicorn_companies_synthetic
DataSpace95,E-commerce & direct-to-consumer,India,217000000.0,Series D,unicorn_companies_synthetic
Block Networks36,Internet software & services,China,693000000.0,Series D,unicorn_companies_synthetic
Meta Technologies90,Other,United States,914000000.0,Series F,unicorn_companies_synthetic
Link AI61,Fintech,China,793000000.0,Series D,unicorn_companies_synthetic
CloudStream40,Cybersecurity,United States,459000000.0,Series C,unicorn_companies_synthetic
Stream Technologies,Artificial intelligence,United States,3081000000.0,Series D,unicorn_companies_synthetic
AeroVertex,Auto & transportation,United States,4276000000.0,Series D,unicorn_companies_synthetic
Mindly64,Other,United States,3248000000.0,Series F,unicorn_companies_synthetic
Cloud Technologies45,Data management & analytics,China,752000000.0,Series D,unicorn_companies_synthetic
FinFlow64,E-commerce & direct-to-consumer,United States,1422000000.0,Series D,unicorn_companies_synthetic
Mind Base5,Artificial intelligence,United States,440000000.0,Series E,unicorn_companies_synthetic
MetaFlow,Fintech,United States,495000000.0,Series D,unicorn_companies_synthetic
Shift Labs36,Cybersecurity,China,262000000.0,Series D,unicorn_companies_synthetic
DataGrid43,Cybersecurity,United States,488000000.0,Private Equity,unicorn_companies_synthetic
Dataify51,Internet software & services,United States,252000000.0,Series E,unicorn_companies_synthetic
Tech Labs87,Fintech,Canada,623000000.0,Series D,unicorn_companies_synthetic
Payly86,Internet software & services,China,369000000.0,Series D,unicorn_companies_synthetic
FinPulse,Data management & analytics,Australia,253000000.0,Series C,unicorn_companies_synthetic
Mind Group51,Artificial intelligence,United States,3217000000.0,Pre-IPO,unicorn_companies_synthetic
CyberPulse,Health,United States,5532000000.0,Series F,unicorn_companies_synthetic
AutoVertex,Health,France,309000000.0,Series E,unicorn_companies_synthetic
Mind AI91,Fintech,United States,2916000000.0,Series F,unicorn_companies_synthetic
PayWave,E-commerce & direct-to-consumer,United States,507000000.0,Series D,unicorn_companies_synthetic
PayStream,Health,United States,3936000000.0,Series E,unicorn_companies_synthetic
BioZenith10,Cybersecurity,India,597000000.0,Series D,unicorn_companies_synthetic
Omniify95,Internet software & services,India,3186000000.0,Series C,unicorn_companies_synthetic
FinShift,Internet software & services,United States,779000000.0,Series F,unicorn_companies_synthetic
BioPulse6,Health,United States,717000000.0,Series F,unicorn_companies_synthetic
NexWave51,Fintech,United States,248000000.0,Series C,unicorn_companies_synthetic
Block Networks72,E-commerce & direct-to-consumer,India,1976000000.0,Pre-IPO,unicorn_companies_synthetic
OmniCore,Health,United States,1289000000.0,Pre-IPO,unicorn_companies_synthetic
Vertex Dynamics,Fintech,United Kingdom,2829000000.0,Series F,unicorn_companies_synthetic
AutoZenith53,Auto & transportation,South Korea,3442000000.0,Series D,unicorn_companies_synthetic
BioCore,E-commerce & direct-to-consumer,Australia,1040000000.0,Series E,unicorn_companies_synthetic
SmartStream,E-commerce & direct-to-consumer,Brazil,592000000.0,Series B,unicorn_companies_synthetic
Data Labs98,Cybersecurity,United States,410000000.0,Series D,unicorn_companies_synthetic
CloudWave67,Health,Australia,9181000000.0,Series F,unicorn_companies_synthetic
BioZenith33,E-commerce & direct-to-consumer,United States,516000000.0,Series D,unicorn_companies_synthetic
Shift AI94,E-commerce & direct-to-consumer,United States,906000000.0,Series E,unicorn_companies_synthetic
NovaMind4,Internet software & services,United States,2492000000.0,Series B,unicorn_companies_synthetic
PayMind,Internet software & services,Japan,646000000.0,Series D,unicorn_companies_synthetic
AutoForge51,Fintech,United States,490000000.0,Series C,unicorn_companies_synthetic
TechStream,Cybersecurity,United States,522000000.0,Series D,unicorn_companies_synthetic
MetaSpace88,Internet software & services,United States,170000000.0,Series D,unicorn_companies_synthetic
BioLink96,Internet software & services,Canada,3885000000.0,Pre-IPO,unicorn_companies_synthetic
Health Group64,Fintech,United States,849000000.0,Series E,unicorn_companies_synthetic
MetaForge71,Health,United States,1000000000.0,Series E,unicorn_companies_synthetic
Link Hub97,Artificial intelligence,Sweden,595000000.0,Series D,unicorn_companies_synthetic
Flowio,Artificial intelligence,China,292000000.0,Series E,unicorn_companies_synthetic
Mind Base39,E-commerce & direct-to-consumer,United States,563000000.0,Series E,unicorn_companies_synthetic
Bio Technologies80,Travel,Canada,798000000.0,Series D,unicorn_companies_synthetic
Nexio91,Fintech,Israel,303000000.0,Series F,unicorn_companies_synthetic
Finio7,Internet software & services,Israel,527000000.0,Series C,unicorn_companies_synthetic
Fin Group54,Artificial intelligence,United Kingdom,301000000.0,Series E,unicorn_companies_synthetic
Bio Labs,Internet software & services,United States,517000000.0,Series C,unicorn_companies_synthetic
TechStream95,Other,South Korea,303000000.0,Series D,unicorn_companies_synthetic
Block Group29,Internet software & services,United Kingdom,2113999999.9999998,Series D,unicorn_companies_synthetic
Bioify46,Internet software & services,Singapore,2258000000.0,Private Equity,unicorn_companies_synthetic
AeroCore28,Cybersecurity,United States,1572000000.0,Pre-IPO,unicorn_companies_synthetic
Payify91,Artificial intelligence,United States,2241000000.0,Series D,unicorn_companies_synthetic
Pay Systems,Artificial intelligence,United States,408000000.0,Series B,unicorn_companies_synthetic
Pulse Hub,E-commerce & direct-to-consumer,Germany,1547000000.0,Series D,unicorn_companies_synthetic
Vertex Solutions63,Internet software & services,China,592000000.0,Series C,unicorn_companies_synthetic
Gridly61,E-commerce & direct-to-consumer,United States,586000000.0,Series D,unicorn_companies_synthetic
Pulseify77,"Supply chain, logistics, & delivery",United States,238000000.0,Pre-IPO,unicorn_companies_synthetic
Aero Technologies43,Fintech,China,4022999999.9999995,Series D,unicorn_companies_synthetic
Pulse Systems89,Artificial intelligence,United States,905000000.0,Series C,unicorn_companies_synthetic
Meta Group70,Cybersecurity,China,833000000.0,Series C,unicorn_companies_synthetic
PaySpace60,E-commerce & direct-to-consumer,Indonesia,871000000.0,Series D,unicorn_companies_synthetic
BioVertex77,"Supply chain, logistics, & delivery",Singapore,1106000000.0,Series E,unicorn_companies_synthetic
MetaPulse62,E-commerce & direct-to-consumer,United States,3002000000.0,Pre-IPO,unicorn_companies_synthetic
Shift AI,Fintech,United Kingdom,743000000.0,Series D,unicorn_companies_synthetic
Nex Hub,Internet software & services,Australia,1256000000.0,Series C,unicorn_companies_synthetic
AeroFlow89,Health,China,220000000.0,Series C,unicorn_companies_synthetic
Gridly6,Data management & analytics,United Kingdom,1326000000.0,Series C,unicorn_companies_synthetic
PayGrid99,Travel,United Kingdom,585000000.0,Series C,unicorn_companies_synthetic
Cloudly,Artificial intelligence,United States,154000000.0,Series E,unicorn_companies_synthetic
Shift Technologies66,Internet software & services,United Kingdom,278000000.0,Series C,unicorn_companies_synthetic
Autoio61,Edtech,United States,174000000.0,Series B,unicorn_companies_synthetic
Smart Hub9,Internet software & services,United States,481000000.0,Series F,unicorn_companies_synthetic
CyberWave69,Artificial intelligence,India,415000000.0,Series E,unicorn_companies_synthetic
SmartPulse,Internet software & services,China,611000000.0,Series E,unicorn_companies_synthetic
TechSpace8,Internet software & services,United States,996000000.0,Series B,unicorn_companies_synthetic
Mindio,Internet software & services,United States,693000000.0,Series C,unicorn_companies_synthetic
Shift Dynamics30,Other,United States,1502000000.0,Series D,unicorn_companies_synthetic
Omniify26,"Supply chain, logistics, & delivery",United States,893000000.0,Series E,unicorn_companies_synthetic
Fin Dynamics56,Data management & analytics,United States,436000000.0,Series C,unicorn_companies_synthetic
Shift Solutions84,Fintech,United Kingdom,1052000000.0,Series C,unicorn_companies_synthetic
Auto Technologies,Cybersecurity,Brazil,320000000.0,Series D,unicorn_companies_synthetic
Novaio59,Fintech,United States,466000000.0,Private Equity,unicorn_companies_synthetic
Bio Dynamics22,Artificial intelligence,United States,225000000.0,Series E,unicorn_companies_synthetic
Mind Networks70,Health,United States,466000000.0,Series D,unicorn_companies_synthetic
Forgely,Auto & transportation,United States,228000000.0,Series B,unicorn_companies_synthetic
DataSpace11,E-commerce & direct-to-consumer,United States,1869000000.0,Series D,unicorn_companies_synthetic
Flow Systems51,E-commerce & direct-to-consumer,Indonesia,2193000000.0,Series E,unicorn_companies_synthetic
Fin Networks,Fintech,United States,1008000000.0,Series D,unicorn_companies_synthetic
Core Group74,Artificial intelligence,United States,578000000.0,Pre-IPO,unicorn_companies_synthetic
Pay Hub,Health,United Kingdom,612000000.0,Series D,unicorn_companies_synthetic
Vertex Hub29,Internet software & services,United States,1347000000.0,Series D,unicorn_companies_synthetic
Stream Networks,Auto & transportation,United States,416000000.0,Pre-IPO,unicorn_companies_synthetic
PayGrid37,Internet software & services,China,379000000.0,Series D,unicorn_companies_synthetic
Forge Dynamics65,Internet software & services,United States,4159000000.0,Series C,unicorn_companies_synthetic
Cloudio,Artificial intelligence,Japan,335000000.0,Series E,unicorn_companies_synthetic
NexGrid97,Internet software & services,China,865000000.0,Series F,unicorn_companies_synthetic
Link Dynamics81,Internet software & services,United States,656000000.0,Series E,unicorn_companies_synthetic
Flow Dynamics,E-commerce & direct-to-consumer,United States,1022000000.0,Series B,unicorn_companies_synthetic
Shift Base49,Health,Brazil,227000000.0,Pre-IPO,unicorn_companies_synthetic
OmniZenith,Health,United States,1657000000.0,Series C,unicorn_companies_synthetic
CyberMind15,Fintech,United States,1649000000.0,Series E,unicorn_companies_synthetic
Data AI,Health,Germany,8218999999.999999,Series E,unicorn_companies_synthetic
NexGrid,Data management & analytics,United States,641000000.0,Series C,unicorn_companies_synthetic
Vertex Systems,Internet software & services,United States,240000000.0,Series F,unicorn_companies_synthetic
Grid Dynamics,Internet software & services,China,3712000000.0,Series C,unicorn_companies_synthetic
Payify48,E-commerce & direct-to-consumer,United States,390000000.0,Series E,unicorn_companies_synthetic
Bio Hub,Fintech,United States,144000000.0,Series C,unicorn_companies_synthetic
OmniSpace,Cybersecurity,China,2085999999.9999998,Series D,unicorn_companies_synthetic
PayFlow38,Internet software & services,Germany,1363000000.0,Series D,unicorn_companies_synthetic
Space Dynamics,Auto & transportation,United States,434000000.0,Series C,unicorn_companies_synthetic
Shiftio,Fintech,India,660000000.0,Series D,unicorn_companies_synthetic
Zenithio14,Internet software & services,Germany,153000000.0,Series F,unicorn_companies_synthetic
Cloud AI,Health,China,969000000.0,Series D,unicorn_companies_synthetic
Forge Solutions,E-commerce & direct-to-consumer,United States,752000000.0,Pre-IPO,unicorn_companies_synthetic
TechGrid,Artificial intelligence,Israel,902000000.0,Series D,unicorn_companies_synthetic
Health Technologies57,Internet software & services,United States,2291000000.0,Series C,unicorn_companies_synthetic
Stream Base41,Fintech,China,5292000000.0,Series C,unicorn_companies_synthetic
TechVertex,Auto & transportation,United States,702000000.0,Private Equity,unicorn_companies_synthetic
Space AI61,Artificial intelligence,United States,599000000.0,Series D,unicorn_companies_synthetic
Block Base42,Consumer & retail,France,444000000.0,Series C,unicorn_companies_synthetic
Block Labs49,Fintech,United States,401000000.0,Series D,unicorn_companies_synthetic
Zenithify93,E-commerce & direct-to-consumer,United States,477000000.0,Series E,unicorn_companies_synthetic
Wave Group86,Hardware,United States,1068000000.0000001,Series F,unicorn_companies_synthetic
Vertex Solutions,Other,United States,3695000000.0,Series D,unicorn_companies_synthetic
Auto Group21,Data management & analytics,United Kingdom,877000000.0,Series C,unicorn_companies_synthetic
PayVertex83,Fintech,United States,536000000.00000006,Series E,unicorn_companies_synthetic
Tech Networks54,Fintech,Brazil,520000000.0,Private Equity,unicorn_companies_synthetic
Tech Systems74,Internet software & services,Australia,497000000.0,Series C,unicorn_companies_synthetic
Link AI9,Internet software & services,United States,462000000.0,Series F,unicorn_companies_synthetic
NovaCore3,Auto & transportation,China,2648000000.0,Series D,unicorn_companies_synthetic
Stream Solutions11,Internet software & services,United States,1283000000.0,Series D,unicorn_companies_synthetic
Fin Systems,Auto & transportation,China,442000000.0,Series E,unicorn_companies_synthetic
Aero AI24,Auto & transportation,United States,437000000.0,Series E,unicorn_companies_synthetic
NexFlow21,Fintech,United States,479000000.0,Series D,unicorn_companies_synthetic
Bioify41,Fintech,United States,386000000.0,Series E,unicorn_companies_synthetic
Metaly,Artificial intelligence,Sweden,3689000000.0,Series D,unicorn_companies_synthetic
HealthWave,Fintech,China,1040000000.0,Series D,unicorn_companies_synthetic
Data AI93,Artificial intelligence,United States,844000000.0,Series F,unicorn_companies_synthetic
TechMind24,Other,United States,3372000000.0,Series E,unicorn_companies_synthetic
Meta Dynamics,"Supply chain, logistics, & delivery",France,513000000.0,Series C,unicorn_companies_synthetic
Cloud Networks88,Cybersecurity,United States,510000000.0,Series F,unicorn_companies_synthetic
Space Systems90,Auto & transportation,United States,611000000.0,Series D,unicorn_companies_synthetic
Mindio78,Other,United States,3925000000.0,Series D,unicorn_companies_synthetic
FinSpace91,Fintech,United States,762000000.0,Series D,unicorn_companies_synthetic
Tech Group,E-commerce & direct-to-consumer,United Kingdom,997000000.0,Pre-IPO,unicorn_companies_synthetic
Fin Technologies43,Cybersecurity,United States,277000000.0,Series F,unicorn_companies_synthetic
Health Dynamics65,Internet software & services,United States,564000000.0,Series E,unicorn_companies_synthetic
Zenith Hub94,Edtech,United States,542000000.0,Series D,unicorn_companies_synthetic
AutoFlow,Fintech,United States,2091000000.0000002,Series F,unicorn_companies_synthetic
Space Networks51,Cybersecurity,United Kingdom,2309000000.0,Series D,unicorn_companies_synthetic
NexLink,Cybersecurity,United States,2138999999.9999998,Series E,unicorn_companies_synthetic
Pay Dynamics,E-commerce & direct-to-consumer,United States,18389000000.0,Series D,unicorn_companies_synthetic
Forgeify59,Fintech,China,200000000.0,Series C,unicorn_companies_synthetic
BioBlock,Fintech,Israel,359000000.0,Series E,unicorn_companies_synthetic
CloudPulse,Artificial intelligence,China,496000000.0,Series D,unicorn_companies_synthetic
Block Technologies66,Fintech,China,1759000000.0,Series E,unicorn_companies_synthetic
Space Networks88,Health,China,673000000.0,Series E,unicorn_companies_synthetic
Dataio,"Supply chain, logistics, & delivery",United States,279000000.0,Series E,unicorn_companies_synthetic
Tech Systems90,Health,United States,807000000.0,Series C,unicorn_companies_synthetic
Auto Group3,"Supply chain, logistics, & delivery",China,2227000000.0,Series D,unicorn_companies_synthetic
DataBlock20,Health,China,779000000.0,Series C,unicorn_companies_synthetic
SmartSpace,Edtech,United States,6857000000.0,Series D,unicorn_companies_synthetic
PayBlock,Edtech,United States,713000000.0,Series F,unicorn_companies_synthetic
Blockly10,"Supply chain, logistics, & delivery",Canada,19591000000.0,Series C,unicorn_companies_synthetic
CyberFlow88,E-commerce & direct-to-consumer,China,17015000000.0,Series D,unicorn_companies_synthetic
Grid AI,Artificial intelligence,United States,346000000.0,Private Equity,unicorn_companies_synthetic
Health AI86,Fintech,China,637000000.0,Series C,unicorn_companies_synthetic
SmartBlock87,Hardware,United States,2747000000.0,Series E,unicorn_companies_synthetic
MetaForge52,Fintech,United States,965000000.0,Series E,unicorn_companies_synthetic
MetaVertex26,E-commerce & direct-to-consumer,United States,1320000000.0,Series C,unicorn_companies_synthetic
Smart Base36,Internet software & services,United States,1129000000.0,Series E,unicorn_companies_synthetic
Forge Systems6,Fintech,India,1121000000.0,Series E,unicorn_companies_synthetic
Flow Hub74,Cybersecurity,Indonesia,667000000.0,Series C,unicorn_companies_synthetic
MetaLink19,Artificial intelligence,United States,1152000000.0,Series D,unicorn_companies_synthetic
Novaify81,E-commerce & direct-to-consumer,Germany,4293000000.0,Series D,unicorn_companies_synthetic
HealthCore63,Health,India,466000000.0,Series E,unicorn_companies_synthetic
Zenith Solutions,Fintech,United States,536000000.00000006,Series D,unicorn_companies_synthetic
Bio Solutions45,E-commerce & direct-to-consumer,United States,407000000.0,Series E,unicorn_companies_synthetic
Flowly,Other,United States,889000000.0,Series D,unicorn_companies_synthetic
NovaWave26,Artificial intelligence,Canada,890000000.0,Series D,unicorn_companies_synthetic
Shift Systems36,Internet software & services,United States,1393000000.0,Series F,unicorn_companies_synthetic
PayWave44,Internet software & services,United States,529000000.0,Private Equity,unicorn_companies_synthetic
Core Systems80,E-commerce & direct-to-consumer,United States,382000000.0,Series E,unicorn_companies_synthetic
BioZenith,Data management & analytics,Indonesia,6542000000.0,Series C,unicorn_companies_synthetic
Omni Labs98,Internet software & services,United States,586000000.0,Series C,unicorn_companies_synthetic
AutoForge13,Fintech,China,914000000.0,Series C,unicorn_companies_synthetic
SmartMind42,Internet software & services,Germany,590000000.0,Series E,unicorn_companies_synthetic
Link AI95,Artificial intelligence,United States,757000000.0,Series D,unicorn_companies_synthetic
Waveio,Artificial intelligence,United Kingdom,3669000000.0,Series E,unicorn_companies_synthetic
HealthPulse76,Artificial intelligence,China,733000000.0,Series D,unicorn_companies_synthetic
Dataly95,Artificial intelligence,India,1032999999.9999999,Private Equity,unicorn_companies_synthetic
HealthSpace99,Artificial intelligence,United Kingdom,787000000.0,Pre-IPO,unicorn_companies_synthetic
Techify97,E-commerce & direct-to-consumer,United States,4248999999.9999995,Pre-IPO,unicorn_companies_synthetic
AeroLink89,Auto & transportation,United States,543000000.0,Series D,unicorn_companies_synthetic
Meta Solutions25,Fintech,United States,2029000000.0,Series C,unicorn_companies_synthetic
Bioly,Fintech,United States,1022000000.0,Series C,unicorn_companies_synthetic
Novaly,Fintech,United States,911000000.0,Series D,unicorn_companies_synthetic
Aeroify20,E-commerce & direct-to-consumer,France,744000000.0,Series E,unicorn_companies_synthetic
HealthCore41,Cybersecurity,France,816000000.0,Series D,unicorn_companies_synthetic
NexGrid88,Auto & transportation,Indonesia,992000000.0,Series D,unicorn_companies_synthetic
Vertex Technologies,Auto & transportation,United States,519000000.0,Series E,unicorn_companies_synthetic
AeroStream78,Cybersecurity,Brazil,638000000.0,Series C,unicorn_companies_synthetic
Streamly33,Health,United States,316000000.0,Series E,unicorn_companies_synthetic
Autoify38,Internet software & services,United States,606000000.0,Series E,unicorn_companies_synthetic
HealthPulse23,"Supply chain, logistics, & delivery",China,177000000.0,Series F,unicorn_companies_synthetic
Nova AI60,Other,United Kingdom,6264000000.0,Series D,unicorn_companies_synthetic
DataForge51,E-commerce & direct-to-consumer,India,857000000.0,Series E,unicorn_companies_synthetic
Forgeio36,"Supply chain, logistics, & delivery",South Korea,609000000.0,Pre-IPO,unicorn_companies_synthetic
Pulse AI,Internet software & services,United States,641000000.0,Series D,unicorn_companies_synthetic
Mind Networks,Fintech,India,815000000.0,Series E,unicorn_companies_synthetic
NovaLink14,Fintech,China,464000000.0,Series B,unicorn_companies_synthetic
Meta Hub86,Internet software & services,Brazil,345000000.0,Series D,unicorn_companies_synthetic
Stream Networks99,E-commerce & direct-to-consumer,Germany,686000000.0,Pre-IPO,unicorn_companies_synthetic
NovaMind,E-commerce & direct-to-consumer,United States,2287000000.0,Pre-IPO,unicorn_companies_synthetic
Stream Dynamics13,Internet software & services,United States,355000000.0,Series D,unicorn_companies_synthetic
Finify,Cybersecurity,United States,305000000.0,Series C,unicorn_companies_synthetic
Space Solutions9,Data management & analytics,United Kingdom,241000000.0,Series C,unicorn_companies_synthetic
FinMind,Artificial intelligence,India,1034000000.0,Series C,unicorn_companies_synthetic
MetaLink,Data management & analytics,United States,653000000.0,Series D,unicorn_companies_synthetic
Health Base,Fintech,United States,1314000000.0,Series B,unicorn_companies_synthetic
OmniVertex,Internet software & services,Indonesia,246000000.0,Pre-IPO,unicorn_companies_synthetic
Techify66,Consumer & retail,United States,1262000000.0,Series C,unicorn_companies_synthetic
Pay Technologies,Internet software & services,United States,3999000000.0,Series B,unicorn_companies_synthetic
Shiftly88,E-commerce & direct-to-consumer,China,792000000.0,Series D,unicorn_companies_synthetic
OmniFlow82,E-commerce & direct-to-consumer,United States,763000000.0,Pre-IPO,unicorn_companies_synthetic
OmniForge15,Cybersecurity,Canada,896000000.0,Series C,unicorn_companies_synthetic
Nova AI,Fintech,United States,839000000.0,Pre-IPO,unicorn_companies_synthetic
Space Hub,Fintech,India,6556000000.0,Series E,unicorn_companies_synthetic
Payly21,Other,Brazil,231000000.0,Pre-IPO,unicorn_companies_synthetic
TechWave85,Fintech,United Kingdom,6237000000.0,Series D,unicorn_companies_synthetic
CyberCore,Internet software & services,United States,1685000000.0,Series D,unicorn_companies_synthetic
CyberLink,Internet software & services,United Kingdom,158000000.0,Series E,unicorn_companies_synthetic
Wave Networks81,"Supply chain, logistics, & delivery",United States,736000000.0,Series B,unicorn_companies_synthetic
Techify,Health,Brazil,5659000000.0,Series F,unicorn_companies_synthetic
OmniCore40,Fintech,Canada,300000000.0,Pre-IPO,unicorn_companies_synthetic
Payly,Data management & analytics,United States,293000000.0,Series D,unicorn_companies_synthetic
PayBlock70,Fintech,Australia,761000000.0,Series F,unicorn_companies_synthetic
Cloud Group,Hardware,Brazil,460000000.0,Private Equity,unicorn_companies_synthetic
Nex Systems,Data management & analytics,United States,1199000000.0,Series D,unicorn_companies_synthetic
Vertex Hub32,Internet software & services,United States,485000000.0,Series D,unicorn_companies_synthetic
NexCore,Data management & analytics,United States,348000000.0,Series D,unicorn_companies_synthetic
Flowly28,"Supply chain, logistics, & delivery",India,2878000000.0,Pre-IPO,unicorn_companies_synthetic
Smart Labs,E-commerce & direct-to-consumer,United States,232000000.0,Series D,unicorn_companies_synthetic
Tech Group1,Health,United States,1506000000.0,Series F,unicorn_companies_synthetic
Bio Dynamics,Fintech,United States,841000000.0,Series C,unicorn_companies_synthetic
Omni Networks42,Data management & analytics,Singapore,995000000.0,Series E,unicorn_companies_synthetic
SmartStream43,Other,United States,476000000.0,Series E,unicorn_companies_synthetic
Nova Solutions88,Other,Brazil,614000000.0,Series C,unicorn_companies_synthetic
Cyber Labs82,Fintech,United States,418000000.0,Series C,unicorn_companies_synthetic
Auto Group57,Cybersecurity,India,12074000000.0,Series D,unicorn_companies_synthetic
Shiftly92,E-commerce & direct-to-consumer,United States,865000000.0,Series C,unicorn_companies_synthetic
Wave Hub14,"Supply chain, logistics, & delivery",United States,594000000.0,Series C,unicorn_companies_synthetic
PayVertex27,Artificial intelligence,United States,640000000.0,Series D,unicorn_companies_synthetic
Bioio55,Cybersecurity,United States,25135000000.0,Series B,unicorn_companies_synthetic
Fin Solutions76,Internet software & services,United States,5239000000.0,Series C,unicorn_companies_synthetic
Spaceify,Cybersecurity,Indonesia,1965000000.0,Private Equity,unicorn_companies_synthetic
MetaSpace,Health,United Kingdom,732000000.0,Series F,unicorn_companies_synthetic
Wave Technologies45,"Supply chain, logistics, & delivery",United States,659000000.0,Series E,unicorn_companies_synthetic
NovaPulse,Fintech,United States,340000000.0,Series C,unicorn_companies_synthetic
Block Base,Internet software & services,United States,515000000.0,Series C,unicorn_companies_synthetic
PayCore5,E-commerce & direct-to-consumer,United States,475000000.0,Series E,unicorn_companies_synthetic
Meta Technologies,Fintech,United Kingdom,6426000000.0,Pre-IPO,unicorn_companies_synthetic
Cyber Systems83,Health,Germany,384000000.0,Series C,unicorn_companies_synthetic
Shift Labs98,Fintech,United States,231000000.0,Series D,unicorn_companies_synthetic
Tech AI2,Fintech,United States,295000000.0,Series D,unicorn_companies_synthetic
DataCore,Artificial intelligence,Canada,945000000.0,Series E,unicorn_companies_synthetic
Fin Networks12,Internet software & services,Germany,895000000.0,Series D,unicorn_companies_synthetic
Nova Base65,Data management & analytics,United States,2892000000.0,Series E,unicorn_companies_synthetic
CyberWave60,Artificial intelligence,Israel,665000000.0,Series D,unicorn_companies_synthetic
Gridio,Health,United States,666000000.0,Series D,unicorn_companies_synthetic
Wave Labs,Internet software & services,United States,892000000.0,Series D,unicorn_companies_synthetic
Pulse Base,Consumer & retail,Brazil,384000000.0,Series F,unicorn_companies_synthetic
Cyber Systems39,Fintech,United States,304000000.0,Series C,unicorn_companies_synthetic
NexWave,Internet software & services,United States,1766000000.0,Series C,unicorn_companies_synthetic
Wave Group,Health,United States,863000000.0,Pre-IPO,unicorn_companies_synthetic
Forge Group,Health,United States,760000000.0,Private Equity,unicorn_companies_synthetic
Cyber Dynamics,E-commerce & direct-to-consumer,United States,1896000000.0,Pre-IPO,unicorn_companies_synthetic
AutoVertex16,Data management & analytics,United States,235000000.0,Series F,unicorn_companies_synthetic
DataShift15,Fintech,China,481000000.0,Series F,unicorn_companies_synthetic
Zenith Dynamics75,Edtech,Singapore,1383000000.0,Series E,unicorn_companies_synthetic
NexZenith,Fintech,United Kingdom,915000000.0,Pre-IPO,unicorn_companies_synthetic
Stream Networks6,Other,Israel,490000000.0,Series C,unicorn_companies_synthetic
Wave Systems90,E-commerce & direct-to-consumer,United States,138000000.0,Series F,unicorn_companies_synthetic
Data AI94,Artificial intelligence,United States,625000000.0,Series D,unicorn_companies_synthetic
Smart Labs44,Fintech,Singapore,920000000.0,Series E,unicorn_companies_synthetic
Blockly,Fintech,United States,4634000000.0,Series D,unicorn_companies_synthetic
Cloud Group89,Cybersecurity,France,325000000.0,Series D,unicorn_companies_synthetic
NovaShift,E-commerce & direct-to-consumer,United States,367000000.0,Series D,unicorn_companies_synthetic
Mind AI,Artificial intelligence,China,585000000.0,Series D,unicorn_companies_synthetic
FinLink4,Auto & transportation,United States,2475000000.0,Series E,unicorn_companies_synthetic
NovaGrid,E-commerce & direct-to-consumer,China,1456000000.0,Pre-IPO,unicorn_companies_synthetic
Stream Labs,Artificial intelligence,United States,1159000000.0,Series E,unicorn_companies_synthetic
Grid Base77,Fintech,France,1222000000.0,Series E,unicorn_companies_synthetic
Aero Networks,Artificial intelligence,United States,57164000000.0,Series F,unicorn_companies_synthetic
DataSpace17,Auto & transportation,United States,1927000000.0,Series F,unicorn_companies_synthetic
CloudWave68,Health,United States,1058000000.0,Series E,unicorn_companies_synthetic
Flow Systems36,Data management & analytics,Israel,389000000.0,Series D,unicorn_companies_synthetic
Tech Networks,Data management & analytics,United States,1653000000.0,Series D,unicorn_companies_synthetic
Smart Systems,Internet software & services,United States,4083999999.9999995,Series D,unicorn_companies_synthetic
Block Group51,Fintech,Sweden,557000000.0,Series F,unicorn_companies_synthetic
OmniShift,Cybersecurity,United States,493000000.0,Series F,unicorn_companies_synthetic
Wave Base,Data management & analytics,United Kingdom,1153000000.0,Pre-IPO,unicorn_companies_synthetic
Fin AI,Health,Germany,728000000.0,Series C,unicorn_companies_synthetic
Aero Dynamics,Edtech,China,1134000000.0,Series D,unicorn_companies_synthetic
Cloudio80,Internet software & services,Sweden,867000000.0,Series E,unicorn_companies_synthetic
DataStream33,Internet software & services,South Korea,11388000000.0,Series D,unicorn_companies_synthetic
CyberShift95,"Supply chain, logistics, & delivery",United States,363000000.0,Series D,unicorn_companies_synthetic
NexPulse,E-commerce & direct-to-consumer,United States,1401000000.0,Series D,unicorn_companies_synthetic
FinBlock,Health,China,1115000000.0,Series D,unicorn_companies_synthetic
AeroMind,Cybersecurity,India,281000000.0,Series B,unicorn_companies_synthetic
TechBlock90,Artificial intelligence,China,847000000.0,Series D,unicorn_companies_synthetic
Flow Group29,Artificial intelligence,Sweden,734000000.0,Series D,unicorn_companies_synthetic
Autoify,E-commerce & direct-to-consumer,United States,232000000.0,Series E,unicorn_companies_synthetic
Meta Systems25,Other,China,743000000.0,Series E,unicorn_companies_synthetic
Blockio47,Data management & analytics,United States,303000000.0,Series F,unicorn_companies_synthetic
HealthShift,Auto & transportation,United States,4465000000.0,Series F,unicorn_companies_synthetic
Tech Hub70,Internet software & services,United States,6509000000.0,Series F,unicorn_companies_synthetic
HealthPulse28,Auto & transportation,Canada,437000000.0,Series D,unicorn_companies_synthetic
Health Hub30,Fintech,United States,10640000000.0,Series E,unicorn_companies_synthetic
BioShift48,Data management & analytics,United States,2313000000.0,Series C,unicorn_companies_synthetic
Zenithio,Data management & analytics,United States,12326000000.0,Series C,unicorn_companies_synthetic
Nexify10,Artificial intelligence,United States,641000000.0,Pre-IPO,unicorn_companies_synthetic
Data Systems,Internet software & services,Australia,213000000.0,Private Equity,unicorn_companies_synthetic
Core Dynamics34,Fintech,Japan,11665000000.0,Series B,unicorn_companies_synthetic
Blockly14,Artificial intelligence,India,2472000000.0,Pre-IPO,unicorn_companies_synthetic
Omniio,"Supply chain, logistics, & delivery",Brazil,392000000.0,Series D,unicorn_companies_synthetic
Nova Base35,Data management & analytics,Indonesia,475000000.0,Pre-IPO,unicorn_companies_synthetic
Nex AI,Fintech,Singapore,259000000.0,Series D,unicorn_companies_synthetic
Pay Labs,E-commerce & direct-to-consumer,Canada,3180000000.0,Series B,unicorn_companies_synthetic
Smart Technologies72,Artificial intelligence,Canada,430000000.0,Series C,unicorn_companies_synthetic
Shift Labs,Hardware,South Korea,749000000.0,Series D,unicorn_companies_synthetic
DataBlock86,Fintech,France,5169000000.0,Series E,unicorn_companies_synthetic
Wave Dynamics,Data management & analytics,United States,457000000.0,Series C,unicorn_companies_synthetic
Techify35,Fintech,United States,773000000.0,Series E,unicorn_companies_synthetic
Grid Group39,Fintech,United States,388000000.0,Pre-IPO,unicorn_companies_synthetic
Forge Group46,Fintech,Canada,1446000000.0,Series E,unicorn_companies_synthetic
Shift Labs57,Hardware,United States,524000000.0,Series D,unicorn_companies_synthetic
CyberMind,Internet software & services,United States,310000000.0,Series F,unicorn_companies_synthetic
Nex Base,Artificial intelligence,United States,800000000.0,Series E,unicorn_companies_synthetic
FinCore,Internet software & services,United States,724000000.0,Series C,unicorn_companies_synthetic
Tech AI,E-commerce & direct-to-consumer,United States,4610000000.0,Series F,unicorn_companies_synthetic
Block Hub27,Fintech,China,423000000.0,Series D,unicorn_companies_synthetic
Omniify77,Health,United States,1008999999.9999999,Series C,unicorn_companies_synthetic
Bioio54,Fintech,United States,277000000.0,Series E,unicorn_companies_synthetic
Cloud AI63,Other,India,191000000.0,Private Equity,unicorn_companies_synthetic
Vertex Dynamics53,Internet software & services,India,750000000.0,Pre-IPO,unicorn_companies_synthetic
Mindify65,Fintech,United States,1507000000.0,Series C,unicorn_companies_synthetic
Flow Base31,Health,China,433000000.0,Series B,unicorn_companies_synthetic
TechCore64,Internet software & services,United Kingdom,1914000000.0,Series E,unicorn_companies_synthetic
TechCore21,Edtech,United States,839000000.0,Pre-IPO,unicorn_companies_synthetic
Data Technologies94,Artificial intelligence,Germany,776000000.0,Series D,unicorn_companies_synthetic
Aeroio,E-commerce & direct-to-consumer,India,1740000000.0,Series E,unicorn_companies_synthetic
Linkio75,Artificial intelligence,United States,579000000.0,Series D,unicorn_companies_synthetic
BioStream29,Auto & transportation,China,404000000.0,Pre-IPO,unicorn_companies_synthetic
Data Networks47,Consumer & retail,United States,350000000.0,Private Equity,unicorn_companies_synthetic
Vertex Group,Health,United States,1073000000.0,Series C,unicorn_companies_synthetic
Link AI67,Data management & analytics,Indonesia,651000000.0,Pre-IPO,unicorn_companies_synthetic
Payify47,Other,Singapore,474000000.0,Series E,unicorn_companies_synthetic
Meta Solutions,Artificial intelligence,India,418000000.0,Pre-IPO,unicorn_companies_synthetic
TechWave24,E-commerce & direct-to-consumer,China,2079000000.0000002,Pre-IPO,unicorn_companies_synthetic
Smart Technologies,Auto & transportation,Brazil,814000000.0,Series F,unicorn_companies_synthetic
Healthly,Data management & analytics,India,1108000000.0,Series D,unicorn_companies_synthetic
Omni Hub27,Artificial intelligence,United States,631000000.0,Series B,unicorn_companies_synthetic
PayCore9,Fintech,United States,389000000.0,Series F,unicorn_companies_synthetic
Techly31,Health,United States,338000000.0,Series C,unicorn_companies_synthetic
TechBlock83,Auto & transportation,Brazil,743000000.0,Series D,unicorn_companies_synthetic
AutoForge,Artificial intelligence,Germany,195000000.0,Series D,unicorn_companies_synthetic
Flow Technologies14,Other,Canada,262000000.0,Series D,unicorn_companies_synthetic
Vertex Dynamics58,Internet software & services,China,841000000.0,Pre-IPO,unicorn_companies_synthetic
SmartStream46,Fintech,Brazil,1832000000.0,Series D,unicorn_companies_synthetic
CyberZenith,Health,Sweden,474000000.0,Series C,unicorn_companies_synthetic
AutoFlow16,Artificial intelligence,Germany,572000000.0,Series D,unicorn_companies_synthetic
Grid Systems98,Fintech,United States,1870000000.0,Series F,unicorn_companies_synthetic
FinWave25,"Supply chain, logistics, & delivery",United States,414000000.0,Series D,unicorn_companies_synthetic
CloudFlow,Fintech,Germany,574000000.0,Series F,unicorn_companies_synthetic
Cyber Group63,Cybersecurity,United States,755000000.0,Series E,unicorn_companies_synthetic
Cloud Labs,E-commerce & direct-to-consumer,Sweden,1012000000.0,Series C,unicorn_companies_synthetic
HealthLink,Artificial intelligence,Brazil,698000000.0,Series D,unicorn_companies_synthetic
PayGrid36,Other,United States,1247000000.0,Series F,unicorn_companies_synthetic
Bioify76,Internet software & services,United States,983000000.0,Series D,unicorn_companies_synthetic
Mindly,Health,United States,1851000000.0,Series E,unicorn_companies_synthetic
DataBlock55,Internet software & services,United States,1153000000.0,Series F,unicorn_companies_synthetic
Nex Technologies,Fintech,Germany,575000000.0,Series D,unicorn_companies_synthetic
HealthShift86,Internet software & services,United States,278000000.0,Series C,unicorn_companies_synthetic
Link Networks,E-commerce & direct-to-consumer,United States,3156000000.0,Series E,unicorn_companies_synthetic
Cloud Base,Fintech,United States,551000000.0,Series D,unicorn_companies_synthetic
Fin Dynamics69,E-commerce & direct-to-consumer,United States,1156000000.0,Private Equity,unicorn_companies_synthetic
Health Networks65,Internet software & services,United States,1032999999.9999999,Series E,unicorn_companies_synthetic
Pay Group34,Consumer & retail,United States,656000000.0,Series D,unicorn_companies_synthetic
Health AI76,Auto & transportation,Brazil,2898000000.0,Series C,unicorn_companies_synthetic
AutoPulse42,Internet software & services,China,345000000.0,Pre-IPO,unicorn_companies_synthetic
BioMind,Data management & analytics,United States,2915000000.0,Series D,unicorn_companies_synthetic
Zenith AI,Internet software & services,Israel,1052999999.9999999,Pre-IPO,unicorn_companies_synthetic
Smart Hub30,Internet software & services,Germany,1174000000.0,Series D,unicorn_companies_synthetic
Nexio4,Health,United States,840000000.0,Series B,unicorn_companies_synthetic
Link Labs,Fintech,United States,325000000.0,Series C,unicorn_companies_synthetic
OmniVertex69,E-commerce & direct-to-consumer,United States,511000000.0,Series C,unicorn_companies_synthetic
FinLink1,Internet software & services,India,129000000.0,Series D,unicorn_companies_synthetic
Zenith Technologies68,Fintech,United States,137000000.0,Series B,unicorn_companies_synthetic
Shift Solutions64,Artificial intelligence,India,1050000000.0,Series D,unicorn_companies_synthetic
Nova Networks97,Consumer & retail,India,3372000000.0,Pre-IPO,unicorn_companies_synthetic
Nex Networks60,Cybersecurity,United States,1067000000.0,Series D,unicorn_companies_synthetic
AutoGrid,Fintech,United States,326000000.0,Private Equity,unicorn_companies_synthetic
