name,batch,location,description,tags,yc_profile_url,website,status,team_size
DoorDash,Summer 2013,"San Francisco, CA, USA",Restaurant delivery.,"CONSUMER, FOOD AND BEVERAGE",https://www.ycombinator.com/companies/doordash,,,
Airbnb,Winter 2009,"San Francisco, CA, USA",Book accommodations around the world.,"CONSUMER, TRAVEL, LEISURE AND TOURISM",https://www.ycombinator.com/companies/airbnb,,,
Coinbase,Summer 2012,"Los Angeles, CA, USA","Buy, sell, and manage cryptocurrencies.","FINTECH, BANKING AND EXCHANGE",https://www.ycombinator.com/companies/coinbase,,,
Groww,Winter 2018,"Bengaluru, KA, India","Making financial services simple, transparent and delightful.","FINTECH, ASSET MANAGEMENT",https://www.ycombinator.com/companies/groww,,,
Instacart,Summer 2012,"San Francisco, CA, USA",Marketplace for grocery delivery and pickup,"CONSUMER, FOOD AND BEVERAGE",https://www.ycombinator.com/companies/instacart,,,
Meesho,Summer 2016,"Bengaluru, KA, India",Democratizing internet commerce for everyone in India,"B2B, RETAIL",https://www.ycombinator.com/companies/meesho,,,
Oklo,Summer 2014,"San Francisco, CA, USA","Emission free, always on power from advanced fission power plants.","INDUSTRIALS, ENERGY",https://www.ycombinator.com/companies/oklo,,,
BillionToOne,Summer 2017,"San Francisco, CA, USA",The genetic testing platform detecting and measuring disease.,"HEALTHCARE, DIAGNOSTICS",https://www.ycombinator.com/companies/billiontoone,,,
GitLab,Winter 2015,"San Francisco, CA, USA",A complete DevOps platform delivered as a single application.,B2B,https://www.ycombinator.com/companies/gitlab,,,
Rigetti Computing,Summer 2014,"San Francisco, CA, USA",Quantum coherent supercomputing.,"INDUSTRIALS, MANUFACTURING AND ROBOTICS",https://www.ycombinator.com/companies/rigetti-computing,,,
Dropbox,Summer 2007,"San Francisco, CA, USA",Backup and share files in the cloud.,"B2B, PRODUCTIVITY",https://www.ycombinator.com/companies/dropbox,,,
EquipmentShare,Winter 2015,"Columbia, MO, USA",Cloud solutions for the construction industry.,"REAL ESTATE AND CONSTRUCTION, CONSTRUCTION",https://www.ycombinator.com/companies/equipmentshare,,,
Matterport,Winter 2012,"San Francisco, CA, USA",Turn physical objects and environments into 3D models in seconds.,"CONSUMER, VIRTUAL AND AUGMENTED REALITY",https://www.ycombinator.com/companies/matterport,,,
Amplitude,Winter 2012,"San Francisco, CA, USA",Digital Analytics Platform,"B2B, ANALYTICS",https://www.ycombinator.com/companies/amplitude,,,
PagerDuty,Summer 2010,"San Francisco, CA, USA",Real-time visibility into critical apps and services all in one place.,B2B,https://www.ycombinator.com/companies/pagerduty,,,
Weave,Winter 2014,"Lehi, UT, USA",Customer communication and payments platform.,"B2B, OFFICE MANAGEMENT",https://www.ycombinator.com/companies/weave,,,
Ginkgo Bioworks,Summer 2014,"Boston, MA, USA",Our mission is to make biology easier to engineer.,"HEALTHCARE, INDUSTRIAL BIO",https://www.ycombinator.com/companies/ginkgo-bioworks,,,
Pardes Biosciences,Summer 2020,"San Francisco, CA, USA",We break viruses,"HEALTHCARE, DRUG DISCOVERY AND DELIVERY",https://www.ycombinator.com/companies/pardes-bio,,,
Momentus,Summer 2018,"San Francisco, CA, USA",The space infrastructure services company,"INDUSTRIALS, AVIATION AND SPACE",https://www.ycombinator.com/companies/momentus,,,
Embark Trucks,Winter 2016,"San Francisco, CA, USA",Self-driving semi trucks.,"INDUSTRIALS, AUTOMOTIVE",https://www.ycombinator.com/companies/embark-trucks,,,
Lucira Health,Winter 2015,"Emeryville, CA, USA",Next generation infectious disease test kits,"HEALTHCARE, DIAGNOSTICS",https://www.ycombinator.com/companies/lucira-health,,,
Segment,Summer 2011,"San Francisco, CA, USA","Software and APIs to collect, clean, and control customer data.","B2B, ANALYTICS",https://www.ycombinator.com/companies/segment,,,
Algolia,Winter 2014,"San Francisco, CA, USA",A developer-friendly and enterprise-grade search API.,B2B,https://www.ycombinator.com/companies/algolia,,,
Truebill,Winter 2016,"Silver Spring, MD, USA",Live your best financial life,"FINTECH, CONSUMER FINANCE",https://www.ycombinator.com/companies/truebill,,,
Twitch,Winter 2007,"San Francisco, CA, USA",A global community creating the future of live entertainment.,"CONSUMER, CONTENT",https://www.ycombinator.com/companies/twitch,,,
PlanGrid,Winter 2012,"San Francisco, CA, USA",Mobile applications for the construction industry.,"REAL ESTATE AND CONSTRUCTION, CONSTRUCTION",https://www.ycombinator.com/companies/plangrid,,,
Bellabeat,Winter 2014,"San Francisco, CA, USA",Tech-powered women's wellness.,"CONSUMER, CONSUMER ELECTRONICS",https://www.ycombinator.com/companies/bellabeat,,,
Cruise,Winter 2014,"San Francisco, CA, USA",Self-driving cars.,"INDUSTRIALS, AUTOMOTIVE",https://www.ycombinator.com/companies/cruise,,,
Benchling,Summer 2012,"San Francisco, CA, USA",Unlocking the power of biotech with modern software for modern science,B2B,https://www.ycombinator.com/companies/benchling,,,
Casetext,Summer 2013,"San Francisco, CA, USA",We make the world's laws free and understandable.,"B2B, LEGAL",https://www.ycombinator.com/companies/casetext,,,
Bird,Summer 2016,"Amsterdam, NH, Netherlands",The world’s largest omnichannel communications platform,B2B,https://www.ycombinator.com/companies/bird,,,
Brex,Winter 2017,"San Francisco, CA, USA","Business accounts, corporate cards, and spend management software.","FINTECH, BANKING AND EXCHANGE",https://www.ycombinator.com/companies/brex,,,
The Athletic,Summer 2016,"San Francisco, CA, USA",Subscription sports media.,"CONSUMER, CONTENT",https://www.ycombinator.com/companies/the-athletic,,,
Codecademy,Summer 2011,"New York City, NY, USA",The leading online learning platform for technical skills.,EDUCATION,https://www.ycombinator.com/companies/codecademy,,,
Checkr,Summer 2014,"San Francisco, CA, USA",People infrastructure for the future of work,"B2B, HUMAN RESOURCES",https://www.ycombinator.com/companies/checkr,,,
Lever,Summer 2012,"San Francisco, CA, USA",Talent Acquisition Suite that combines ATS + Talent CRM,"B2B, RECRUITING AND TALENT",https://www.ycombinator.com/companies/lever,,,
Clipboard,Winter 2017,"San Francisco, CA, USA","Every shift, Covered.",CONSUMER,https://www.ycombinator.com/companies/clipboard,,,
Heap,Winter 2013,"Seattle, WA, USA",Captures user interactions with no code to generate analytics.,"B2B, ANALYTICS",https://www.ycombinator.com/companies/heap,,,
Sendwave,Winter 2012,"Boston, MA, USA","Instant, no fee international remittances.","FINTECH, PAYMENTS",https://www.ycombinator.com/companies/sendwave,,,
Deel,Winter 2019,"San Francisco, CA, USA",The all-in-one HR and payroll platform for global teams,"B2B, FINANCE AND ACCOUNTING",https://www.ycombinator.com/companies/deel,,,
Clever,Summer 2012,"San Francisco, CA, USA",The platform that powers technology in the classroom.,EDUCATION,https://www.ycombinator.com/companies/clever,,,
Caper,Winter 2016,,Plug-and-play cashier-less retail powered by computer vision and AI,"B2B, RETAIL",https://www.ycombinator.com/companies/caper,,,
Reddit,Summer 2005,"San Francisco, CA, USA",The frontpage of the internet.,"CONSUMER, CONTENT",https://www.ycombinator.com/companies/reddit,,,
Fivestars,Winter 2011,"San Francisco, CA, USA",Customer loyalty and payments platform for small businesses.,"B2B, RETAIL",https://www.ycombinator.com/companies/fivestars,,,
Machine Zone,Winter 2008,"San Francisco, CA, USA",Pioneers of mobile social gaming.,"CONSUMER, GAMING",https://www.ycombinator.com/companies/machine-zone,,,
Faire,Winter 2017,"San Francisco, CA, USA",The global online platform empowering independent retail.,"B2B, RETAIL",https://www.ycombinator.com/companies/faire,,,
Fivetran,Winter 2013,"San Francisco, CA, USA",The leader in automated data movement,"B2B, INFRASTRUCTURE",https://www.ycombinator.com/companies/fivetran,,,
Optimizely,Winter 2010,"San Francisco, CA, USA",The first all-in-one operating system for marketing,B2B,https://www.ycombinator.com/companies/optimizely,,,
Flexport,Winter 2014,"San Francisco, CA, USA",Platform for global logistics.,"B2B, SUPPLY CHAIN AND LOGISTICS",https://www.ycombinator.com/companies/flexport,,,
WePay,Summer 2009,"San Francisco, CA, USA",Payments for platform businesses.,"FINTECH, PAYMENTS",https://www.ycombinator.com/companies/wepay,,,
Weebly,Winter 2007,"San Francisco, CA, USA",Build a free website that grows with your business.,"B2B, MARKETING",https://www.ycombinator.com/companies/weebly,,,
Flock Safety,Summer 2017,"Atlanta, GA, USA",The first public safety operating system that eliminates crime.,B2B,https://www.ycombinator.com/companies/flock-safety,,,
Sqreen,Winter 2018,"San Francisco, CA, USA",Sqreen is the application security platform for the modern enterprise,"B2B, SECURITY",https://www.ycombinator.com/companies/sqreen,,,
"NURXNew York City, NY, USA",Winter 2016,,"Medicine or testing kit, prescribed online and delivered to your door.","HEALTHCARE, CONSUMER HEALTH AND WELLNESS",https://www.ycombinator.com/companies/nurx,,,
"Go1Brisbane, QLD, Australia",Summer 2015,,A learning platform that enables you to train your staff or customers.,"B2B, HUMAN RESOURCES",https://www.ycombinator.com/companies/go1,,,
Core,Summer 2013,"OSSan Francisco, CA, USA",Open source tools of modern distributed systems.,"B2B, INFRASTRUCTURE",https://www.ycombinator.com/companies/coreos,,,
Bear Flag Robotics,Winter 2018,"New York City, NY, USA",Autonomous driving technology for farm tractors.,"INDUSTRIALS, AGRICULTURE",https://www.ycombinator.com/companies/bear-flag-robotics,,,
GOAT Group,Winter 2011,"Los Angeles, CA, USA","Platform for the greatest products from the past, present and future.","CONSUMER, APPAREL AND COSMETICS",https://www.ycombinator.com/companies/goat-group,,,
Heroku,Winter 2008,"San Francisco, CA, USA",Enabling developers to build and run applications in the cloud.,"B2B, INFRASTRUCTURE",https://www.ycombinator.com/companies/heroku,,,
GrubMarket,Winter 2015,"San Francisco, CA, USA",AI-powered technology enabler and digital transformer of American…,"B2B, SUPPLY CHAIN AND LOGISTICS",https://www.ycombinator.com/companies/grubmarket,,,
HelloSign,Winter 2011,"San Francisco, CA, USA",eSignature software for small and mid-market businesses.,"B2B, PRODUCTIVITY",https://www.ycombinator.com/companies/hellosign,,,
Zenefits,Winter 2013,"San Francisco, CA, USA","HR for small businesses: onboarding, payroll and benefits.","B2B, HUMAN RESOURCES",https://www.ycombinator.com/companies/zenefits,,,
Gusto,Winter 2012,"San Francisco, CA, USA",Provides growing businesses with everything to take care of their team,"B2B, HUMAN RESOURCES",https://www.ycombinator.com/companies/gusto,,,
Honeylove,Summer 2018,"Los Angeles, CA, USA",Honeylove makes functional undergarments for women,"CONSUMER, APPAREL AND COSMETICS",https://www.ycombinator.com/companies/honeylove,,,
Modern Fertility,Summer 2017,"San Francisco, CA, USA",At-home fertility test for women who aren't ready for kids right now…,"HEALTHCARE, CONSUMER HEALTH AND WELLNESS",https://www.ycombinator.com/companies/modern-fertility,,,
Cognito,Summer 2014,"San Francisco, CA, USA","Frictionless, modern identity verification that starts with just a…",B2B,https://www.ycombinator.com/companies/cognito,,,
OpenInvest,Summer 2015,"San Francisco, CA, USA",Values based personalization at scale for asset and wealth management,FINTECH,https://www.ycombinator.com/companies/openinvest,,,
Mixpanel,Summer 2009,"San Francisco, CA, USA",Mixpanel is event analytics for builders that need answers.,"B2B, ANALYTICS",https://www.ycombinator.com/companies/mixpanel,,,
Paystack,Winter 2016,"Lagos, LA, Nigeria",Modern payments infrastructure for Africa,"FINTECH, PAYMENTS",https://www.ycombinator.com/companies/paystack,,,
"Moxion Power Co.San Francisco, CA, USA",Winter 2021,,Mobile Energy Storage Technology,"INDUSTRIALS, ENERGY",https://www.ycombinator.com/companies/moxion-power-co,,,
DrChrono,Winter 2011,"San Francisco, CA, USA",The essential platform for modern medical practices and patients.,"HEALTHCARE, HEALTHCARE IT",https://www.ycombinator.com/companies/drchrono,,,
OMGPop,Summer 2006,"New York City, NY, USA",An independent flash game studio.,"CONSUMER, GAMING",https://www.ycombinator.com/companies/omgpop,,,
Newfront,Winter 2018,"San Francisco, CA, USA",Modern insurance brokerage.,"FINTECH, INSURANCE",https://www.ycombinator.com/companies/newfront-insurance,,,
North,Winter 2013,"Kitchener, ON, Canada",Wearable computing hardware: biosignal gesture recognition,"CONSUMER, VIRTUAL AND AUGMENTED REALITY",https://www.ycombinator.com/companies/north,,,
Nowports,Winter 2019,,The core engine of supply chain in LATAM,"B2B, SUPPLY CHAIN AND LOGISTICS",https://www.ycombinator.com/companies/nowports,,,
Odeko,Summer 2019,"New York City, NY, USA",Our operations software makes it easier to run--and grow--your cafe,B2B,https://www.ycombinator.com/companies/odeko,,,
GitPrime,Winter 2016,"Durango, CO, USA",Visibility and analytics for software development leaders.,B2B,https://www.ycombinator.com/companies/gitprime,,,
Proxy,Summer 2016,"San Francisco, CA, USA",Smart ring digital wallet,"CONSUMER, CONSUMER ELECTRONICS",https://www.ycombinator.com/companies/proxy,,,
FutureAdvisor,Summer 2010,"San Francisco, CA, USA",The online financial management service for everyone.,"FINTECH, CONSUMER FINANCE",https://www.ycombinator.com/companies/futureadvisor,,,
Podium,Winter 2016,"Lehi, UT, USA",Get more leads. Make more money.,"B2B, RETAIL",https://www.ycombinator.com/companies/podium,,,
"RappiBogotá, Bogota, Colombia",Winter 2016,,On-demand delivery and financial services for Latin America.,"CONSUMER, FOOD AND BEVERAGE",https://www.ycombinator.com/companies/rappi,,,
Razorpay,Winter 2015,"Bengaluru, KA, India",India's only full-stack financial solutions company for businesses.,"FINTECH, PAYMENTS",https://www.ycombinator.com/companies/razorpay,,,
Rippling,Winter 2017,"San Francisco, CA, USA","One place to run all your HR, IT, and Finance. Globally.","B2B, HUMAN RESOURCES",https://www.ycombinator.com/companies/rippling,,,
"Scale AISan Francisco, CA, USA",Summer 2016,,Data-centric infrastructure to accelerate the development of AI,B2B,https://www.ycombinator.com/companies/scale-ai,,,
Scentbird,Summer 2015,"New York City, NY, USA",Scentbird is a luxury fragrance subscription service.,"CONSUMER, APPAREL AND COSMETICS",https://www.ycombinator.com/companies/scentbird,,,
Scribd,Summer 2006,"San Francisco, CA, USA",World's largest online library.,"CONSUMER, CONTENT",https://www.ycombinator.com/companies/scribd,,,
ShipBob,Summer 2014,"Chicago, IL, USA",Providing Amazon level logistics to e-commerce businesses.,"B2B, SUPPLY CHAIN AND LOGISTICS",https://www.ycombinator.com/companies/shipbob,,,
SmartAsset,Summer 2012,"New York City, NY, USA",Marketplace connecting consumers to financial advisors,"FINTECH, CONSUMER FINANCE",https://www.ycombinator.com/companies/smartasset,,,
Stripe,Summer 2009,"San Francisco, CA, USA",Economic infrastructure for the internet.,FINTECH,https://www.ycombinator.com/companies/stripe,,,
"WaveDakar, Dakar Region, Senegal",Winter 2012,,Mobile money app for Africa,"FINTECH, PAYMENTS",https://www.ycombinator.com/companies/wave,,,
Webflow,Summer 2013,"San Francisco, CA, USA",Professional website design and publishing platform.,"B2B, MARKETING",https://www.ycombinator.com/companies/webflow,,,
Whatnot,Winter 2020,"Los Angeles, CA, USA",Whatnot is the largest livestream shopping platform in the U.S.,CONSUMER,https://www.ycombinator.com/companies/whatnot,,,
Zapier,Summer 2012,"San Francisco, CA, USA",The easiest way to automate your work.,"B2B, PRODUCTIVITY",https://www.ycombinator.com/companies/zapier,,,
"ZeptoMH, India",Winter 2021,,10-Minute Grocery Delivery in India,"CONSUMER, FOOD AND BEVERAGE",https://www.ycombinator.com/companies/zepto,,,
Focal Systems,Winter 2016,"San Francisco, CA, USA",Building the Operating System for B&M Retail using Deep Learning,"B2B, RETAIL",https://www.ycombinator.com/companies/focal-systems,,,
Mio,Winter 2016,"Austin, TX, USA",Mio powers seamless communication between workplace chat apps.,B2B,https://www.ycombinator.com/companies/mio,,,
Daily,Winter 2016,"San Francisco, CA, USA",Conversational Voice and Multimodal AI built with Open Source,"B2B, PRODUCTIVITY",https://www.ycombinator.com/companies/daily,,,
Petcube,Winter 2016,"San Francisco, CA, USA",Petcube is on the mission to improve lives of pets and pet owners…,"CONSUMER, CONSUMER ELECTRONICS",https://www.ycombinator.com/companies/petcube,,,
Outschool,Winter 2016,"San Francisco, CA, USA",A live online learning platform that empowers kids ages 3–18.,EDUCATION,https://www.ycombinator.com/companies/outschool,,,
Mason,Winter 2016,"Seattle, WA, USA",Mason is the fastest way to take smart devices from idea to end user,B2B,https://www.ycombinator.com/companies/mason,,,
MagicBus,Winter 2016,"Los Angeles, CA, USA",We make vanpool simple.,"CONSUMER, TRANSPORTATION SERVICES",https://www.ycombinator.com/companies/magicbus,,,
Tovala,Winter 2016,"Chicago, IL, USA",A smart-oven-paired subscription meal service.,"CONSUMER, HOME AND PERSONAL",https://www.ycombinator.com/companies/tovala,,,
iSono Health,Winter 2016,"San Francisco, CA, USA",AI-powered platform for Accessible and Personalized Breast Health…,"HEALTHCARE, MEDICAL DEVICES",https://www.ycombinator.com/companies/isono-health,,,
"GetAcceptMalmö, Skåne County, Sweden",Winter 2016,,Close deals faster. Digitally.,"B2B, SALES",https://www.ycombinator.com/companies/getaccept,,,
Chatfuel,Winter 2016,"San Francisco, CA, USA",Platform to easily create chatbots to engage with audiences on…,B2B,https://www.ycombinator.com/companies/chatfuel,,,
Yardbook,Winter 2016,"San Francisco, CA, USA",Marketplace & Software Revolutionizing Yard Care,"B2B, FINANCE AND ACCOUNTING",https://www.ycombinator.com/companies/yardbook,,,
"GoCardlessLondon, England, United Kingdom",Summer 2011,,We’re building the world’s bank payment network.,"FINTECH, CONSUMER FINANCE",https://www.ycombinator.com/companies/gocardless,,,
Stealth Worker,Winter 2016,"San Francisco, CA, USA","Information Security (Cyber Security), Compliance and Privacy (GDPR &…","B2B, RECRUITING AND TALENT",https://www.ycombinator.com/companies/stealth-worker,,,
Deepgram,Winter 2016,"San Francisco, CA, USA",Building foundational AI for speech transcription and understanding.,B2B,https://www.ycombinator.com/companies/deepgram,,,
"SOUNDBOKSCopenhagen, Denmark",Winter 2016,,We're creating the loudest battery-driven speaker on the market,"CONSUMER, CONSUMER ELECTRONICS",https://www.ycombinator.com/companies/soundboks,,,
Lattice,Winter 2016,"San Francisco, CA, USA",Modern people management platform.,"B2B, HUMAN RESOURCES",https://www.ycombinator.com/companies/lattice,,,
Mux,Winter 2016,"San Francisco, CA, USA",Video infrastructure for developers,"B2B, INFRASTRUCTURE",https://www.ycombinator.com/companies/mux,,,
Human Interest,Summer 2015,"San Francisco, CA, USA",The 401(k) for small and medium-sized businesses.,"B2B, HUMAN RESOURCES",https://www.ycombinator.com/companies/human-interest,,,
"Flirtey (SkyDrop)Blountville, TN, USA",Summer 2015,,Flirtey is the world’s first commercial drone delivery service and…,"INDUSTRIALS, DRONES",https://www.ycombinator.com/companies/flirtey,,,
Eight Sleep,Summer 2015,"New York City, NY, USA",The sleep fitness company.,"CONSUMER, HOME AND PERSONAL",https://www.ycombinator.com/companies/eight-sleep,,,
Instawork,Summer 2015,"San Francisco, CA, USA",A flexible work app that connects businesses with hourly workers.,"B2B, RECRUITING AND TALENT",https://www.ycombinator.com/companies/instawork,,,
Cofactor Genomics,Summer 2015,"St. Louis, MO, USA",Cofactor closes the precision medicine gap with predictive diagnostics,"HEALTHCARE, DIAGNOSTICS",https://www.ycombinator.com/companies/cofactor-genomics,,,
Bitmovin,Summer 2015,"San Francisco, CA, USA",Powers OTT online video providers with video developer tools.,"B2B, INFRASTRUCTURE",https://www.ycombinator.com/companies/bitmovin,,,
TetraScience,Summer 2015,"Boston, MA, USA",The only R&D data cloud for life sciences,"HEALTHCARE, HEALTHCARE IT",https://www.ycombinator.com/companies/tetrascience,,,
The Ticket Fairy,Summer 2015,"Los Angeles, CA, USA",Revenue generation for live events,"CONSUMER, TRAVEL, LEISURE AND TOURISM",https://www.ycombinator.com/companies/the-ticket-fairy,,,
Font Awesome,Summer 2015,"Bentonville, AR, USA",Icons and social logos for your website.,B2B,https://www.ycombinator.com/companies/font-awesome,,,
"80,000 HoursLondon, England, United Kingdom",Summer 2015,,An online guide that tells talented graduates how to maximise the…,UNSPECIFIED,https://www.ycombinator.com/companies/80-000-hours,,,
"XenditJakarta, Jakarta, Indonesia",Summer 2015,,Provides payment infrastructure for Southeast Asia,"FINTECH, PAYMENTS",https://www.ycombinator.com/companies/xendit,,,
Shred Video,Summer 2015,"San Francisco, CA, USA",Shred Video builds automated video & photo systems that allow…,"CONSUMER, CONTENT",https://www.ycombinator.com/companies/shred-video,,,
"Shape (ShapeScale)San Francisco, CA, USA",Summer 2015,,ShapeScale is a personal 3D scanner and fitness tracker that…,"CONSUMER, CONSUMER ELECTRONICS",https://www.ycombinator.com/companies/shape-shapescale,,,
RedCarpetUp,Summer 2015,"Gurugram, HR, India",Credit cards for Indians that banks cannot see,"FINTECH, CONSUMER FINANCE",https://www.ycombinator.com/companies/redcarpetup,,,
"Plate IQLondon, England, United Kingdom",Summer 2015,,Automated Accounts Payable,"FINTECH, PAYMENTS",https://www.ycombinator.com/companies/plate-iq,,,
PickTrace,Summer 2015,"Los Angeles, CA, USA",Workforce Management for Large Farms,"INDUSTRIALS, AGRICULTURE",https://www.ycombinator.com/companies/picktrace,,,
Fountain,Summer 2015,"San Francisco, CA, USA",High volume hiring made simple,"B2B, RECRUITING AND TALENT",https://www.ycombinator.com/companies/fountain,,,
"MicrohealthCT, Spain",Summer 2015,,Digital hematology,"HEALTHCARE, CONSUMER HEALTH AND WELLNESS",https://www.ycombinator.com/companies/microhealth,,,
Zeplin,Summer 2015,"San Francisco, CA, USA",Deliver on the Promise of Design,B2B,https://www.ycombinator.com/companies/zeplin,,,
Markhor,Summer 2015,"San Francisco, CA, USA",Markhor is a DTC company that works with craftsmen to make shoes and…,"CONSUMER, APPAREL AND COSMETICS",https://www.ycombinator.com/companies/markhor,,,
Circle Medical,Summer 2015,,Modern primary care via video and in-person,"HEALTHCARE, CONSUMER HEALTH AND WELLNESS",https://www.ycombinator.com/companies/circle-medical,,,
GiveCampus,Summer 2015,"Washington, DC, USA",The fundraising platform for schools.,EDUCATION,https://www.ycombinator.com/companies/givecampus,,,
"Drip CapitalMH, India",Summer 2015,,Digital trade finance and B2B commerce company,FINTECH,https://www.ycombinator.com/companies/drip-capital,,,
"ChaldalDhaka, Dhaka Division, Bangladesh",Summer 2015,,FOOD AND BEVERAGE,CONSUMER,https://www.ycombinator.com/companies/chaldal,,,
Clerky,Summer 2011,"San Francisco, CA, USA",Makes legal paperwork easy for startups and their attorneys.,"B2B, LEGAL",https://www.ycombinator.com/companies/clerky,,,
Bodyport,Summer 2015,"San Francisco, CA, USA",Predicting and preventing heart disease.,"HEALTHCARE, CONSUMER HEALTH AND WELLNESS",https://www.ycombinator.com/companies/bodyport,,,
Verge Genomics,Summer 2015,"San Francisco, CA, USA",We use human data and AI to develop better drugs faster.,"HEALTHCARE, DRUG DISCOVERY AND DELIVERY",https://www.ycombinator.com/companies/verge-genomics,,,
Thrive Agritech,Summer 2015,"Seattle, WA, USA",We design and manufacture energy efficient LED lighting fixtures for…,"INDUSTRIALS, AGRICULTURE",https://www.ycombinator.com/companies/thrive-agritech,,,
Tesorio,Summer 2015,"San Francisco, CA, USA",Tesorio is the cash flow performance platform that helps finance…,"B2B, FINANCE AND ACCOUNTING",https://www.ycombinator.com/companies/tesorio,,,
Agile,Summer 2011,"MDSan Francisco, CA, USA",Predictive analytics and clinical pathways for hospitals,"HEALTHCARE, HEALTHCARE IT",https://www.ycombinator.com/companies/agilemd,,,
Reach,Summer 2015,"San Francisco, CA, USA","Long range, wireless energy distribution that scales","INDUSTRIALS, ENERGY",https://www.ycombinator.com/companies/reach,,,
"SunFarmerKathmandu, Central Development Region, Nepal",Summer 2015,,Reliable and affordable solar energy in developing countries.,"INDUSTRIALS, CLIMATE",https://www.ycombinator.com/companies/sunfarmer,,,
"Confident LIMSSan Francisco, CA, USA",Summer 2015,,Laboratory Information Management System (LIMS) serving…,"B2B, OPERATIONS",https://www.ycombinator.com/companies/confident-lims,,,
"Branch8Kowloon, Hong Kong",Summer 2015,,Branch8 helps sellers to list and manage products on e-commerce…,"B2B, RETAIL",https://www.ycombinator.com/companies/branch8,,,
"Heroic LabsLondon, England, United Kingdom",Summer 2015,,"Social Infrastructure for Games; Makers of Nakama game server, Satori…","CONSUMER, GAMING",https://www.ycombinator.com/companies/heroic-labs,,,
SnapMagic,Summer 2015,"San Francisco, CA, USA",AI-assisted electronics design,B2B,https://www.ycombinator.com/companies/snapmagic,,,
Assembly,Summer 2015,"San Francisco, CA, USA",Advanced manufacturing and distribution solutions (for China-based…,"B2B, SUPPLY CHAIN AND LOGISTICS",https://www.ycombinator.com/companies/assembly,,,
Gemnote,Summer 2015,"San Francisco, CA, USA","Gemnote is the easiest way to design, create and send custom products.","B2B, OFFICE MANAGEMENT",https://www.ycombinator.com/companies/gemnote,,,
New Story,Summer 2015,"Atlanta, GA, USA",We pioneer solutions to end the global housing crisis by empowering…,REAL ESTATE AND CONSTRUCTION,https://www.ycombinator.com/companies/new-story,,,
Ironclad,Summer 2015,"San Francisco, CA, USA",AI-powered contract management,"B2B, LEGAL",https://www.ycombinator.com/companies/ironclad,,,
Leaders In Tech,Summer 2015,"San Francisco, CA, USA",Become the leader your company needs.,UNSPECIFIED,https://www.ycombinator.com/companies/leaders-in-tech,,,
tea,Summer 2015,"BOTToronto, ON, Canada",A robot that makes tea!,"B2B, HUMAN RESOURCES",https://www.ycombinator.com/companies/teabot,,,
Teleport,Summer 2015,"San Francisco, CA, USA",The Infrastructure Identity Company,"B2B, INFRASTRUCTURE",https://www.ycombinator.com/companies/teleport,,,
Lugg,Summer 2015,"San Francisco, CA, USA","Move anything, anytime, anywhere","CONSUMER, HOME AND PERSONAL",https://www.ycombinator.com/companies/lugg,,,
Shasqi,Winter 2015,"San Francisco, CA, USA",Targeting Cancer with Click Chemistry,"HEALTHCARE, DRUG DISCOVERY AND DELIVERY",https://www.ycombinator.com/companies/shasqi,,,
Mashgin,Winter 2015,"San Francisco, CA, USA",Self-Checkout using Computer Vision.,"B2B, RETAIL",https://www.ycombinator.com/companies/mashgin,,,
NimbleRx,Winter 2015,"San Francisco, CA, USA",On-demand prescription delivery.,"HEALTHCARE, CONSUMER HEALTH AND WELLNESS",https://www.ycombinator.com/companies/nimblerx,,,
Quartzy,Summer 2011,"San Francisco, CA, USA",Marketplace for life science supplies.,"HEALTHCARE, HEALTHCARE IT",https://www.ycombinator.com/companies/quartzy,,,
Replika,Winter 2015,"San Francisco, CA, USA",Replika is an AI friend that you can talk to designed to make you…,"CONSUMER, CONTENT",https://www.ycombinator.com/companies/replika,,,
"Tara AISan Francisco, CA, USA",Winter 2015,,"Meet Tara AI, your new engineering efficiency co-pilot.","B2B, PRODUCTIVITY",https://www.ycombinator.com/companies/tara-ai,,,
Flip,Winter 2015,"Los Angeles, CA, USA",Community-driven marketplace for sneakers.,"CONSUMER, APPAREL AND COSMETICS",https://www.ycombinator.com/companies/flip,,,
"X-ZellBangkok, Thailand",Winter 2015,,"Early, pain-free cancer detection.","HEALTHCARE, DIAGNOSTICS",https://www.ycombinator.com/companies/x-zell,,,
Zenflow,Winter 2015,"San Francisco, CA, USA","Medical device that provides a more effective, less invasive…","HEALTHCARE, MEDICAL DEVICES",https://www.ycombinator.com/companies/zenflow,,,
"TabLondon, England, United Kingdom",Winter 2015,,"Revolutionising the way travellers discover, plan and book a trip","CONSUMER, TRAVEL, LEISURE AND TOURISM",https://www.ycombinator.com/companies/tab,,,
Streak,Summer 2011,"San Francisco, CA, USA",Streak transforms Gmail into a powerful CRM,"B2B, SALES",https://www.ycombinator.com/companies/streak,,,
Meadow,Winter 2015,"San Francisco, CA, USA",Point of Sale and Compliance SaaS for Cannabis Dispensaries,"B2B, RETAIL",https://www.ycombinator.com/companies/meadow,,,
Level Frames,Winter 2015,"New York City, NY, USA",Software eats custom framing,"CONSUMER, HOME AND PERSONAL",https://www.ycombinator.com/companies/level-frames,,,
Industrial Microbes,Winter 2015,"San Francisco, CA, USA",We design and build microbes to make chemicals greener at lower cost.,"HEALTHCARE, INDUSTRIAL BIO",https://www.ycombinator.com/companies/industrial-microbes,,,
Giveffect,Winter 2015,"New York City, NY, USA","Fundraising, Volunteer and Donor Management SaaS for nonprofits.","B2B, FINANCE AND ACCOUNTING",https://www.ycombinator.com/companies/giveffect,,,
eBrandvalue,Winter 2015,"San Francisco, CA, USA",Real-time Nielsen ratings for Brands.Accelerate marketing and product…,"B2B, MARKETING",https://www.ycombinator.com/companies/ebrandvalue,,,
Quantierra,Winter 2015,"New York City, NY, USA",Sourcing investment real estate,"REAL ESTATE AND CONSTRUCTION, HOUSING AND REAL ESTATE",https://www.ycombinator.com/companies/quantierra,,,
Cleanly,Winter 2015,"New York City, NY, USA",Laundry & Dry Cleaning delivered.,"CONSUMER, HOME AND PERSONAL",https://www.ycombinator.com/companies/cleanly,,,
Resolve,Winter 2015,"New York City, NY, USA",Software to accelerate construction by finding issues in 3D BIM,"REAL ESTATE AND CONSTRUCTION, CONSTRUCTION",https://www.ycombinator.com/companies/resolve,,,
Makrwatch,Winter 2015,"New York City, NY, USA",Scale new user acquisition with YouTube Creators,"B2B, MARKETING",https://www.ycombinator.com/companies/makrwatch,,,
"TeamNoteHong Kong, Hong Kong",Winter 2015,,Mobile Productivity(Slack for mobile workforces),"B2B, PRODUCTIVITY",https://www.ycombinator.com/companies/teamnote,,,
Tempo,Winter 2015,"San Francisco, CA, USA",Live home fitness training powered by computer vision.,"HEALTHCARE, CONSUMER HEALTH AND WELLNESS",https://www.ycombinator.com/companies/tempo,,,
"SIRUMSan Francisco, CA, USA",Winter 2015,,SIRUM is a “match.com” for unused medicine. We connect institutional…,UNSPECIFIED,https://www.ycombinator.com/companies/sirum,,,
"Sails Co.Austin, TX, USA",Winter 2015,,"Full-service web, mobile, & cloud studio providing professional…",B2B,https://www.ycombinator.com/companies/sails-co,,,
ReadMe,Winter 2015,"New York City, NY, USA","Beautiful, personalized, interactive developer hubs",B2B,https://www.ycombinator.com/companies/readme,,,
BuildScience,Winter 2015,"Niagara Falls, NY, USA",The operating system for commercial buildings.,"REAL ESTATE AND CONSTRUCTION, HOUSING AND REAL ESTATE",https://www.ycombinator.com/companies/buildscience,,,
Platzi,Winter 2015,"San Francisco, CA, USA",Turning company knowledge into expert teams,"B2B, PRODUCTIVITY",https://www.ycombinator.com/companies/platzi,,,
Labdoor,Winter 2015,"San Francisco, CA, USA",Labdoor is building the trusted online drugstore.,"CONSUMER, FOOD AND BEVERAGE",https://www.ycombinator.com/companies/labdoor,,,
"GiveMeTapLondon, England, United Kingdom",Winter 2015,,We produce & sell stainless steel water bottles that enables people…,"CONSUMER, HOME AND PERSONAL",https://www.ycombinator.com/companies/givemetap,,,
Bankjoy,Winter 2015,"Troy, MI, USA",An end-to-end digital banking solution for banks and credit unions,"FINTECH, BANKING AND EXCHANGE",https://www.ycombinator.com/companies/bankjoy,,,
Zeitview,Winter 2015,"Los Angeles, CA, USA",Inspection software for renewable energy & sustainable infrastructure,"INDUSTRIALS, DRONES",https://www.ycombinator.com/companies/zeitview,,,
The Human Utility,Winter 2015,"San Francisco, CA, USA",The Human Utility seeks to eliminate water service disconnections for…,UNSPECIFIED,https://www.ycombinator.com/companies/the-human-utility,,,
"Democracy EarthMadrid, Community of Madrid, Spain",Winter 2015,,Censorship resistant democracies.,UNSPECIFIED,https://www.ycombinator.com/companies/democracy-earth,,,
OneSignal,Summer 2011,"San Francisco, CA, USA",Engage customers through personalized omni-channel messaging,"B2B, MARKETING",https://www.ycombinator.com/companies/onesignal,,,
Numerion Labs,Winter 2015,"San Francisco, CA, USA",Artificial intelligence for drug discovery.,"HEALTHCARE, DRUG DISCOVERY AND DELIVERY",https://www.ycombinator.com/companies/numerion-labs,,,
Bright,Winter 2015,"New York City, NY, USA",Sunrun for the developing world,"INDUSTRIALS, ENERGY",https://www.ycombinator.com/companies/bright,,,
Magic,Winter 2015,"Washington, DC, USA",Extremely talented assistants for busy people,B2B,https://www.ycombinator.com/companies/magic,,,
Mezmo,Winter 2015,"Miami, FL, USA",Observability platform to control all of your log data,"B2B, INFRASTRUCTURE",https://www.ycombinator.com/companies/mezmo,,,
Akido Labs,Winter 2015,"Los Angeles, CA, USA",Rebuilding healthcare with AI at the core,"HEALTHCARE, HEALTHCARE IT",https://www.ycombinator.com/companies/akido-labs,,,
Qventus,Winter 2015,"San Francisco, CA, USA",We automate operations for hospitals and health systems,"HEALTHCARE, HEALTHCARE IT",https://www.ycombinator.com/companies/qventus,,,
Bayes Impact,Summer 2014,"San Francisco, CA, USA",Tech nonprofit building the future of public services.,UNSPECIFIED,https://www.ycombinator.com/companies/bayes-impact,,,
Helion Energy,Summer 2014,"Seattle, WA, USA",Building the world's first fusion power plant,"INDUSTRIALS, ENERGY",https://www.ycombinator.com/companies/helion-energy,,,
HackerRank,Summer 2011,"San Francisco, CA, USA",Change the world to value skills over pedigree,"B2B, RECRUITING AND TALENT",https://www.ycombinator.com/companies/hackerrank,,,
Front,Summer 2014,"San Francisco, CA, USA",Customer communications hub for building strong relationships,"B2B, PRODUCTIVITY",https://www.ycombinator.com/companies/front,,,
Apollo,Summer 2011,"San Francisco, CA, USA",Apollo helps engineering teams accelerate delivery,"B2B, INFRASTRUCTURE",https://www.ycombinator.com/companies/apollo,,,
Roomstorm,Summer 2014,"San Francisco, CA, USA",Real time B2B hotel room marketplace for various industries…,"CONSUMER, TRAVEL, LEISURE AND TOURISM",https://www.ycombinator.com/companies/roomstorm,,,
Hive,Summer 2014,"Kitchener, ON, Canada","Marketing automation for event promoters (email, sms, ads, CRM)","B2B, MARKETING",https://www.ycombinator.com/companies/hive,,,
SpotAngels,Summer 2014,"San Francisco, CA, USA",Waze for parking,"CONSUMER, TRANSPORTATION SERVICES",https://www.ycombinator.com/companies/spotangels,,,
UserGemsAustria,Summer 2014,,The AI Command Center for outbound and ABM,"B2B, SALES",https://www.ycombinator.com/companies/usergems,,,
"SFOXLos Angeles, CA, USA",Summer 2014,,Crypto-currency trading platform.,"FINTECH, BANKING AND EXCHANGE",https://www.ycombinator.com/companies/sfox,,,
Picnic,Summer 2014,"AISan Francisco, CA, USA",Intelligence to accelerate human health.,HEALTHCARE,https://www.ycombinator.com/companies/picnicai,,,
"PermutiveLondon, England, United Kingdom",Summer 2014,,Rebuilding data in advertising to protect privacy,"B2B, MARKETING",https://www.ycombinator.com/companies/permutive,,,
Alchemy,Summer 2014,"Waterloo, ON, Canada",Nanotechnology-enabled coatings for automotive and defence sectors,"INDUSTRIALS, MANUFACTURING AND ROBOTICS",https://www.ycombinator.com/companies/alchemy,,,
MTailor,Summer 2014,"San Francisco, CA, USA",Get measured by your phone in under 30 seconds for perfect fitting…,"CONSUMER, APPAREL AND COSMETICS",https://www.ycombinator.com/companies/mtailor,,,
MetricWire,Summer 2014,"Kitchener, ON, Canada",Mobile surveys for researchers,"HEALTHCARE, HEALTHCARE IT",https://www.ycombinator.com/companies/metricwire,,,
Protocol Labs,Summer 2014,"San Francisco, CA, USA","Protocol Labs makes internet protocols: IPFS, Filecoin, and more.","B2B, INFRASTRUCTURE",https://www.ycombinator.com/companies/protocol-labs,,,
Greentoe,Summer 2014,"New York City, NY, USA","""Name Your Price"" for products","CONSUMER, CONSUMER ELECTRONICS",https://www.ycombinator.com/companies/greentoe,,,
Hyperpad,Summer 2014,"London, ON, Canada","Create, Share, Play Mobile Games on the iPad.","CONSUMER, GAMING",https://www.ycombinator.com/companies/hyperpad,,,
"FlaviarLjubljana, Ljubljana, Slovenia",Summer 2014,,Try-at-home service for fine spirits,"CONSUMER, FOOD AND BEVERAGE",https://www.ycombinator.com/companies/flaviar,,,
Clear,Summer 2014,"Bengaluru, KA, India","Fintech SaaS platform for invoices, taxes, wealth management & credit.","FINTECH, CONSUMER FINANCE",https://www.ycombinator.com/companies/cleartax,,,
Backpack,Summer 2014,"New York City, NY, USA",Marketplace to get stuff from overseas,"CONSUMER, HOME AND PERSONAL",https://www.ycombinator.com/companies/backpack,,,
Immunity Project,Winter 2014,"San Francisco, CA, USA",The free HIV vaccine.,UNSPECIFIED,https://www.ycombinator.com/companies/immunity-project,,,
Dyspatch,Winter 2014,"Victoria, BC, Canada","AI Email Production - Emails on brand, guaranteed to work, fast.","B2B, MARKETING",https://www.ycombinator.com/companies/dyspatch,,,
OpenCurriculum,Winter 2014,"Sacramento, CA, USA",Helping K-12 teachers and school administrators build awesome…,UNSPECIFIED,https://www.ycombinator.com/companies/opencurriculum,,,
MixerBox,Winter 2014,"Los Angeles, CA, USA",AI Super-Apps to Live Easier | The anything anytime superapps…,CONSUMER,https://www.ycombinator.com/companies/mixerbox,,,
Y Combinator,,,Make something people want.,FINTECH,https://www.ycombinator.com/companies/y-combinator,,,
GBatteries,Winter 2014,"Ottawa, ON, Canada",Enabling li-ion batteries to charge ultra fast without compromising…,"INDUSTRIALS, CLIMATE",https://www.ycombinator.com/companies/gbatteries,,,
Zinc,Winter 2014,"San Francisco, CA, USA",The secret backbone of e-commerce.,"B2B, RETAIL",https://www.ycombinator.com/companies/zinc,,,
Zidisha,Winter 2014,"Sterling, VA, USA",Direct P2P lending across the international wealth divide.,"FINTECH, CREDIT AND LENDING",https://www.ycombinator.com/companies/zidisha,,,
TrueVault,Winter 2014,"San Francisco, CA, USA",We make Privacy Software for SMBs.,B2B,https://www.ycombinator.com/companies/truevault,,,
Guesty,Winter 2014,"New York City, NY, USA",The management platform for the short term rental industry.,"REAL ESTATE AND CONSTRUCTION, HOUSING AND REAL ESTATE",https://www.ycombinator.com/companies/guesty,,,
Snapdocs,Winter 2014,"Portland, OR, USA",digital mortgage closing,"REAL ESTATE AND CONSTRUCTION, HOUSING AND REAL ESTATE",https://www.ycombinator.com/companies/snapdocs,,,
Medmonk,Winter 2012,"Milpitas, CA, USA",A tool for pharmacists to find funding for patients who are unable to…,"HEALTHCARE, HEALTHCARE SERVICES",https://www.ycombinator.com/companies/medmonk,,,
"ShoobsLondon, England, United Kingdom",Winter 2014,,We help you find and book tickets to great entertainment events that…,"CONSUMER, TRAVEL, LEISURE AND TOURISM",https://www.ycombinator.com/companies/shoobs,,,
Pushbullet,Winter 2014,"San Francisco, CA, USA",Push things to your other things.,"CONSUMER, HOME AND PERSONAL",https://www.ycombinator.com/companies/pushbullet,,,
"PovioCelje, Celje, Slovenia",Winter 2014,,Engineering and Design that Fuels Startup Success,B2B,https://www.ycombinator.com/companies/povio,,,
PiinPoint,Winter 2014,"Kitchener, ON, Canada",PiinPoint helps businesses find the best locations for growth,"B2B, OFFICE MANAGEMENT",https://www.ycombinator.com/companies/piinpoint,,,
One Degree,Winter 2014,"San Francisco, CA, USA",One Degree is a nonprofit organization that makes it easy for…,UNSPECIFIED,https://www.ycombinator.com/companies/one-degree,,,
"MBXSan Francisco, CA, USA",Winter 2014,,A global multi-brand beauty and personal care startup.,"CONSUMER, APPAREL AND COSMETICS",https://www.ycombinator.com/companies/mbx,,,
EmailioRemote,Winter 2014,,Email built for wellness,"B2B, PRODUCTIVITY",https://www.ycombinator.com/companies/emailio,,,
CodeNow,Winter 2014,"Chicago, IL, USA",Our mission is to diversify the talent pipeline of students who…,UNSPECIFIED,https://www.ycombinator.com/companies/codenow,,,
CodeCombat,Winter 2014,"Seattle, WA, USA",Game that teaches computer science to middle and high school kids.,EDUCATION,https://www.ycombinator.com/companies/codecombat,,,
Noora Health,Winter 2014,"Traverse City, MI, USA",Training patients and their families with health skills,HEALTHCARE,https://www.ycombinator.com/companies/noora-health,,,
Cambly,Winter 2014,"San Francisco, CA, USA",On-demand access to English tutors over video chat.,EDUCATION,https://www.ycombinator.com/companies/cambly,,,
AptDeco,Winter 2014,"New York City, NY, USA",AptDeco is the easiest way to buy and sell used furniture,"CONSUMER, HOME AND PERSONAL",https://www.ycombinator.com/companies/aptdeco,,,
CareMessage,Winter 2014,"Austin, TX, USA",Patient engagement for low-income populations,HEALTHCARE,https://www.ycombinator.com/companies/caremessage,,,
Ambition,Winter 2014,"Chattanooga, TN, USA",Coaching and gamification software for sales teams.,"B2B, SALES",https://www.ycombinator.com/companies/ambition,,,
"AirHelpLisbon, Lisbon, Portugal",Winter 2014,,"AirHelp helps air passengers get compensation for delayed, cancelled…","CONSUMER, TRAVEL, LEISURE AND TOURISM",https://www.ycombinator.com/companies/airhelp,,,
"42San Francisco, CA, USA",Winter 2014,,Analytics stack for omnichannel retailers and brands,"B2B, RETAIL",https://www.ycombinator.com/companies/42,,,
True Link,Summer 2013,"New York City, NY, USA",Financial Services for Financial Caregivers.,FINTECH,https://www.ycombinator.com/companies/true-link,,,
Reebee,Summer 2013,"Kitchener, ON, Canada",HOME AND PERSONAL,"Flyer app., , CONSUMER",https://www.ycombinator.com/companies/reebee,,,
Lob,Summer 2013,"New York City, NY, USA",Lob is the only automation platform that transforms direct mail into…,"B2B, MARKETING",https://www.ycombinator.com/companies/lob,,,
Panorama Education,Summer 2013,"Los Angeles, CA, USA",Improving education for every student.,EDUCATION,https://www.ycombinator.com/companies/panorama-education,,,
Cratejoy,Summer 2013,"Austin, TX, USA",Cratejoy is the platform for subscriptions,"B2B, RETAIL",https://www.ycombinator.com/companies/cratejoy,,,
"Estimote, Inc.Kraków, Lesser Poland Voivodeship, Poland",Summer 2013,,Location intelligence platform,"B2B, SUPPLY CHAIN AND LOGISTICS",https://www.ycombinator.com/companies/estimote-inc,,,
EasyPost,Summer 2013,"San Francisco, CA, USA",The shipping infrastructure of the internet.,"B2B, SUPPLY CHAIN AND LOGISTICS",https://www.ycombinator.com/companies/easypost,,,
Asseta,Summer 2013,"Newport Beach, CA, USA",Marketplace for industrial spare parts and capital equipment.,B2B,https://www.ycombinator.com/companies/asseta,,,
Per Vices,Winter 2012,"Toronto, ON, Canada",Building Mission Critical Software Defined Radio products.,INDUSTRIALS,https://www.ycombinator.com/companies/per-vices,,,
7cups,Summer 2013,"Virginia Beach, VA, USA",7 Cups is an emotional support service that matches up people that…,"HEALTHCARE, HEALTHCARE SERVICES",https://www.ycombinator.com/companies/7cups,,,
Watsi,Winter 2013,"San Francisco, CA, USA",Watsi is the first global crowdfunding platform for medical…,HEALTHCARE,https://www.ycombinator.com/companies/watsi,,,
Goldbelly,Winter 2013,"New York City, NY, USA",Empowering restaurants and small food makers to ship nationwide.,"CONSUMER, FOOD AND BEVERAGE",https://www.ycombinator.com/companies/goldbelly,,,
Wevorce,Winter 2013,"Seattle, WA, USA",Changing divorce for good by making it a way less horrible experience…,"CONSUMER, HOME AND PERSONAL",https://www.ycombinator.com/companies/wevorce,,,
Wefunder,Winter 2013,"San Francisco, CA, USA",We're Robinhood for pre-IPO startups. Everyone can invest $100.,"FINTECH, ASSET MANAGEMENT",https://www.ycombinator.com/companies/wefunder,,,
SimplyInsured,Winter 2013,"San Francisco, CA, USA",We sell health insurance to small businesses 100% online.,"HEALTHCARE, HEALTHCARE SERVICES",https://www.ycombinator.com/companies/simplyinsured,,,
"CircuitHubLondon, England, United Kingdom",Winter 2012,,On-Demand Electronics Manufacturing,"INDUSTRIALS, MANUFACTURING AND ROBOTICS",https://www.ycombinator.com/companies/circuithub,,,
Experiment,Winter 2013,"Honolulu, HI, USA",crowdfunding platform for science,"HEALTHCARE, HEALTHCARE SERVICES",https://www.ycombinator.com/companies/experiment,,,
"RADARNew York City, NY, USA",Winter 2013,,RADAR is building technology to completely transform the in-store…,"B2B, RETAIL",https://www.ycombinator.com/companies/radar,,,
Lollipuff,Winter 2013,"San Francisco, CA, USA",Online Auctions for Authentic (Women's) Designer Goods,"CONSUMER, APPAREL AND COSMETICS",https://www.ycombinator.com/companies/lollipuff,,,
"StrikinglyShanghai, Shanghai, China",Winter 2013,,"The easiest way to create a beautiful, mobile optimized website.","B2B, MARKETING",https://www.ycombinator.com/companies/strikingly,,,
InfluxData,Winter 2013,"New York City, NY, USA",The platform for building and operating time series applications.,"B2B, INFRASTRUCTURE",https://www.ycombinator.com/companies/influxdata,,,
Etleap,Winter 2013,"San Francisco, CA, USA",Etleap is an ETL solution for creating perfect data pipelines.,"B2B, INFRASTRUCTURE",https://www.ycombinator.com/companies/etleap,,,
Cheetah,Winter 2013,"San Francisco, CA, USA","Fastest, easiest, and most affordable way for small business owners…","B2B, RETAIL",https://www.ycombinator.com/companies/cheetah,,,
Lawdingo,Winter 2013,"New York City, NY, USA",Lawdingo provides virtual paralegal services to law firms.,"CONSUMER, HOME AND PERSONAL",https://www.ycombinator.com/companies/lawdingo,,,
Padlet,Winter 2013,"San Francisco, CA, USA",Papyrus → Parchment → Paper → Padlet,"B2B, PRODUCTIVITY",https://www.ycombinator.com/companies/padlet,,,
BuildZoom,Winter 2013,"San Francisco, CA, USA",BuildZoom is a better way to remodel. We connect homeowners to the…,"CONSUMER, HOME AND PERSONAL",https://www.ycombinator.com/companies/buildzoom,,,
CircuitLab,Winter 2013,"San Francisco, CA, USA",Online circuit simulator and electronic schematic editor.,B2B,https://www.ycombinator.com/companies/circuitlab,,,
StyleUp,Winter 2013,"San Francisco, CA, USA","StyleUp brings effortless joy to getting dressed with daily,…","CONSUMER, APPAREL AND COSMETICS",https://www.ycombinator.com/companies/styleup,,,
"9gagHong Kong, Hong Kong",Summer 2012,,Make the world happier.,"CONSUMER, SOCIAL",https://www.ycombinator.com/companies/9gag,,,
Svbtle,Summer 2012,"San Francisco, CA, USA",A publishing platform.,"CONSUMER, CONTENT",https://www.ycombinator.com/companies/svbtle,,,
Plivo,Summer 2012,"Austin, TX, USA","Voice AI Agents for customer engagement, including WhatsApp, SMS &…",B2B,https://www.ycombinator.com/companies/plivo,,,
Double Robotics,Summer 2012,"San Francisco, CA, USA",Telepresence robots,"B2B, PRODUCTIVITY",https://www.ycombinator.com/companies/double-robotics,,,
Vastrm,Summer 2012,"San Francisco, CA, USA",Mass customized active apparel. We are building a full turn key…,"CONSUMER, APPAREL AND COSMETICS",https://www.ycombinator.com/companies/vastrm,,,
Flightfox,Summer 2012,"Boulder, CO, USA","A platform to plan, book and manage global and group travel.","B2B, OPERATIONS",https://www.ycombinator.com/companies/flightfox,,,
BackerKit,Summer 2012,"San Francisco, CA, USA",The only end-to-end crowdfunding platform built for today’s creators,"B2B, SALES",https://www.ycombinator.com/companies/backerkit,,,
Submittable,Summer 2012,"Missoula, MT, USA","The best way to launch, manage and measure social impact programs",B2B,https://www.ycombinator.com/companies/submittable,,,
NewsBlur,Summer 2012,"San Francisco, CA, USA",NewsBlur is a personalized news reader,"CONSUMER, CONTENT",https://www.ycombinator.com/companies/newsblur,,,
OctaveWealth,Summer 2012,"San Francisco, CA, USA",The 401(k) that helps you grow,"B2B, HUMAN RESOURCES",https://www.ycombinator.com/companies/octavewealth,,,
Upwave,Summer 2012,"San Francisco, CA, USA",Marketing analytics for the world's biggest brand marketers,"B2B, OPERATIONS",https://www.ycombinator.com/companies/upwave,,,
Eligible,Summer 2012,"New York City, NY, USA",Insurance Billing APIs for Healthcare Businesses,"HEALTHCARE, HEALTHCARE IT",https://www.ycombinator.com/companies/eligible,,,
FundersClub,Summer 2012,"San Francisco, CA, USA",ASSET MANAGEMENT,"Online VC, , FINTECH",https://www.ycombinator.com/companies/fundersclub,,,
Zentail,Summer 2012,"Columbia, MD, USA",We're making ecommerce simple connecting brands with sales channels,"B2B, SUPPLY CHAIN AND LOGISTICS",https://www.ycombinator.com/companies/zentail,,,
Mattermost,Summer 2012,"San Francisco, CA, USA",Secure Collaboration for Technical Teams,"B2B, PRODUCTIVITY",https://www.ycombinator.com/companies/mattermost,,,
HealthSherpa,Summer 2012,"Sacramento, CA, USA",Private sector Healthcare.gov.,"HEALTHCARE, HEALTHCARE SERVICES",https://www.ycombinator.com/companies/healthsherpa,,,
Human Dx,Summer 2012,"San Francisco, CA, USA",The Human Diagnosis Project.,"HEALTHCARE, HEALTHCARE IT",https://www.ycombinator.com/companies/human-dx,,,
Mth Sense,Summer 2012,"San Francisco, CA, USA",We're a mobile on-device profiling and ad-serving platform initially…,"B2B, MARKETING",https://www.ycombinator.com/companies/mth-sense,,,
Rainforest,Summer 2012,"San Francisco, CA, USA",no-code end-to-end testing that integrates with any CI/CD pipeline,B2B,https://www.ycombinator.com/companies/rainforest,,,
Screenleap,Winter 2012,"San Francisco, CA, USA",One-click screen sharing with installation-free viewing on all devices,"B2B, PRODUCTIVITY",https://www.ycombinator.com/companies/screenleap-inc,,,
Buxfer,Winter 2007,"San Francisco, CA, USA",Buxfer helps you make better spending decisions by making it easy to…,"FINTECH, CONSUMER FINANCE",https://www.ycombinator.com/companies/buxfer,,,
Virtualmin,Winter 2007,"San Francisco, CA, USA",,"B2B, INFRASTRUCTURE",https://www.ycombinator.com/companies/virtualmin,,,
Conifer,Summer 2026,"San Francisco, CA, USA",Local-first least cost routing system to reduce 80%+ token spend,B2B,https://www.ycombinator.com/companies/conifer,,,
Simantic,Fall 2026,"Waterloo, ON, Canada",Firmware simulation for AI agents,B2B,https://www.ycombinator.com/companies/simantic,,,
Experiential Labs,Summer 2026,"San Francisco, CA, USA",Continual Learning for Agents,"B2B, INFRASTRUCTURE",https://www.ycombinator.com/companies/experiential-labs,,,
Edviro,Summer 2026,"San Francisco, CA, USA",Energy world models that fix energy waste before it becomes expensive.,"B2B, INFRASTRUCTURE",https://www.ycombinator.com/companies/edviro,,,
Coasty,Summer 2026,"San Francisco, CA, USA",The computer-use agent that doesn't break on real software. We will…,B2B,https://www.ycombinator.com/companies/coasty,,,
Atomarine,Summer 2026,"Boston, MA, USA",Off shore nuclear powered data centers at sea.,"INDUSTRIALS, ENERGY",https://www.ycombinator.com/companies/atomarine,,,
Billow AI Labs,Summer 2026,"San Francisco, CA, USA",AI-native Accounting Firm to Replace the Big-4,"B2B, FINANCE AND ACCOUNTING",https://www.ycombinator.com/companies/billow-ai-labs,,,
hardware intelligence,Summer 2026,"San Francisco, CA, USA",Agentic chip design with ultrafast feedback loops,B2B,https://www.ycombinator.com/companies/hardware-intelligence,,,
Osseus,Summer 2026,,The secure research brain for accelerating R&D,"B2B, PRODUCTIVITY",https://www.ycombinator.com/companies/osseus,,,
Salem Robotics Inc,Summer 2026,"Austin, TX, USA","We deploy robots for inspections in hazardous spaces, like nuclear.","INDUSTRIALS, MANUFACTURING AND ROBOTICS",https://www.ycombinator.com/companies/salem-robotics-inc,,,
Robocurve,Summer 2026,"San Francisco, CA, USA",Evaluating robots in the real world.,"INDUSTRIALS, MANUFACTURING AND ROBOTICS",https://www.ycombinator.com/companies/robocurve,,,
Nex,Summer 2026,"San Francisco, CA, USA",Claude Cowork for GTM Automations,"B2B, SALES",https://www.ycombinator.com/companies/nex,,,
One,Summer 2026,"CLISan Francisco, CA, USA",The Identity Gateway for AI Agents,"B2B, SECURITY",https://www.ycombinator.com/companies/onecli,,,
Wondering,Summer 2026,"San Francisco, CA, USA",Duolingo for Learning Anything,CONSUMER,https://www.ycombinator.com/companies/wondering,,,
Amulet,Summer 2026,"San Francisco, CA, USA",High performance file system for agents,"B2B, INFRASTRUCTURE",https://www.ycombinator.com/companies/amulet,,,
Avoca Systems,Summer 2026,"San Francisco, CA, USA",The AI-powered operating system for radiology networks,HEALTHCARE,https://www.ycombinator.com/companies/avoca-systems,,,
SubVysion,Summer 2026,"San Francisco, CA, USA",We help contractors dig safer with 3D maps of underground…,"REAL ESTATE AND CONSTRUCTION, CONSTRUCTION",https://www.ycombinator.com/companies/subvysion,,,
Petrarch,Summer 2026,"San Francisco, CA, USA",Unlocking enterprise data for tomorrow's economy,B2B,https://www.ycombinator.com/companies/petrarch,,,
Locke,Summer 2026,"San Francisco, CA, USA",Builders of the first AI-native government affairs firm.,B2B,https://www.ycombinator.com/companies/locke,,,
Florin,Summer 2026,"San Francisco, CA, USA",The financial operating system for the companies building the future.,FINTECH,https://www.ycombinator.com/companies/florin,,,
Earendil Robotics,Summer 2026,"San Francisco, CA, USA",Drone swarm defence at a small-unit level,"INDUSTRIALS, DEFENSE",https://www.ycombinator.com/companies/earendil-robotics,,,
Hop Aero,Summer 2026,"Los Angeles, CA, USA",Rocket cargo delivery to contested environments,"INDUSTRIALS, DEFENSE",https://www.ycombinator.com/companies/hop-aero,,,
OpenRelay,Summer 2026,"Seattle, WA, USA","Distributed, hardware-agnostic AI inference",B2B,https://www.ycombinator.com/companies/openrelay,,,
HyperProbe,Summer 2026,"San Francisco, CA, USA",Your coding agent writes code. Now let it fix prod too.,B2B,https://www.ycombinator.com/companies/hyperprobe,,,
Skymerse,Summer 2026,"San Francisco, CA, USA",Autopilot for Flight Operations,"INDUSTRIALS, AVIATION AND SPACE",https://www.ycombinator.com/companies/skymerse,,,
Palisade,Summer 2026,"Los Angeles, CA, USA",AI that finds and fixes OS-level vulnerabilities across device fleets,"B2B, SECURITY",https://www.ycombinator.com/companies/palisade-2,,,
83 Sciences,Summer 2026,"San Francisco, CA, USA",AI-native materials discovery powered by unpublished experimental data,INDUSTRIALS,https://www.ycombinator.com/companies/83-sciences,,,
Mireye,Summer 2026,"San Francisco, CA, USA",Infrastructure for Physical World AI Agents,"B2B, INFRASTRUCTURE",https://www.ycombinator.com/companies/mireye,,,
Derya,Summer 2026,"San Francisco, CA, USA",AI-Native Logistics Office,"B2B, SUPPLY CHAIN AND LOGISTICS",https://www.ycombinator.com/companies/derya,,,
Axelrod,Summer 2026,"San Francisco, CA, USA",Boutique Hotels that run themselves,B2B,https://www.ycombinator.com/companies/axelrod,,,
"Levocred AISan Francisco, CA, USA",Summer 2026,,AI for every workflow inside a credit team,FINTECH,https://www.ycombinator.com/companies/levocred-ai,,,
"Praxis AISan Francisco, CA, USA",Summer 2026,,Turns every company into a data vendor,INDUSTRIALS,https://www.ycombinator.com/companies/praxis-ai-2,,,
"Care GPSydney, NSW, Australia",Summer 2026,,AI agents to run primary healthcare operations,HEALTHCARE,https://www.ycombinator.com/companies/care-gp,,,
"Agnost AISan Francisco, CA, USA",Summer 2026,,Product analytics for teams building conversational agents,"B2B, ANALYTICS",https://www.ycombinator.com/companies/agnost-ai,,,
Agentcard,Summer 2026,"San Francisco, CA, USA",debit cards for AI agents.,FINTECH,https://www.ycombinator.com/companies/agentcard,,,
ProvenMetal,Summer 2026,"San Francisco, CA, USA","Fast-turn, American made PCBs","INDUSTRIALS, MANUFACTURING AND ROBOTICS",https://www.ycombinator.com/companies/provenmetal,,,
Gamgee,Summer 2026,"San Francisco, CA, USA",Scalable Personalised Cancer Treatment,"HEALTHCARE, DRUG DISCOVERY AND DELIVERY",https://www.ycombinator.com/companies/gamgee,,,
Inkbox,Summer 2026,"San Francisco, CA, USA","Give your AI agents email, phone, iMessage and an internet address","B2B, INFRASTRUCTURE",https://www.ycombinator.com/companies/inkbox,,,
Operon,Summer 2026,"San Francisco, CA, USA",Agentic data layer for manufacturing & process industries.,INDUSTRIALS,https://www.ycombinator.com/companies/operon,,,
Cosmic Robotics,Summer 2026,"San Francisco, CA, USA",Autonomous construction on Earth and beyond,INDUSTRIALS,https://www.ycombinator.com/companies/cosmic-robotics,,,
Markov,Summer 2026,"San Francisco, CA, USA",Data for computer-use ai,"B2B, INFRASTRUCTURE",https://www.ycombinator.com/companies/markov,,,
Lumeria,Summer 2026,"San Francisco, CA, USA",Oura Ring for Skin.,"HEALTHCARE, CONSUMER HEALTH AND WELLNESS",https://www.ycombinator.com/companies/lumeria,,,
Ronan,Summer 2026,"Rx Inc.San Francisco, CA, USA",We use AI to personalize peptides to your biology,HEALTHCARE,https://www.ycombinator.com/companies/ronanrx-inc,,,
Last Accounting Company,Summer 2026,"San Francisco, CA, USA",Agent-native accounting firm.,"B2B, FINANCE AND ACCOUNTING",https://www.ycombinator.com/companies/last-accounting-company,,,
Computable,Summer 2026,"New York City, NY, USA","Buy, sell, and redeem GPU hours for any week with instant liquidity",FINTECH,https://www.ycombinator.com/companies/computable,,,
Denta,Summer 2026,"San Francisco, CA, USA",The dental practice that runs itself,"HEALTHCARE, HEALTHCARE IT",https://www.ycombinator.com/companies/denta,,,
Isengard Industries Inc,Summer 2026,"San Francisco, CA, USA",Mass-produced AI strike systems and Counter-UAS,"INDUSTRIALS, DEFENSE",https://www.ycombinator.com/companies/isengard-industries-inc,,,
Vestris,Summer 2026,"San Francisco, CA, USA",AI native platform for real estate closings,"REAL ESTATE AND CONSTRUCTION, HOUSING AND REAL ESTATE",https://www.ycombinator.com/companies/vestris,,,
"PokerClubHubJaco, Puntarenas Province, Costa Rica",Summer 2026,,Host a Poker Club and Make Money,"CONSUMER, GAMING",https://www.ycombinator.com/companies/pokerclubhub,,,
Neuron Industries,Summer 2026,"Los Angeles, CA, USA",Industrial Controllers built for AI,"INDUSTRIALS, MANUFACTURING AND ROBOTICS",https://www.ycombinator.com/companies/neuron-industries,,,
"LATOSan Francisco, CA, USA",Summer 2026,,Agent-native research and simulation platform for investors,B2B,https://www.ycombinator.com/companies/lato,,,
Risklytics,Summer 2026,"San Francisco, CA, USA",AI-Native Brokerage for Hard-to-Place Commercial Insurance,"FINTECH, INSURANCE",https://www.ycombinator.com/companies/risklytics,,,
Daqstra,Summer 2026,"San Francisco, CA, USA",AI-native orchestration for physical R&D testing,B2B,https://www.ycombinator.com/companies/daqstra,,,
Fabraix,Summer 2026,"San Francisco, CA, USA",The world's frontier hacker for AI agents.,"B2B, SECURITY",https://www.ycombinator.com/companies/fabraix,,,
Rational,Summer 2026,"San Francisco, CA, USA",AI Employees for Accounting,"B2B, OPERATIONS",https://www.ycombinator.com/companies/rational,,,
Aktoria Robotics,Summer 2026,"San Francisco, CA, USA",Human as API for robots,"INDUSTRIALS, MANUFACTURING AND ROBOTICS",https://www.ycombinator.com/companies/aktoria-robotics,,,
Vendo,Summer 2026,"San Francisco, CA, USA",Let your users build their own features on top of your product,B2B,https://www.ycombinator.com/companies/vendo,,,
"WhitespaceLondon, England, United Kingdom",Summer 2026,,AI Operating System for Wholesale Distributors,"B2B, SUPPLY CHAIN AND LOGISTICS",https://www.ycombinator.com/companies/whitespace,,,
"OrvixoLondon, England, United Kingdom",Summer 2026,,AI advanced planning and optimisation for manufacturers.,"INDUSTRIALS, MANUFACTURING AND ROBOTICS",https://www.ycombinator.com/companies/orvixo,,,
Blue Frog Gaming,Summer 2007,"Akron, OH, USA",,"CONSUMER, GAMING",https://www.ycombinator.com/companies/blue-frog-gaming,,,
Almanac,Summer 2026,"San Francisco, CA, USA",Self updating wiki for your coding agents,B2B,https://www.ycombinator.com/companies/almanac,,,
Greypoint Industries,Summer 2026,"San Francisco, CA, USA",Manufacturing the future of autonomous swarm warfare.,"INDUSTRIALS, DEFENSE",https://www.ycombinator.com/companies/greypoint-industries,,,
"Graphify LabsLondon, England, United Kingdom",Summer 2026,,On-device knowledge graph engine for enterprises,B2B,https://www.ycombinator.com/companies/graphify-labs,,,
"Ooak DataParis, Île-de-France, France",Summer 2026,,We build the world's largest library of real-world business workflow…,B2B,https://www.ycombinator.com/companies/ooak-data,,,
Nori,Summer 2026,"New York City, NY, USA",Sub-1500$ robot anyone can program,"INDUSTRIALS, MANUFACTURING AND ROBOTICS",https://www.ycombinator.com/companies/noril1,,,
6thSense,Summer 2026,"San Francisco, CA, USA",A nervous system for physical AI,"INDUSTRIALS, MANUFACTURING AND ROBOTICS",https://www.ycombinator.com/companies/6thsense,,,
Bloomy,Summer 2026,"San Francisco, CA, USA",AI-powered mastery learning for K-12,EDUCATION,https://www.ycombinator.com/companies/bloomy,,,
"machine0Paris, Île-de-France, France",Summer 2026,,One command gives your agent its own cloud computer,"B2B, INFRASTRUCTURE",https://www.ycombinator.com/companies/machine0,,,
Pluto,Summer 2026,"New York City, NY, USA",AI voice agent that helps professionals get discovered,"CONSUMER, JOB AND CAREER SERVICES",https://www.ycombinator.com/companies/talentpluto,,,
FlowManual,Summer 2026,"San Francisco, CA, USA",AI for Construction's Back Office.,"REAL ESTATE AND CONSTRUCTION, CONSTRUCTION",https://www.ycombinator.com/companies/flowmanual,,,
Molagri,Summer 2026,"Toronto, ON, Canada",Resistance free pesticides.,"INDUSTRIALS, AGRICULTURE",https://www.ycombinator.com/companies/molagri,,,
Cerenovus,Summer 2026,"San Francisco, CA, USA",A knowledge company,B2B,https://www.ycombinator.com/companies/cerenovus,,,
Agency Tool Company,Summer 2026,"Denver, CO, USA","Reliable infrastructure to build, deploy and manage real-world robots.","INDUSTRIALS, MANUFACTURING AND ROBOTICS",https://www.ycombinator.com/companies/agency-tool-company,,,
Traceforce,Summer 2026,"San Francisco, CA, USA",Securing AI native apps directly on devices,"B2B, SECURITY",https://www.ycombinator.com/companies/traceforce,,,
Definite,Summer 2026,"San Francisco, CA, USA",Build everyday back-office agents on one live model of your books,"B2B, FINANCE AND ACCOUNTING",https://www.ycombinator.com/companies/definite,,,
"Alkera AISan Francisco, CA, USA",Summer 2026,,Reliable and safe data engineering and data science agents,B2B,https://www.ycombinator.com/companies/alkera-ai,,,
Manifold,Summer 2026,"Los Angeles, CA, USA","Low-cost, deployment-ready robotic labor for warehouses","INDUSTRIALS, MANUFACTURING AND ROBOTICS",https://www.ycombinator.com/companies/manifold-2,,,
screenpipe,Summer 2026,"San Francisco, CA, USA","AI powered by everything you've seen, said or heard","B2B, PRODUCTIVITY",https://www.ycombinator.com/companies/screenpipe,,,
"ZaplarStockholm, Stockholm County, Sweden",Summer 2026,,Agentic Hotel Operating System,"B2B, OPERATIONS",https://www.ycombinator.com/companies/zaplar,,,
Touchmark,Summer 2026,"San Francisco, CA, USA",Solving AI pricing,"B2B, INFRASTRUCTURE",https://www.ycombinator.com/companies/touchmark,,,
Codag,Summer 2026,"San Francisco, CA, USA",Log compression for agents.,"B2B, INFRASTRUCTURE",https://www.ycombinator.com/companies/codag,,,
Context.dev,Summer 2026,"San Francisco, CA, USA",We give AI agents realtime web context.,"B2B, INFRASTRUCTURE",https://www.ycombinator.com/companies/contextdev,,,
Glen,Summer 2026,"San Francisco, CA, USA",Unified organizational context for agents and humans,"B2B, PRODUCTIVITY",https://www.ycombinator.com/companies/glen,,,
Truffle,Summer 2026,"New York City, NY, USA",The autonomous back-of-house for restaurants.,B2B,https://www.ycombinator.com/companies/truffle,,,
"AllooviumBrisbane, QLD, Australia",Summer 2026,,Construction paperwork that finally works for your team,"REAL ESTATE AND CONSTRUCTION, CONSTRUCTION",https://www.ycombinator.com/companies/alloovium,,,
Dialogus,Summer 2026,"San Francisco, CA, USA",Infra for enterprise voice agents.,"B2B, INFRASTRUCTURE",https://www.ycombinator.com/companies/dialogus,,,
Bizmark,Summer 2026,"San Francisco, CA, USA","The OS for companies that make, move, or sell physical goods",B2B,https://www.ycombinator.com/companies/bizmark,,,
Buildbox,Summer 2026,"San Francisco, CA, USA",Understand how users experience your AI agents,"B2B, ANALYTICS",https://www.ycombinator.com/companies/buildbox,,,
RealPact,Summer 2026,"San Francisco, CA, USA",AI-native OS for Real Estate Brokerages,"REAL ESTATE AND CONSTRUCTION, HOUSING AND REAL ESTATE",https://www.ycombinator.com/companies/realpact,,,
"GUILDNew York City, NY, USA",Summer 2026,,Making aerospace parts faster and cheaper for defense,"INDUSTRIALS, DEFENSE",https://www.ycombinator.com/companies/guild,,,
Floracene,Summer 2026,"New York City, NY, USA",Optimized medical device purchasing for independent providers,HEALTHCARE,https://www.ycombinator.com/companies/floracene,,,
Rise Reforming,Summer 2026,"Chicago, IL, USA",We turn waste gases into valuable supply-secure chemicals,"INDUSTRIALS, CLIMATE",https://www.ycombinator.com/companies/rise-reforming,,,
Instaplay,Summer 2026,"San Francisco, CA, USA","AI-Native Social Platform, Starting with Games","CONSUMER, GAMING",https://www.ycombinator.com/companies/instaplay,,,
Verdant,Summer 2026,"San Francisco, CA, USA",AI-native land-use permit management for local gov,GOVERNMENT,https://www.ycombinator.com/companies/verdant,,,
Insurf,Summer 2026,"San Francisco, CA, USA",The AI-Native Decision Infrastructure for Health Insurance,HEALTHCARE,https://www.ycombinator.com/companies/insurf,,,
LemonLime,Summer 2026,"San Francisco, CA, USA",No-code AI that learns your business and self-creates automations.,B2B,https://www.ycombinator.com/companies/lemonlime,,,
Gutgutgoose,Summer 2026,"San Francisco, CA, USA",AI training infrastructure via custom probiotics,HEALTHCARE,https://www.ycombinator.com/companies/gutgutgoose,,,
Speko,Summer 2026,"San Francisco, CA, USA",OpenRouter for voice AI,"B2B, INFRASTRUCTURE",https://www.ycombinator.com/companies/speko,,,
Synapse Semiconductor,Summer 2026,"Durham, NC, USA",Collapsing the edge AI vision hardware stack into one wafer,INDUSTRIALS,https://www.ycombinator.com/companies/synapse-semiconductor,,,
Understudy Labs,Summer 2026,"San Francisco, CA, USA",Effortlessly move to open weight models,"B2B, INFRASTRUCTURE",https://www.ycombinator.com/companies/understudy-labs,,,
Rote,Winter 2027,"San Francisco, CA, USA",AI-native insurance department for auto body shops,"B2B, OPERATIONS",https://www.ycombinator.com/companies/rote,,,
Prized,Summer 2026,"San Francisco, CA, USA",Lovable for internal tools,B2B,https://www.ycombinator.com/companies/prized,,,
Maingen,Summer 2026,"San Francisco, CA, USA",RL environments for industrial operations,"INDUSTRIALS, ENERGY",https://www.ycombinator.com/companies/maingen,,,
Rex,Summer 2026,"San Francisco, CA, USA",AI Operations Partner for Enterprise Order to Cash,"B2B, FINANCE AND ACCOUNTING",https://www.ycombinator.com/companies/rex-inc,,,
Zomma,Summer 2026,"San Francisco, CA, USA",Computer Use Agents for back offices in finance,B2B,https://www.ycombinator.com/companies/zomma,,,
Nebula Security,Summer 2026,"Vancouver, WA, USA",A security engineer in your team,"B2B, SECURITY",https://www.ycombinator.com/companies/nebula-security,,,
Trope,Summer 2026,"San Francisco, CA, USA",Modernize ERP Implementations with AI,B2B,https://www.ycombinator.com/companies/trope,,,
Parasma,Summer 2026,"San Francisco, CA, USA",Training human brain cells for AI compute,"B2B, INFRASTRUCTURE",https://www.ycombinator.com/companies/parasma,,,
Belvedir,Summer 2026,"San Francisco, CA, USA",The autonomous private AI platform.,B2B,https://www.ycombinator.com/companies/belvedir,,,
Shielded,Summer 2026,"San Francisco, CA, USA",We automate supply chain and financial risk management,"B2B, FINANCE AND ACCOUNTING",https://www.ycombinator.com/companies/shielded,,,
Olam Labs,Summer 2026,"San Francisco, CA, USA",Evaluating models for behavior and performance through simulated games,B2B,https://www.ycombinator.com/companies/olam-labs,,,
Egoist Machines,Summer 2026,"San Francisco, CA, USA",User-owned memory and preferences that work across every AI app,CONSUMER,https://www.ycombinator.com/companies/egoist-machines,,,
"Perceptron MLSan Francisco, CA, USA",Summer 2026,,We make law firms AI-native.,B2B,https://www.ycombinator.com/companies/perceptron-ml,,,
"HERASeattle, WA, USA",Summer 2026,,Hera catches thousand dollar errors before they hit the shop floor.,INDUSTRIALS,https://www.ycombinator.com/companies/manufacturingintelligence,,,
Donkey,Summer 2026,"San Francisco, CA, USA",The AI-native trading company: China factory-direct for US importers,"B2B, SUPPLY CHAIN AND LOGISTICS",https://www.ycombinator.com/companies/donkey,,,
OpenTrade,Summer 2026,"Seattle, WA, USA",The new interface for investing.,CONSUMER,https://www.ycombinator.com/companies/opentrade,,,
Hoplite,Summer 2026,"San Francisco, CA, USA",Effortlessly deploy cloud software factories.,B2B,https://www.ycombinator.com/companies/hoplite,,,
CleverDeck,Winter 2012,"San Francisco, CA, USA",Collaborate with an artist to commission original artwork you'll live…,EDUCATION,https://www.ycombinator.com/companies/cleverdeck,,,
"PangoStockholm, Stockholm County, Sweden",Summer 2026,,Agentic OS for e-commerce operations,"B2B, RETAIL",https://www.ycombinator.com/companies/pango,,,
Torus,Summer 2026,"San Francisco, CA, USA",Legora for physical engineering firms,INDUSTRIALS,https://www.ycombinator.com/companies/torus,,,
Kebra,Summer 2026,"San Francisco, CA, USA",Make your field service company AI-native,"B2B, OPERATIONS",https://www.ycombinator.com/companies/kebra,,,
"RightNowAmman, Amman Governorate, Jordan",Fall 2026,,Enabling Model-Hardware Co-Design at Scale,"B2B, INFRASTRUCTURE",https://www.ycombinator.com/companies/rightnow,,,
Akkari,Spring 2026,"San Francisco, CA, USA",Autonomous Customer Operations,B2B,https://www.ycombinator.com/companies/akkari,,,
HeyClicky,Spring 2026,"San Francisco, CA, USA",The simplest interface in the world to talk AI models + spawn agents,CONSUMER,https://www.ycombinator.com/companies/heyclicky,,,
Rindler,Summer 2026,"Boston, MA, USA",The translation layer between AI agents and the web,"B2B, INFRASTRUCTURE",https://www.ycombinator.com/companies/rindler,,,
Proprio Robotics,Summer 2026,"San Francisco, CA, USA",Building autonomous data centers,"INDUSTRIALS, MANUFACTURING AND ROBOTICS",https://www.ycombinator.com/companies/proprio-robotics,,,
Huscarl,Spring 2026,"San Francisco, CA, USA",AI-native actuary enabling self-insurance for corporations,"FINTECH, INSURANCE",https://www.ycombinator.com/companies/huscarl,,,
Thomas,Spring 2026,"San Francisco, CA, USA",The first AI founder: a virtual human who runs his own companies.,B2B,https://www.ycombinator.com/companies/thomas,,,
Cohesion,Spring 2026,"New York City, NY, USA",Agents that automate research for institutional investors,"B2B, FINANCE AND ACCOUNTING",https://www.ycombinator.com/companies/cohesion,,,
Maquoketa Research,Spring 2026,"San Francisco, CA, USA",The intelligence layer for drones,"INDUSTRIALS, DEFENSE",https://www.ycombinator.com/companies/maquoketa-research,,,
Intelligence Factory,Spring 2026,"San Francisco, CA, USA",Human Intelligence for Robots,"INDUSTRIALS, MANUFACTURING AND ROBOTICS",https://www.ycombinator.com/companies/intelligence-factory,,,
rekursiv.ai,Summer 2026,"San Francisco, CA, USA",Scale AI scientists whose own breakthroughs accelerate the next.,"B2B, PRODUCTIVITY",https://www.ycombinator.com/companies/rekursivai,,,
Clawvisor,Spring 2026,"San Francisco, CA, USA",The Authorization Layer for AI Agents,"B2B, SECURITY",https://www.ycombinator.com/companies/clawvisor,,,
Framewise Health,Spring 2026,"San Francisco, CA, USA",AI-native patient engagement,HEALTHCARE,https://www.ycombinator.com/companies/framewise-health,,,
Arctic Health,Spring 2026,"New York City, NY, USA",AI-native credentialing and contracting for healthcare,"HEALTHCARE, HEALTHCARE SERVICES",https://www.ycombinator.com/companies/arctic-health,,,
Playabl.ai,Spring 2026,"San Francisco, CA, USA",TikTok for User-generated Games,"CONSUMER, GAMING",https://www.ycombinator.com/companies/playablai,,,
Enjamb Labs,Spring 2026,"San Francisco, CA, USA","Where drug teams run their entire program, discovery to FDA approval",B2B,https://www.ycombinator.com/companies/enjamb-labs,,,
Hyper,Spring 2026,"San Francisco, CA, USA",Company brain that powers your AI employees,"B2B, PRODUCTIVITY",https://www.ycombinator.com/companies/hyper-4,,,
InsForge,Spring 2026,"San Francisco, CA, USA",The agent-native AWS,B2B,https://www.ycombinator.com/companies/insforge,,,
ReasonBlocks,Spring 2026,"San Francisco, CA, USA",The runtime layer that makes AI agents cheaper and more reliable,B2B,https://www.ycombinator.com/companies/reasonblocks,,,
Modern,Spring 2026,"San Francisco, CA, USA",Modern - the ServiceNow killer,"B2B, OPERATIONS",https://www.ycombinator.com/companies/modern,,,
Panacea,Spring 2026,"San Francisco, CA, USA",AI-Native FDA Regulatory Services,"HEALTHCARE, HEALTHCARE SERVICES",https://www.ycombinator.com/companies/panacea,,,
CentralComs,Spring 2026,"San Francisco, CA, USA",AI Agents for Property Management,"REAL ESTATE AND CONSTRUCTION, HOUSING AND REAL ESTATE",https://www.ycombinator.com/companies/centralcoms,,,
KugelAudio,Spring 2026,"San Francisco, CA, USA",Kugel is an on-prem Voice AI model supporting 30+ languages,"B2B, INFRASTRUCTURE",https://www.ycombinator.com/companies/kugelaudio,,,
Klaimee,Spring 2026,"San Francisco, CA, USA","Liability insurance for AI Agents. You deploy agents, we cover you.","FINTECH, INSURANCE",https://www.ycombinator.com/companies/klaimee,,,
flowscope,Spring 2026,"San Francisco, CA, USA",AI-native consulting to map and automate business processes,B2B,https://www.ycombinator.com/companies/flowscope,,,
Gigacatalyst,Spring 2026,"San Francisco, CA, USA",Let software users build new features with our in-app AI agents,B2B,https://www.ycombinator.com/companies/gigacatalyst,,,
Arlo Industries,Spring 2026,"San Francisco, CA, USA","Track drones and missiles without radars - Accurate, Passive, Scalable","INDUSTRIALS, DEFENSE",https://www.ycombinator.com/companies/arlo-industries,,,
Astraea,Spring 2026,"San Francisco, CA, USA",AI Operating System for Clinical Development,B2B,https://www.ycombinator.com/companies/astraea,,,
Lattice Health,Spring 2026,"San Francisco, CA, USA",Monitoring and governance for deployed medical imaging AI,HEALTHCARE,https://www.ycombinator.com/companies/lattice-health,,,
Atlas Discovery,Summer 2026,"San Francisco, CA, USA",Predicting human response to drugs in clinical trials,"HEALTHCARE, DRUG DISCOVERY AND DELIVERY",https://www.ycombinator.com/companies/atlas-discovery,,,
Manicule,Spring 2026,"San Francisco, CA, USA",AgentRel — Devrel For Agents,"B2B, MARKETING",https://www.ycombinator.com/companies/manicule,,,
Avea Robotics,Spring 2026,"San Francisco, CA, USA",The human-in-the-loop system for robots,"INDUSTRIALS, MANUFACTURING AND ROBOTICS",https://www.ycombinator.com/companies/avea-robotics,,,
Mochatrade,Spring 2026,"San Francisco, CA, USA",US stock perps for Indian traders,"FINTECH, CONSUMER FINANCE",https://www.ycombinator.com/companies/mochatrade,,,
"Asendia AISan Francisco, CA, USA",Spring 2026,,AI recruiters for staffing agencies,B2B,https://www.ycombinator.com/companies/asendia-ai,,,
Revnu,Spring 2026,"San Francisco, CA, USA",The growth infrastructure for the autonomous business,"B2B, MARKETING",https://www.ycombinator.com/companies/revnu,,,
Uno Wallet,Spring 2026,"San Francisco, CA, USA",The AI mobile wallet that replaces Apple Pay,"FINTECH, PAYMENTS",https://www.ycombinator.com/companies/uno-wallet,,,
Arden,Spring 2026,"San Francisco, CA, USA",AI-native internal audit firm,"B2B, FINANCE AND ACCOUNTING",https://www.ycombinator.com/companies/arden,,,
AgentPhone,Spring 2026,,Phone Numbers for AI Agents,"B2B, INFRASTRUCTURE",https://www.ycombinator.com/companies/agentphone,,,
Gravy,Spring 2026,"San Francisco, CA, USA","Agents that move money, trade stocks, and file taxes.","FINTECH, CONSUMER FINANCE",https://www.ycombinator.com/companies/gravy,,,
Kinect,Spring 2026,"San Francisco, CA, USA",The AI revenue platform for D2C brands,B2B,https://www.ycombinator.com/companies/kinect,,,
Runtime,Spring 2026,"San Francisco, CA, USA","Build and run internal agents, without managing the infrastructure",B2B,https://www.ycombinator.com/companies/runtime,,,
YouArt,Spring 2026,"San Francisco, CA, USA",Patreon for AI Originals,"CONSUMER, CONTENT",https://www.ycombinator.com/companies/youart,,,
Expanse,Spring 2026,"San Francisco, CA, USA",Unlock wasted GPU capacity.,"B2B, INFRASTRUCTURE",https://www.ycombinator.com/companies/expanse,,,
CharacterQuilt,Spring 2026,"San Francisco, CA, USA",Computer use agents to deploy enterprise marketing campaigns,"B2B, MARKETING",https://www.ycombinator.com/companies/characterquilt,,,
Pentagon,Spring 2026,"Salt Lake City, UT, USA",The control plane for agent-native work.,"B2B, PRODUCTIVITY",https://www.ycombinator.com/companies/pentagon,,,
Arzana,Spring 2026,"New York City, NY, USA",The autonomous ERP for every manufacturer,"B2B, OPERATIONS",https://www.ycombinator.com/companies/arzana,,,
Auxos,Spring 2026,"San Francisco, CA, USA",Simulations of real people for market research,B2B,https://www.ycombinator.com/companies/auxos,,,
Project,Spring 2026,"XSan Francisco, CA, USA",Agent native workspace for heavy parallel workflows on the web,"B2B, INFRASTRUCTURE",https://www.ycombinator.com/companies/projectx,,,
Tolmo,Spring 2026,"San Francisco, CA, USA",Tolmo is the AI security platform that secures every layer of cloud…,"B2B, SECURITY",https://www.ycombinator.com/companies/tolmo,,,
OpenWork,Spring 2026,"San Francisco, CA, USA",The open source alternative to Claude Cowork,"B2B, PRODUCTIVITY",https://www.ycombinator.com/companies/openwork,,,
"Apollo Atomics, Inc.Boston, MA, USA",Spring 2026,,We make the most compact nuclear reactors,"INDUSTRIALS, ENERGY",https://www.ycombinator.com/companies/apollo-atomics-inc,,,
General Aviation,Spring 2026,"San Francisco, CA, USA",Fix ATC by connecting aircraft to the internet,"INDUSTRIALS, AVIATION AND SPACE",https://www.ycombinator.com/companies/general-aviation,,,
OpenProse,Spring 2026,"San Francisco, CA, USA",An open-source operating system for reliable long-running agents,B2B,https://www.ycombinator.com/companies/openprose,,,
Aster,Spring 2026,"San Francisco, CA, USA",Automating open-ended research.,"B2B, PRODUCTIVITY",https://www.ycombinator.com/companies/asterlab,,,
Amboras,Spring 2026,"San Francisco, CA, USA",AI Native Shopify,B2B,https://www.ycombinator.com/companies/amboras,,,
Hessian,Spring 2026,"San Francisco, CA, USA",Forward-deployed AI Agents,B2B,https://www.ycombinator.com/companies/hessian,,,
"RASPIRESan Francisco, CA, USA",Spring 2026,,Autonomous Runtime Security,"B2B, SECURITY",https://www.ycombinator.com/companies/raspire,,,
Plena Health,Spring 2026,"San Francisco, CA, USA",Plena is the AI operating system for specialty medical practices,"HEALTHCARE, HEALTHCARE SERVICES",https://www.ycombinator.com/companies/plena-health,,,
TesterArmy,Spring 2026,"San Francisco, CA, USA","Test your app with AI, catch bugs before users do",B2B,https://www.ycombinator.com/companies/testerarmy,,,
Eden Robotics,Spring 2026,"San Francisco, CA, USA",Autonomous services for humanity.,"INDUSTRIALS, MANUFACTURING AND ROBOTICS",https://www.ycombinator.com/companies/eden-robotics,,,
Foaster,Spring 2026,"San Francisco, CA, USA",The AI-native McKinsey,B2B,https://www.ycombinator.com/companies/foaster,,,
AquaShield,Spring 2026,"San Francisco, CA, USA",AI water leak detection for buildings,REAL ESTATE AND CONSTRUCTION,https://www.ycombinator.com/companies/aquashield,,,
Ornadyne,Spring 2026,"Los Angeles, CA, USA",We're building robot birds for surveillance.,"INDUSTRIALS, DRONES",https://www.ycombinator.com/companies/ornadyne,,,
"ANORIASan Francisco, CA, USA",Spring 2026,,The first wearable that reads your emotions to enhance your EQ.,"CONSUMER, CONSUMER ELECTRONICS",https://www.ycombinator.com/companies/anoria,,,
AbInitio Bio,Spring 2026,"Boston, MA, USA",The Intelligence layer for Drug Manufacturing,"HEALTHCARE, DRUG DISCOVERY AND DELIVERY",https://www.ycombinator.com/companies/abinitio-bio,,,
Memory Store,Spring 2026,"San Francisco, CA, USA",,"Company Brain., , B2B, INFRASTRUCTURE",https://www.ycombinator.com/companies/memory-store,,,
"Saudara AISan Francisco, CA, USA",Spring 2026,,AI Native Sourcing Broker For Overseas Manufacturing,B2B,https://www.ycombinator.com/companies/saudara-ai,,,
Pops,Spring 2026,"New York City, NY, USA",Create & play AI games with friends,"CONSUMER, GAMING",https://www.ycombinator.com/companies/pops,,,
Silmaril,Spring 2026,"San Francisco, CA, USA",Runtime security for AI that self-improves,B2B,https://www.ycombinator.com/companies/silmaril,,,
BioStack Platforms,Spring 2026,"San Francisco, CA, USA",Real world training envs for healthcare AI models,HEALTHCARE,https://www.ycombinator.com/companies/biostack-platforms,,,
Shepherd,Summer 2026,"San Francisco, CA, USA",Give your company the knowledge it deserves,B2B,https://www.ycombinator.com/companies/shepherd-3,,,
Ardent,Spring 2026,"San Francisco, CA, USA",Database sandboxes for Agents,"B2B, INFRASTRUCTURE",https://www.ycombinator.com/companies/ardent,,,
Kuli,Spring 2026,"San Francisco, CA, USA",AI coworker for marketing teams at the largest consumer brands,"B2B, MARKETING",https://www.ycombinator.com/companies/kuli,,,
Wato,Spring 2026,"San Francisco, CA, USA",The control point for AI agents at work.,"B2B, INFRASTRUCTURE",https://www.ycombinator.com/companies/wato,,,
Tasklet,Spring 2026,"San Francisco, CA, USA",Agents that own the work,"B2B, PRODUCTIVITY",https://www.ycombinator.com/companies/tasklet-2,,,
Chronicle Labs,Spring 2026,"San Francisco, CA, USA",Staging Environments for Enterprise AI Agents,B2B,https://www.ycombinator.com/companies/chronicle-labs,,,
Walter,Spring 2026,"San Francisco, CA, USA",AI Employee for Manufacturing Operations,"B2B, OPERATIONS",https://www.ycombinator.com/companies/walter,,,
Aseon Labs,Spring 2026,"San Francisco, CA, USA",Robotic pitstops for self-driving cars,"INDUSTRIALS, MANUFACTURING AND ROBOTICS",https://www.ycombinator.com/companies/aseon-labs,,,
Soria,Spring 2026,"New York City, NY, USA",AI Financial Research Terminal built for Healthcare (and beyond),"FINTECH, ASSET MANAGEMENT",https://www.ycombinator.com/companies/soria,,,
Armature,Spring 2026,"San Francisco, CA, USA",Improve how users experience your product through AI Agents,B2B,https://www.ycombinator.com/companies/armature,,,
"CollarSingapore, Singapore",Fall 2026,,The platform for AI-native private market investors.,B2B,https://www.ycombinator.com/companies/collar,,,
PLAN0 AI,Spring 2026,,Construction Cost Intelligence.,REAL ESTATE AND CONSTRUCTION,https://www.ycombinator.com/companies/plan0-ai,,,
Zibra Labs,Spring 2026,"San Francisco, CA, USA",Distributed runtime for AI workloads at scale,"B2B, INFRASTRUCTURE",https://www.ycombinator.com/companies/zibra-labs,,,
Ara,Spring 2026,"San Francisco, CA, USA",The Cloud Coding Agent,"B2B, PRODUCTIVITY",https://www.ycombinator.com/companies/ara,,,
ValCtrl,Spring 2026,"New York City, NY, USA",ValCtrl is building the only intelligent prediction market,"FINTECH, BANKING AND EXCHANGE",https://www.ycombinator.com/companies/valctrl,,,
General Instinct,Spring 2026,"San Francisco, CA, USA",Inference Infrastructure for Physical AI,"INDUSTRIALS, MANUFACTURING AND ROBOTICS",https://www.ycombinator.com/companies/general-instinct,,,
tday.com,Spring 2026,"San Francisco, CA, USA",AI that turns your product into on-brand marketing content,"B2B, MARKETING",https://www.ycombinator.com/companies/tdaycom,,,
"ED1THSan Francisco, CA, USA",Spring 2026,,CONSUMER ELECTRONICS,"Jarvis IRL, , CONSUMER",https://www.ycombinator.com/companies/ed1th,,,
Minicor,Spring 2026,"San Francisco, CA, USA",Scalable windows desktop automations,"B2B, INFRASTRUCTURE",https://www.ycombinator.com/companies/minicor,,,
Degla Inc,Fall 2026,"Boston, MA, USA",The fully autonomous intelligence layer in the sky.,"INDUSTRIALS, DRONES",https://www.ycombinator.com/companies/degla-inc,,,
Archer,Spring 2026,"San Francisco, CA, USA",Global payouts for the workforce powering AI,"FINTECH, PAYMENTS",https://www.ycombinator.com/companies/archer,,,
River Markets,Spring 2026,"San Francisco, CA, USA",Prime brokerage for prediction markets,FINTECH,https://www.ycombinator.com/companies/river-markets,,,
smol machines,Spring 2026,"San Francisco, CA, USA","Ship software faster with portable, self contained virtual machines.","B2B, INFRASTRUCTURE",https://www.ycombinator.com/companies/smol-machines,,,
Allowance,Spring 2026,"San Francisco, CA, USA",The spend control layer for AI agents,"FINTECH, PAYMENTS",https://www.ycombinator.com/companies/allowance,,,
Harbor,Spring 2026,"San Francisco, CA, USA",AI-native CRO for clinical trial operations,HEALTHCARE,https://www.ycombinator.com/companies/runharbor,,,
Alchemize,Spring 2026,"San Francisco, CA, USA",AI-Native Customs Brokerage,"B2B, SUPPLY CHAIN AND LOGISTICS",https://www.ycombinator.com/companies/alchemize,,,
Complir,Spring 2026,"San Francisco, CA, USA",Vanta for physical products,"B2B, RETAIL",https://www.ycombinator.com/companies/complir,,,
"AICESan Francisco, CA, USA",Spring 2026,,Submarine drones for defense,"INDUSTRIALS, DEFENSE",https://www.ycombinator.com/companies/aice,,,
Infera,Spring 2026,"San Francisco, CA, USA",Control lab instruments with natural language.,"HEALTHCARE, INDUSTRIAL BIO",https://www.ycombinator.com/companies/infera,,,
Mount,Spring 2026,"San Francisco, CA, USA",The AI Agent Insurance Carrier,"FINTECH, INSURANCE",https://www.ycombinator.com/companies/mount,,,
Parrot,Spring 2026,"San Francisco, CA, USA",Agentic operating system for auto repair shops,B2B,https://www.ycombinator.com/companies/useparrot,,,
Result,Spring 2026,,Where new internet entrepreneurs build and run their companies,CONSUMER,https://www.ycombinator.com/companies/result,,,
Sidekick,Summer 2026,"San Francisco, CA, USA",AI-powered SMS assistant for deskless workers.,"B2B, OPERATIONS",https://www.ycombinator.com/companies/textsidekick,,,
Prototyping.io,Spring 2026,"San Francisco, CA, USA",Autonomous manufacturing for mechanical parts,"INDUSTRIALS, MANUFACTURING AND ROBOTICS",https://www.ycombinator.com/companies/prototypingio,,,
Lumius,Spring 2026,"Durham, NC, USA","Fast, smart, accessible 3D ultrasound that anyone can use","HEALTHCARE, MEDICAL DEVICES",https://www.ycombinator.com/companies/lumius,,,
Adialante,Spring 2026,"San Francisco, CA, USA",Cancer screening without barriers,"HEALTHCARE, DIAGNOSTICS",https://www.ycombinator.com/companies/adialante,,,
Savant,Spring 2026,"San Francisco, CA, USA",Company brain every AI-native enterprise runs on,"B2B, PRODUCTIVITY",https://www.ycombinator.com/companies/savant,,,
Keyframe Labs,Spring 2026,"San Francisco, CA, USA",Turn agents into lifelike video calls with the word's best AI avatars,B2B,https://www.ycombinator.com/companies/keyframe-labs,,,
Voquill,Spring 2026,"San Francisco, CA, USA",The agentic OS for medical labs,HEALTHCARE,https://www.ycombinator.com/companies/voquill,,,
Oddpool,Spring 2026,"San Francisco, CA, USA",Institutional infrastructure for prediction markets,B2B,https://www.ycombinator.com/companies/oddpool,,,
Ontora,Spring 2026,"San Francisco, CA, USA",AI agents that interviews every employee to hand context to AI tools.,"B2B, OPERATIONS",https://www.ycombinator.com/companies/ontora,,,
Napkin Math,Spring 2026,"San Francisco, CA, USA",AI nutrition coach in your pocket,CONSUMER,https://www.ycombinator.com/companies/napkin-math,,,
"Gojiberry AISan Francisco, CA, USA",Spring 2026,,AI Go-To-Market agents for B2B teams,"B2B, SALES",https://www.ycombinator.com/companies/gojiberry-ai,,,
"Lab0San Francisco, CA, USA",Spring 2026,,"AI FDEs to make your B2B SaaS Go Live in Days, not Months",B2B,https://www.ycombinator.com/companies/lab0,,,
Bento,Spring 2026,"Labs AISan Francisco, CA, USA",Monitoring and learning layer for long-running agents,B2B,https://www.ycombinator.com/companies/bentolabs-ai,,,
Lamina Labs,Spring 2026,"San Francisco, CA, USA",Near-real-time video infrastructure for LLMs,B2B,https://www.ycombinator.com/companies/lamina-labs,,,
"Kimpton AISan Francisco, CA, USA",Spring 2026,,The IDE for Investors,"FINTECH, ASSET MANAGEMENT",https://www.ycombinator.com/companies/kimpton-ai,,,
StableBrowse,Spring 2026,"San Francisco, CA, USA",Help frontier labs build better models.,"B2B, INFRASTRUCTURE",https://www.ycombinator.com/companies/stablebrowse,,,
Taiga,Spring 2026,"San Francisco, CA, USA",Autonomous medical billing,"HEALTHCARE, HEALTHCARE SERVICES",https://www.ycombinator.com/companies/taiga,,,
"PairioBY, Germany",Spring 2026,,AI mobile app that helps factory technicians fix broken machines,B2B,https://www.ycombinator.com/companies/pairio,,,
"Callab AISan Francisco, CA, USA",Spring 2026,,AI voice agents for on-prem telephony stack.,"B2B, OPERATIONS",https://www.ycombinator.com/companies/callab-ai,,,
Synphony,Spring 2026,"San Francisco, CA, USA",robots & software for farms,"INDUSTRIALS, MANUFACTURING AND ROBOTICS",https://www.ycombinator.com/companies/synphony,,,
Drip,Spring 2026,"San Francisco, CA, USA",Never miss a lead,"B2B, INFRASTRUCTURE",https://www.ycombinator.com/companies/drippay,,,
Arga Labs,Spring 2026,"San Francisco, CA, USA",Real-world sandboxes to test agents and agent-facing software,B2B,https://www.ycombinator.com/companies/arga-labs,,,
Andco,Spring 2026,"San Francisco, CA, USA",Agents that build personal injury cases,"B2B, LEGAL",https://www.ycombinator.com/companies/andco,,,
RentAHuman,Spring 2026,"San Francisco, CA, USA",Marketplace for AI agents to hire humans.,"CONSUMER, JOB AND CAREER SERVICES",https://www.ycombinator.com/companies/rentahuman,,,
InstaAgent,Spring 2026,"San Francisco, CA, USA",Scale marketing campaigns across hundreds of personas,"B2B, MARKETING",https://www.ycombinator.com/companies/instaagent,,,
Salesgraph,Spring 2026,"San Francisco, CA, USA",Proactive revenue agents that move enterprise deals forward,"B2B, SALES",https://www.ycombinator.com/companies/salesgraph,,,
Sherpa,Spring 2026,"San Francisco, CA, USA",Make websites improve themselves.,B2B,https://www.ycombinator.com/companies/sherpa,,,
Userlens,Spring 2026,"San Francisco, CA, USA",Agents that renew and expand six and seven-figure enterprise software,"B2B, PRODUCTIVITY",https://www.ycombinator.com/companies/userlens,,,
transload,Spring 2026,"San Francisco, CA, USA",Measure freight with security cameras,"B2B, SUPPLY CHAIN AND LOGISTICS",https://www.ycombinator.com/companies/transload,,,
Standout,Spring 2026,"San Francisco, CA, USA",Agentic hiring marketplace,"B2B, RECRUITING AND TALENT",https://www.ycombinator.com/companies/standout,,,
shotwell.ai,Spring 2026,"San Francisco, CA, USA",The Observability Layer for Robotics,"INDUSTRIALS, MANUFACTURING AND ROBOTICS",https://www.ycombinator.com/companies/shotwellai,,,
Madrone,Spring 2026,"San Francisco, CA, USA",Hyper-efficient coolers for data centers,"INDUSTRIALS, ENERGY",https://www.ycombinator.com/companies/madrone,,,
Pavoot,Spring 2026,"San Francisco, CA, USA",AI Event Manager for in-person events,"B2B, MARKETING",https://www.ycombinator.com/companies/pavoot,,,
qomplement,Spring 2026,"San Francisco, CA, USA",The Agentic ERP for supply chain operations,B2B,https://www.ycombinator.com/companies/qomplement,,,
Deep Interactions,Spring 2026,"San Francisco, CA, USA",Collaborative AI app builder for teams,B2B,https://www.ycombinator.com/companies/deep-interactions,,,
Kel,Spring 2026,"AINew York City, NY, USA",The AI Quant: Autonomous Alpha Engine for Funds and Traders.,"FINTECH, ASSET MANAGEMENT",https://www.ycombinator.com/companies/kelai,,,
"HEVN, inc",Spring 2026,,Global bank account for exporters,FINTECH,https://www.ycombinator.com/companies/hevn-inc,,,
Wealor,Spring 2026,"San Francisco, CA, USA",AI-native platform for wealth managers,"FINTECH, ASSET MANAGEMENT",https://www.ycombinator.com/companies/wealor,,,
"ElyraStockholm, Stockholm County, Sweden",Spring 2026,,AI Reservation System for Restaurants,B2B,https://www.ycombinator.com/companies/elyra,,,
Interfaze,Spring 2026,"San Francisco, CA, USA",AI model built for high accuracy deterministic tasks,"B2B, INFRASTRUCTURE",https://www.ycombinator.com/companies/interfaze,,,
Zolvo,Spring 2026,"San Francisco, CA, USA",AI Back-Office Automation for Commercial Lenders,"FINTECH, CREDIT AND LENDING",https://www.ycombinator.com/companies/zolvo,,,
Juno,Spring 2026,"San Francisco, CA, USA",AI Health Assistant for Chronic Illness,"HEALTHCARE, CONSUMER HEALTH AND WELLNESS",https://www.ycombinator.com/companies/juno-chat,,,
Kinro,Spring 2026,"San Francisco, CA, USA",Autonomous insurance brokerage for small businesses,"FINTECH, INSURANCE",https://www.ycombinator.com/companies/kinro,,,
GovGuard,Spring 2026,"San Francisco, CA, USA","Automating Government Workflows, starting with FOIA",GOVERNMENT,https://www.ycombinator.com/companies/govguard,,,
Superlog,Spring 2026,"San Francisco, CA, USA",Make software self-healing,B2B,https://www.ycombinator.com/companies/superlog,,,
GodHands,Fall 2026,"San Francisco, CA, USA",The company knowledge base that updates itself,B2B,https://www.ycombinator.com/companies/godhands,,,
Limrun,Spring 2026,"San Francisco, CA, USA","Extend cloud sandboxes with iOS, Android and more","B2B, INFRASTRUCTURE",https://www.ycombinator.com/companies/limrun,,,
Light Anchor,Spring 2026,"San Francisco, CA, USA",AI-run consumer brands,CONSUMER,https://www.ycombinator.com/companies/light-anchor,,,
Hub,Spring 2026,"San Francisco, CA, USA",Real-world training data for frontier AI labs and robotics.,"B2B, INFRASTRUCTURE",https://www.ycombinator.com/companies/hub,,,
Tenet Industries,Spring 2026,"San Francisco, CA, USA","Low-cost, mass-producible defense systems","INDUSTRIALS, DEFENSE",https://www.ycombinator.com/companies/tenet-industries,,,
Atrisa,Spring 2026,"San Francisco, CA, USA",AI Agents for Analog Circuit Design,B2B,https://www.ycombinator.com/companies/atrisa,,,
Trellis,Spring 2026,"San Francisco, CA, USA",Agents that run short-term rental operations end-to-end,"B2B, OPERATIONS",https://www.ycombinator.com/companies/trellistech,,,
The Company Company,Spring 2026,"San Francisco, CA, USA",The last agent your company will ever need.,B2B,https://www.ycombinator.com/companies/the-company-company,,,
"DayjobLondon, England, United Kingdom",Spring 2026,,AI Scheduling for Short Haul Trucks,"B2B, SUPPLY CHAIN AND LOGISTICS",https://www.ycombinator.com/companies/dayjob,,,
InLoop Robotics,Spring 2026,"San Francisco, CA, USA",Robotic arms that pick and pack your orders.,"INDUSTRIALS, MANUFACTURING AND ROBOTICS",https://www.ycombinator.com/companies/inloop-robotics,,,
Zenbu,Spring 2026,"San Francisco, CA, USA",The extensible IDE for coding agents,B2B,https://www.ycombinator.com/companies/zenbu-2,,,
Andustry,Spring 2026,"Munich, BY, Germany",We help manufacturers find suppliers for industrial equipment.,"B2B, SUPPLY CHAIN AND LOGISTICS",https://www.ycombinator.com/companies/andustry,,,
Nine Fives,Spring 2026,"San Francisco, CA, USA","RF test equipment for next-gen spacecraft, drones, and cellphones","INDUSTRIALS, MANUFACTURING AND ROBOTICS",https://www.ycombinator.com/companies/nine-fives,,,
Incandor,Spring 2026,"San Francisco, CA, USA",Behavioral intelligence infrastructure for anti-fraud,B2B,https://www.ycombinator.com/companies/incandor,,,
Chert,Spring 2026,"San Francisco, CA, USA",iMessage infrastructure for business,B2B,https://www.ycombinator.com/companies/chert,,,
Saffron,Spring 2026,"San Francisco, CA, USA",Helping your company find 10x engineers.,"B2B, RECRUITING AND TALENT",https://www.ycombinator.com/companies/saffron,,,
Discovered Materials,Spring 2026,"San Francisco, CA, USA",AI scientists to discover materials for the semiconductor industry.,INDUSTRIALS,https://www.ycombinator.com/companies/discovered-materials,,,
Lightsprint,Spring 2026,"San Francisco, CA, USA",Collaborative product development with cloud agents,B2B,https://www.ycombinator.com/companies/lightsprint,,,
Twolabs,Spring 2026,"San Francisco, CA, USA",Humanoid robot platform for builders.,"INDUSTRIALS, MANUFACTURING AND ROBOTICS",https://www.ycombinator.com/companies/twolabs,,,
Scope,Spring 2026,"San Francisco, CA, USA",We help software companies get discovered and used by AI agents,B2B,https://www.ycombinator.com/companies/scope,,,
Hexa,Spring 2026,"San Francisco, CA, USA",Autonomous operations for industrial distributors,"B2B, SUPPLY CHAIN AND LOGISTICS",https://www.ycombinator.com/companies/hexa,,,
Palette,Summer 2026,"San Francisco, CA, USA",An interactive AI video generation and editing platform,B2B,https://www.ycombinator.com/companies/palette-2,,,
Rudus,Spring 2026,"San Francisco, CA, USA",AI Takeoffs for Concrete,"REAL ESTATE AND CONSTRUCTION, CONSTRUCTION",https://www.ycombinator.com/companies/rudus,,,
Replicas,Spring 2026,"San Francisco, CA, USA",Run any coding agent harness in the cloud,B2B,https://www.ycombinator.com/companies/replicas,,,
Totalis,Spring 2026,"San Francisco, CA, USA",derivative layer for prediction markets,"FINTECH, CONSUMER FINANCE",https://www.ycombinator.com/companies/totalis,,,
With,Spring 2026,"AISan Francisco, CA, USA",Agent harnesses for asset managers,B2B,https://www.ycombinator.com/companies/withai,,,
Osmaura,Summer 2026,"San Francisco, CA, USA",AI growth engine for law firms.,B2B,https://www.ycombinator.com/companies/osmaura,,,
Instance,Summer 2026,"San Francisco, CA, USA",Automated evals for robot policies,B2B,https://www.ycombinator.com/companies/instance,,,
Illume Labs,Summer 2026,"Boston, MA, USA",24/7 Personal Health & Longevity Companion,"HEALTHCARE, CONSUMER HEALTH AND WELLNESS",https://www.ycombinator.com/companies/illume-labs,,,
Memoir,Spring 2026,"San Francisco, CA, USA",Marketing campaigns from everything your team ships,"B2B, MARKETING",https://www.ycombinator.com/companies/memoir,,,
"PerfectBit, Inc.San Francisco, CA, USA",Spring 2026,,Correct by construction AI training data,B2B,https://www.ycombinator.com/companies/perfectbit-inc,,,
Stage,Spring 2026,"San Francisco, CA, USA",Code review platform for humans and agents,B2B,https://www.ycombinator.com/companies/stage,,,
Standard Signal,Spring 2026,"New York City, NY, USA",Hedge fund where AI researches and executes every trade end-to-end,"FINTECH, ASSET MANAGEMENT",https://www.ycombinator.com/companies/standard-signal,,,
primitive,Spring 2026,"San Francisco, CA, USA",communication for agents,"B2B, INFRASTRUCTURE",https://www.ycombinator.com/companies/primitive,,,
Korso,Spring 2026,"Los Angeles, CA, USA",Tooling for the next generation of software.,B2B,https://www.ycombinator.com/companies/korso,,,
Klarify,Spring 2026,"San Francisco, CA, USA",AI Agent for Therapists,"HEALTHCARE, HEALTHCARE IT",https://www.ycombinator.com/companies/klarify,,,
Surtr Defense Systems,Spring 2026,"San Francisco, CA, USA",The hardware-agnostic operating system for drone defense,"INDUSTRIALS, DEFENSE",https://www.ycombinator.com/companies/surtr-defense-systems,,,
Hedge,Spring 2026,"San Francisco, CA, USA",AI-Native insurance company,"FINTECH, INSURANCE",https://www.ycombinator.com/companies/hedge,,,
Cardinal,Winter 2026,"San Francisco, CA, USA",AI Platform for Precision Outbound,B2B,https://www.ycombinator.com/companies/trycardinal-ai,,,
Wideframe,Winter 2026,"San Francisco, CA, USA",AI coworker for video editors to ship more video faster,B2B,https://www.ycombinator.com/companies/wideframe,,,
Martini,Winter 2026,"San Francisco, CA, USA",AI Video Production for Professionals,B2B,https://www.ycombinator.com/companies/martini,,,
Litmus,Summer 2026,"New York City, NY, USA",Run an async work trial on every engineer you interview.,"B2B, RECRUITING AND TALENT",https://www.ycombinator.com/companies/litmus-hiring,,,
"Condor EnergyParis, Île-de-France, France",Winter 2026,,Software for enterprise energy procurement.,"INDUSTRIALS, ENERGY",https://www.ycombinator.com/companies/condor-energy,,,
Remix,Winter 2026,"San Francisco, CA, USA",Social media content auto-generated with your existing data,CONSUMER,https://www.ycombinator.com/companies/remix-3,,,
Shofo,Winter 2026,"San Francisco, CA, USA",The World's Largest Video Library,"B2B, INFRASTRUCTURE",https://www.ycombinator.com/companies/shofo,,,
Wayco,Winter 2026,"New York City, NY, USA",AI operator for medlegal cases,"B2B, INFRASTRUCTURE",https://www.ycombinator.com/companies/wayco,,,
"Applied Electrodynamics, Inc.San Francisco, CA, USA",Summer 2026,,A new kind of camera that can see through walls.,INDUSTRIALS,https://www.ycombinator.com/companies/applied-electrodynamics-inc,,,
Unifold,Winter 2026,"New York City, NY, USA",Multi-chain deposit and payment infrastructure,"FINTECH, PAYMENTS",https://www.ycombinator.com/companies/unifold,,,
Carrot Labs,Winter 2026,"San Francisco, CA, USA",AI Cost Management: Track and attribute AI spend across every provider,B2B,https://www.ycombinator.com/companies/carrot-labs,,,
Dispatch,Spring 2026,"San Francisco, CA, USA",Satellites for Manufacturing in Space,"INDUSTRIALS, AVIATION AND SPACE",https://www.ycombinator.com/companies/dispatch,,,
Bloom,Spring 2026,"San Francisco, CA, USA",The brand layer for agents.,B2B,https://www.ycombinator.com/companies/trybloom,,,
"Aurorin CADSan Francisco, CA, USA",Winter 2026,,Claude code for Mechanical Engineers,B2B,https://www.ycombinator.com/companies/aurorin-cad,,,
Fixture,Winter 2026,,An AI-first CRM built for Startups,"B2B, SALES",https://www.ycombinator.com/companies/fixture,,,
"DAIVIN!San Francisco, CA, USA",Winter 2026,,"Tankless Dive Gear - Breath Autonomy at Sea, Land & Space","INDUSTRIALS, DEFENSE",https://www.ycombinator.com/companies/daivin,,,
"Brumby (Formerly GrazeMate)Sydney, NSW, Australia",Winter 2026,,Robot Cowboys that Herd Cattle with AI Drones,"INDUSTRIALS, AGRICULTURE",https://www.ycombinator.com/companies/brumby,,,
Origami Robotics,Winter 2026,"San Francisco, CA, USA",Manipulate Anything Robot,INDUSTRIALS,https://www.ycombinator.com/companies/origami-robotics,,,
Ossus,Winter 2026,"San Francisco, CA, USA",Intelligence for cultural institutions,"B2B, INFRASTRUCTURE",https://www.ycombinator.com/companies/ossus,,,
"Rubric AINew York City, NY, USA",Winter 2026,,Reasoning and verification infra for AI,B2B,https://www.ycombinator.com/companies/rubric-ai,,,
Regbase,Spring 2026,"San Francisco, CA, USA","Automating Corporate Compliance, Worldwide","B2B, LEGAL",https://www.ycombinator.com/companies/regbase,,,
"ZymblyLondon, England, United Kingdom",Winter 2026,,Automates admin for aircraft mechanics,B2B,https://www.ycombinator.com/companies/zymbly,,,
Ritivel,Winter 2026,"Bengaluru, KA, India",AI-native platform for Life-Sciences Documentation,"HEALTHCARE, HEALTHCARE IT",https://www.ycombinator.com/companies/ritivel,,,
Polymorph,Winter 2026,"San Francisco, CA, USA",Building the future of the consumer internet,B2B,https://www.ycombinator.com/companies/polymorph,,,
"PollinateBrisbane, QLD, Australia",Winter 2026,,AI Agents for the supply chain.,"B2B, SUPPLY CHAIN AND LOGISTICS",https://www.ycombinator.com/companies/pollinate,,,
SpotPay,Winter 2026,"San Francisco, CA, USA",Stablecoin Global Bank Account,"FINTECH, CONSUMER FINANCE",https://www.ycombinator.com/companies/spotpay,,,
Poth Labs,Summer 2026,"San Francisco, CA, USA",Helping companies understand why users behave the way they do,B2B,https://www.ycombinator.com/companies/poth-labs,,,
"VOYGRSan Francisco, CA, USA",Winter 2026,,Real-world place intelligence for AI apps and agents,B2B,https://www.ycombinator.com/companies/voygr,,,
MochaCare,Winter 2026,"San Francisco, CA, USA",Agentic Management Service for Care Organizations,"B2B, OPERATIONS",https://www.ycombinator.com/companies/mochacare,,,
Cova,Summer 2026,"Detroit, MI, USA",AI-Native Home Care Agency,HEALTHCARE,https://www.ycombinator.com/companies/cova,,,
Vela,Winter 2026,"San Francisco, CA, USA",AI Recruiting Coordinator for Executive Search,B2B,https://www.ycombinator.com/companies/vela,,,
Supafax,Winter 2026,"San Francisco, CA, USA",AI assistant for your email and calendar,"B2B, PRODUCTIVITY",https://www.ycombinator.com/companies/supafax,,,
Talking Computers,Winter 2026,,AI for AI Infrastructure,B2B,https://www.ycombinator.com/companies/talking-computers,,,
Control Seat,Summer 2026,"San Francisco, CA, USA",Control and Monitoring of Industrial Operations,INDUSTRIALS,https://www.ycombinator.com/companies/control-seat,,,
Copperlane,Winter 2026,"San Francisco, CA, USA",Agentic Mortgage Origination,"FINTECH, CREDIT AND LENDING",https://www.ycombinator.com/companies/copperlane,,,
Tsenta,Summer 2026,"San Francisco, CA, USA",We match you with jobs and apply automatically,"CONSUMER, JOB AND CAREER SERVICES",https://www.ycombinator.com/companies/tsenta,,,
Canary,Winter 2026,"San Francisco, CA, USA",The first AI QA engineer that understands your code,B2B,https://www.ycombinator.com/companies/canary,,,
Grade,Winter 2026,"San Francisco, CA, USA",API for performance-based payroll,FINTECH,https://www.ycombinator.com/companies/grade,,,
Sila,Winter 2026,"New York City, NY, USA",Agent-Native Messaging Platform,"B2B, PRODUCTIVITY",https://www.ycombinator.com/companies/sila,,,
Maven,Winter 2026,"San Francisco, CA, USA",Payments Infrastructure for Voice Agents,"B2B, INFRASTRUCTURE",https://www.ycombinator.com/companies/maven,,,
Moda,Winter 2026,"San Francisco, CA, USA",Continual learning for AI agents,"B2B, INFRASTRUCTURE",https://www.ycombinator.com/companies/moda,,,
The Token Company,Winter 2026,"San Francisco, CA, USA",Compression middleware that improves LLM outputs,"B2B, INFRASTRUCTURE",https://www.ycombinator.com/companies/the-token-company,,,
Bee,Winter 2026,"Safe AISan Francisco, CA, USA",Frontier AI Defenses for Social Engineering Attacks,"B2B, SECURITY",https://www.ycombinator.com/companies/beesafe-ai,,,
"Fed10San Francisco, CA, USA",Winter 2026,,AI Agents for Government Affairs,"B2B, LEGAL",https://www.ycombinator.com/companies/fed10,,,
Inth,Spring 2026,"San Francisco, CA, USA",Enterprise privacy governance for companies that ship fast,"B2B, INFRASTRUCTURE",https://www.ycombinator.com/companies/inth,,,
"SquidLondon, England, United Kingdom",Winter 2026,,AI agents for power grid planning 🦑,"INDUSTRIALS, ENERGY",https://www.ycombinator.com/companies/squid,,,
Crow,Winter 2026,"San Francisco, CA, USA",,B2B,https://www.ycombinator.com/companies/crow,,,
Foreman,Winter 2026,"San Francisco, CA, USA","Keeping contractors on the job site, not behind a desk.",REAL ESTATE AND CONSTRUCTION,https://www.ycombinator.com/companies/foreman,,,
Booko,Winter 2026,"San Francisco, CA, USA",Dynamically pricing the whole economy.,B2B,https://www.ycombinator.com/companies/booko,,,
Corelayer,Winter 2026,"San Francisco, CA, USA",AI production engineer for regulated industries,B2B,https://www.ycombinator.com/companies/corelayer,,,
General Legal,Winter 2026,,Elite AI law firm for high growth companies,"B2B, LEGAL",https://www.ycombinator.com/companies/general-legal,,,
Fort,Winter 2026,"San Francisco, CA, USA",Strength Tracking Wearable,"CONSUMER, CONSUMER ELECTRONICS",https://www.ycombinator.com/companies/fort,,,
"BalanceLondon, England, United Kingdom",Winter 2026,,Full-Stack AI Accounting,"B2B, FINANCE AND ACCOUNTING",https://www.ycombinator.com/companies/getbalance,,,
Ekpa,Summer 2026,"Boston, MA, USA",Building Autonomous Research Agents for Trading,"FINTECH, ASSET MANAGEMENT",https://www.ycombinator.com/companies/ekpa,,,
Chasi,Winter 2026,"San Francisco, CA, USA",AI Revenue Engine for the Equipment Industry,B2B,https://www.ycombinator.com/companies/chasi,,,
Anchorhead,Winter 2026,"San Francisco, CA, USA",Fractional buyer for hardware companies in critical industries,"INDUSTRIALS, MANUFACTURING AND ROBOTICS",https://www.ycombinator.com/companies/anchorhead,,,
"o11San Francisco, CA, USA",Winter 2026,,Bespoke AI For Financial Firms,"B2B, FINANCE AND ACCOUNTING",https://www.ycombinator.com/companies/o11,,,
Doomersion,Winter 2026,"San Francisco, CA, USA",Doomscroll to learn languages,CONSUMER,https://www.ycombinator.com/companies/doomersion,,,
Sequence Markets,Winter 2026,"Toronto, ON, Canada","Low-latency execution across crypto, prediction, and tokenized assets",FINTECH,https://www.ycombinator.com/companies/sequence-markets,,,
Libra Robotics,Summer 2026,"San Francisco, CA, USA",Autonomous robots for solar farm construction,"INDUSTRIALS, ENERGY",https://www.ycombinator.com/companies/libra-robotics,,,
Ditto Biosciences,Winter 2026,"San Francisco, CA, USA",Evolutionary intelligence for autoimmune disease,"HEALTHCARE, DRUG DISCOVERY AND DELIVERY",https://www.ycombinator.com/companies/ditto-biosciences,,,
"Servo7Amsterdam, NH, Netherlands",Winter 2026,,Container unloading robots for warehouses,"INDUSTRIALS, MANUFACTURING AND ROBOTICS",https://www.ycombinator.com/companies/servo7,,,
Datoric,Summer 2026,"San Francisco, CA, USA",Security-first training data,B2B,https://www.ycombinator.com/companies/datoric,,,
Superset,Spring 2026,"San Francisco, CA, USA",Building the platform for software factories,B2B,https://www.ycombinator.com/companies/superset,,,
"NetterParis, Île-de-France, France",Spring 2026,,AI native Palantir for mid market.,"B2B, ANALYTICS",https://www.ycombinator.com/companies/netter,,,
Voxel Energy,Winter 2026,,Energy independent data centers with solar and repurposed batteries.,"INDUSTRIALS, ENERGY",https://www.ycombinator.com/companies/voxel-energy,,,
Polymath,Winter 2026,"San Francisco, CA, USA",Simulation environments to train & evaluate long-horizon AI agents,B2B,https://www.ycombinator.com/companies/polymath,,,
Archal,Summer 2026,"San Francisco, CA, USA",The improvement loop for AI agents,"B2B, INFRASTRUCTURE",https://www.ycombinator.com/companies/archal,,,
Bubble Lab,Winter 2026,"San Francisco, CA, USA",Operating system for premium professional communities,"B2B, OPERATIONS",https://www.ycombinator.com/companies/bubble-lab,,,
Pocket,Winter 2026,"San Francisco, CA, USA",Take Notes in the Real World,CONSUMER,https://www.ycombinator.com/companies/pocket,,,
Byteport,Winter 2026,"San Francisco, CA, USA",Global upload acceleration for 1GB-100TB files.,B2B,https://www.ycombinator.com/companies/byteport,,,
Constellation Space,Winter 2026,"Seattle, WA, USA",AI operating system for mega-scale satellite networks.,"B2B, ANALYTICS",https://www.ycombinator.com/companies/constellation-space,,,
Sazabi,Spring 2026,"San Francisco, CA, USA",The AI-native observability platform for fast-moving engineering teams,"B2B, INFRASTRUCTURE",https://www.ycombinator.com/companies/sazabi,,,
Mendral,Winter 2026,"San Francisco, CA, USA",AI DevOps Engineer,B2B,https://www.ycombinator.com/companies/mendral,,,
AxionOrbital Space,Winter 2026,"San Francisco, CA, USA",Foundation models for 24/7 Earth Observation,"INDUSTRIALS, AVIATION AND SPACE",https://www.ycombinator.com/companies/axionorbital-space,,,
Oximy,Winter 2026,"San Francisco, CA, USA",Take command of the AI your company already runs on.,"B2B, INFRASTRUCTURE",https://www.ycombinator.com/companies/oximy,,,
Caretta,Winter 2026,"San Francisco, CA, USA",Realtime AI for Sales Calls,"B2B, SALES",https://www.ycombinator.com/companies/caretta,,,
Samora AI,Winter 2026,,Multilingual voice agents that outperform humans,B2B,https://www.ycombinator.com/companies/samora-ai,,,
Human Archive,Winter 2026,"San Francisco, CA, USA",Multimodal data provider for robotics and world modeling,"INDUSTRIALS, MANUFACTURING AND ROBOTICS",https://www.ycombinator.com/companies/human-archive,,,
Forum,Winter 2026,"New York City, NY, USA",The first exchange to trade on attention.,FINTECH,https://www.ycombinator.com/companies/forum,,,
"SitefireBY, Germany",Winter 2026,,Marketing suite for the agentic web,"B2B, MARKETING",https://www.ycombinator.com/companies/sitefire,,,
Robby,Winter 2026,"Boston, MA, USA",AI agents that grow revenue for home services businesses,"B2B, PRODUCTIVITY",https://www.ycombinator.com/companies/robby,,,
"Ressl AISan Francisco, CA, USA",Winter 2026,,"Train, eval and build autonomous agents",B2B,https://www.ycombinator.com/companies/ressl-ai,,,
Emdash,Winter 2026,"San Francisco, CA, USA",Open-source Agentic Development Environment,"B2B, PRODUCTIVITY",https://www.ycombinator.com/companies/emdash,,,
InventoryQuant,Winter 2026,"San Francisco, CA, USA",We automate the inventory process in insurance,B2B,https://www.ycombinator.com/companies/inventoryquant,,,
Congruent,Winter 2026,"San Francisco, CA, USA",AI native radars for self-driving cars,INDUSTRIALS,https://www.ycombinator.com/companies/congruent,,,
Reframe,Winter 2026,"San Francisco, CA, USA","AI-native, hardware procurement marketplace",B2B,https://www.ycombinator.com/companies/usereframe,,,
Valence,Winter 2026,"San Francisco, CA, USA",Unified prediction markets trading platform,"FINTECH, CONSUMER FINANCE",https://www.ycombinator.com/companies/valence,,,
9 Mothers,Spring 2026,"Austin, TX, USA",Counter Drone Systems. $1.6m sales. We delivered for the DoW.,"INDUSTRIALS, DEFENSE",https://www.ycombinator.com/companies/9-mothers-corporation,,,
Approxima,Winter 2026,"San Francisco, CA, USA",Your software should build itself.,B2B,https://www.ycombinator.com/companies/approxima,,,
Traverse,Winter 2026,"San Francisco, CA, USA",Research lab solving non-verifiable work,B2B,https://www.ycombinator.com/companies/traverse,,,
Revion,Winter 2026,"New York City, NY, USA",Intelligence for Automotive Operations,B2B,https://www.ycombinator.com/companies/revion,,,
Maywood,Winter 2026,"New York City, NY, USA",The first finance-compliant proactive AI that runs 24/7,"FINTECH, BANKING AND EXCHANGE",https://www.ycombinator.com/companies/maywood,,,
"Fenrock AISan Francisco, CA, USA",Winter 2026,,AI agents for banks,"FINTECH, BANKING AND EXCHANGE",https://www.ycombinator.com/companies/fenrock-ai,,,
End Close,Winter 2026,,AI powered reconciliation for high-volume payments companies,"B2B, FINANCE AND ACCOUNTING",https://www.ycombinator.com/companies/end-close,,,
Chamber,Winter 2026,"Seattle, WA, USA",The AIOps Agent for ML Teams,"B2B, INFRASTRUCTURE",https://www.ycombinator.com/companies/chamber,,,
Assemble,Summer 2026,"San Francisco, CA, USA",Agents for Enterprise IT,B2B,https://www.ycombinator.com/companies/assemble,,,
Patientdesk.ai,Winter 2026,,AI front & back office agent for dental practices,"HEALTHCARE, HEALTHCARE IT",https://www.ycombinator.com/companies/patientdeskai,,,
Visibl Semiconductors,Winter 2026,"San Francisco, CA, USA","A faster, lower cost path to custom silicon",B2B,https://www.ycombinator.com/companies/visibl-semiconductors,,,
Synthetic Sciences,Winter 2026,"San Francisco, CA, USA",Foundation Models for Scientific Research,B2B,https://www.ycombinator.com/companies/synthetic-sciences,,,
"Seeing SystemsLondon, England, United Kingdom",Winter 2026,,Modular AI-Commanded Drones for Defence,"INDUSTRIALS, DEFENSE",https://www.ycombinator.com/companies/seeing-systems,,,
Jinba,Winter 2026,,Automate enterprise workflows through chat,B2B,https://www.ycombinator.com/companies/jinba,,,
Cardboard,Winter 2026,"San Francisco, CA, USA",Agentic video editor,B2B,https://www.ycombinator.com/companies/cardboard,,,
Prana,Winter 2026,"San Francisco, CA, USA",An AI primary care doctor in your pocket,"HEALTHCARE, CONSUMER HEALTH AND WELLNESS",https://www.ycombinator.com/companies/prana-health,,,
"Rhizome AINew York City, NY, USA",Winter 2026,,Agent Platform for Life Sciences,B2B,https://www.ycombinator.com/companies/rhizome-ai,,,
Pax Historia,Winter 2026,"San Francisco, CA, USA",The first AI-powered grand strategy platform,"CONSUMER, GAMING",https://www.ycombinator.com/companies/pax-historia,,,
Hex Security,Winter 2026,"San Francisco, CA, USA",Agentic Offensive Security at Scale,"B2B, SECURITY",https://www.ycombinator.com/companies/hex-security,,,
Laurence,Winter 2026,"New York City, NY, USA",Hedge fund for ads,"B2B, ANALYTICS",https://www.ycombinator.com/companies/laurence,,,
Terminal Use,Winter 2026,"San Francisco, CA, USA",Vercel for background agents,"B2B, INFRASTRUCTURE",https://www.ycombinator.com/companies/terminal-use,,,
Overshoot,Winter 2026,"San Francisco, CA, USA",AI Infra for real-time vision applications,B2B,https://www.ycombinator.com/companies/overshoot,,,
Cajal,Winter 2026,"San Francisco, CA, USA",Scaling formal verification to accelerate scientific discovery,B2B,https://www.ycombinator.com/companies/cajal-technologies,,,
Proximitty,Winter 2026,"San Francisco, CA, USA",AI operating system for commercial loans,"FINTECH, CREDIT AND LENDING",https://www.ycombinator.com/companies/proximitty,,,
Instinct,Winter 2026,"San Francisco, CA, USA",Trade your instinct,FINTECH,https://www.ycombinator.com/companies/instinct-xyz,,,
"StiltaStockholm, Stockholm County, Sweden",Winter 2026,,Agentic AI for intellectual property,B2B,https://www.ycombinator.com/companies/stilta,,,
Unisson,Winter 2026,"San Francisco, CA, USA",AI agents that automate B2B software implementation,"B2B, PRODUCTIVITY",https://www.ycombinator.com/companies/unisson,,,
IncidentFox,Winter 2026,"San Francisco, CA, USA","AI SRE agent that triages, coordinates, and fixes production incidents","B2B, INFRASTRUCTURE",https://www.ycombinator.com/companies/brownie,,,
Compresr,Winter 2026,,LLM context compression for better accuracy,"B2B, INFRASTRUCTURE",https://www.ycombinator.com/companies/compresr,,,
Opalite Health,Winter 2026,"San Francisco, CA, USA",Helping Healthcare Providers Speak Any Language,HEALTHCARE,https://www.ycombinator.com/companies/opalite-health,,,
Confluence Labs,Winter 2026,"San Francisco, CA, USA",AI models that learn from experience,B2B,https://www.ycombinator.com/companies/confluence-labs,,,
Rapidfolio,Summer 2026,"San Francisco, CA, USA",AI for fintechs & banks,B2B,https://www.ycombinator.com/companies/rapidfolio,,,
Mango Medical,Winter 2026,,Foundation models for planning orthopedic surgery,"HEALTHCARE, HEALTHCARE IT",https://www.ycombinator.com/companies/mango-medical-inc,,,
Sponge,Winter 2026,"San Francisco, CA, USA",Financial infrastructure for the agent economy,B2B,https://www.ycombinator.com/companies/sponge,,,
"Terranox AISan Francisco, CA, USA",Winter 2026,,The first AI-powered uranium discovery company,"INDUSTRIALS, ENERGY",https://www.ycombinator.com/companies/terranox-ai,,,
Drafted,Spring 2026,"San Francisco, CA, USA",Design your home instantly with AI,CONSUMER,https://www.ycombinator.com/companies/drafted,,,
Ventura,Winter 2026,"San Francisco, CA, USA",AI Workforce for Distributors and Manufacturers,INDUSTRIALS,https://www.ycombinator.com/companies/ventura,,,
Orthogonal,Winter 2026,"San Francisco, CA, USA",Agentic Payments for APIs,"B2B, INFRASTRUCTURE",https://www.ycombinator.com/companies/orthogonal,,,
Perfectly,Winter 2026,"San Francisco, CA, USA",The AI-native Recruiting OS,"B2B, RECRUITING AND TALENT",https://www.ycombinator.com/companies/perfectly,,,
Fern,Winter 2026,,RL environments for robotics companies,"B2B, INFRASTRUCTURE",https://www.ycombinator.com/companies/fern-bot,,,
Sparkles,Winter 2026,"San Francisco, CA, USA",Make everyone on your team an engineer,B2B,https://www.ycombinator.com/companies/sparkles,,,
EigenPal,Winter 2026,"San Francisco, CA, USA",AI Document Workflows for Enterprises,"B2B, OPERATIONS",https://www.ycombinator.com/companies/eigenpal,,,
Salus,Winter 2026,"San Francisco, CA, USA",Guardrails to validate your agent's actions before they execute,"B2B, INFRASTRUCTURE",https://www.ycombinator.com/companies/salus,,,
"MoritzOslo, Oslo, Norway",Winter 2026,,Global AI-native law firm handling legal work with same-day turnaround,"B2B, LEGAL",https://www.ycombinator.com/companies/moritz,,,
RamAIn,Winter 2026,"San Francisco, CA, USA",Automate any UI task with natural language,B2B,https://www.ycombinator.com/companies/ramain,,,
"MillirayLondon, England, United Kingdom",Winter 2026,,Technology to detect and track small drones,"INDUSTRIALS, DRONES",https://www.ycombinator.com/companies/milliray,,,
Beyond Reach Labs,Winter 2026,"New York City, NY, USA",Space solar arrays that grow to the size of a football field in orbit,"INDUSTRIALS, AVIATION AND SPACE",https://www.ycombinator.com/companies/beyond-reach-labs,,,
OctaPulse,Winter 2026,,CV and robotics to automate quality inspection in fish farms,"INDUSTRIALS, CLIMATE",https://www.ycombinator.com/companies/octapulse,,,
CodeWisp,Winter 2026,"San Francisco, CA, USA",Anyone can create real games with AI,"CONSUMER, GAMING",https://www.ycombinator.com/companies/codewisp,,,
Ashr,Winter 2026,"San Francisco, CA, USA",Automated Multi-Modal Testing for Agents,B2B,https://www.ycombinator.com/companies/ashr,,,
Aemon,Winter 2026,"San Francisco, CA, USA",The Forward-Deployed AI Research Engineer,B2B,https://www.ycombinator.com/companies/aemon,,,
Luel,Winter 2026,"San Francisco, CA, USA",Turning everyday words and actions into usable training data.,"B2B, INFRASTRUCTURE",https://www.ycombinator.com/companies/luel,,,
Scheduling Wizard,Winter 2026,"Washington, DC, USA",Logistics infrastructure to modernize healthcare operations,"HEALTHCARE, HEALTHCARE IT",https://www.ycombinator.com/companies/scheduling-wizard,,,
RoboDock,Winter 2026,"San Francisco, CA, USA",Robots that run autonomous depots for autonomous fleets.,"INDUSTRIALS, ENERGY",https://www.ycombinator.com/companies/robodock,,,
Skillsync,Winter 2026,"San Francisco, CA, USA",Github for agent sessions,B2B,https://www.ycombinator.com/companies/skillsync,,,
MouseCat,Winter 2026,"New York City, NY, USA",AI-powered fraud investigations,B2B,https://www.ycombinator.com/companies/mousecat,,,
Zatanna,Winter 2026,"San Francisco, CA, USA",Turning all software into agent-first APIs,B2B,https://www.ycombinator.com/companies/zatanna,,,
AutoSitu,Winter 2026,,AI-native workspace for development plan reviews,"B2B, LEGAL",https://www.ycombinator.com/companies/autositu,,,
Verdex,Winter 2026,"San Francisco, CA, USA",AI Verification for Insurance,"FINTECH, INSURANCE",https://www.ycombinator.com/companies/verdex,,,
Cumulus Labs,Winter 2026,"San Francisco, CA, USA",The Fastest Multimodal Inference OS,"B2B, INFRASTRUCTURE",https://www.ycombinator.com/companies/cumulus-labs,,,
Tepali,Winter 2026,"New York City, NY, USA",AI-native operating system for aesthetics & wellness,B2B,https://www.ycombinator.com/companies/tepali,,,
Palus Finance,Winter 2026,,Your startup's financial advisor,FINTECH,https://www.ycombinator.com/companies/palus-finance,,,
21st,Winter 2026,"San Francisco, CA, USA",UI building blocks for the agentic internet,B2B,https://www.ycombinator.com/companies/21st,,,
Avoice,Winter 2026,,Harvey for Architecture,B2B,https://www.ycombinator.com/companies/avoice,,,
ZeroSettle,Winter 2026,"San Diego, CA, USA",Drop-in Direct Billing SDK for In-App Purchases,"FINTECH, PAYMENTS",https://www.ycombinator.com/companies/zerosettle,,,
/dev/fast,Winter 2026,"San Francisco, CA, USA",/dev/fast is the AI-native code forge,B2B,https://www.ycombinator.com/companies/devfast,,,
Cignara,Spring 2026,"San Francisco, CA, USA",AI Customer Support for Fortune 500-scale enterprises,B2B,https://www.ycombinator.com/companies/cignara,,,
"OpenSpecSydney, NSW, Australia",Winter 2026,,Plan mode for complex features,B2B,https://www.ycombinator.com/companies/openspec,,,
Piris Labs,Winter 2026,"San Francisco, CA, USA",The Networking Layer of AI,"B2B, INFRASTRUCTURE",https://www.ycombinator.com/companies/pirislabs,,,
CellType,Winter 2026,"New York City, NY, USA",The agentic drug company. We simulate human biology.,"HEALTHCARE, DRUG DISCOVERY AND DELIVERY",https://www.ycombinator.com/companies/celltype,,,
Burt,Winter 2026,"San Francisco, CA, USA",AI teammates for logistics,"B2B, SUPPLY CHAIN AND LOGISTICS",https://www.ycombinator.com/companies/burt,,,
Envariant,Winter 2026,"San Francisco, CA, USA",Interpretability and reasoning infra for foundation models.,B2B,https://www.ycombinator.com/companies/envariant,,,
Cascade,Winter 2026,"San Francisco, CA, USA",Distilling Proprietary Intelligence,"B2B, INFRASTRUCTURE",https://www.ycombinator.com/companies/cascade,,,
Beacon Health,Winter 2026,"San Francisco, CA, USA",AI Employees for Primary Care,HEALTHCARE,https://www.ycombinator.com/companies/beacon-health,,,
"Strand AISan Francisco, CA, USA",Winter 2026,,Multimodal foundation models to predict uncollected patient biology,"HEALTHCARE, DRUG DISCOVERY AND DELIVERY",https://www.ycombinator.com/companies/strand-ai,,,
BaseFrame,Winter 2026,"San Francisco, CA, USA",Detect what AI can automate for your team,B2B,https://www.ycombinator.com/companies/baseframe,,,
Protent,Winter 2026,"San Francisco, CA, USA",Real time intelligence for law enforcement & security teams.,"B2B, SECURITY",https://www.ycombinator.com/companies/protent,,,
Cofia,Winter 2026,"New York City, NY, USA",AI automations that implement themselves,"B2B, PRODUCTIVITY",https://www.ycombinator.com/companies/cofia,,,
Fuchsia,Spring 2026,"San Francisco, CA, USA",Vanta for hardware,B2B,https://www.ycombinator.com/companies/fuchsia,,,
Legal,Winter 2026,"OSSan Francisco, CA, USA",The AI-Native Immigration Law Firm,"B2B, LEGAL",https://www.ycombinator.com/companies/legalos,,,
Sentrial,Winter 2026,"San Francisco, CA, USA",Datadog for Agent Reliability,B2B,https://www.ycombinator.com/companies/sentrial,,,
10x Science,Winter 2026,"San Francisco, CA, USA",The AI-native platform for next-generation protein characterization.,B2B,https://www.ycombinator.com/companies/10x-science,,,
"REV1San Francisco, CA, USA",Winter 2026,,Claude Code for Mechanical Engineers,B2B,https://www.ycombinator.com/companies/rev1,,,
shortkit,Winter 2026,,Media infra for consumer apps,B2B,https://www.ycombinator.com/companies/shortkit,,,
Asimov,Winter 2026,"San Francisco, CA, USA",Real-world human movement data for humanoid robots,"INDUSTRIALS, MANUFACTURING AND ROBOTICS",https://www.ycombinator.com/companies/asimov,,,
Lexius,Winter 2026,"San Francisco, CA, USA",AI for Corporate Security Cameras,"B2B, SECURITY",https://www.ycombinator.com/companies/lexius,,,
Axis,Winter 2026,"San Francisco, CA, USA",An AI Copilot for Trading Desks,FINTECH,https://www.ycombinator.com/companies/axis-2,,,
"SonarlyParis, Île-de-France, France",Winter 2026,,Makes software self-healing,B2B,https://www.ycombinator.com/companies/sonarly,,,
Docura Health,Winter 2026,"San Francisco, CA, USA",AI-Native Med-Legal Firm,HEALTHCARE,https://www.ycombinator.com/companies/docura-health,,,
Lance,Winter 2026,"San Francisco, CA, USA",AI Agents That Run Hotel Operations.,B2B,https://www.ycombinator.com/companies/lance,,,
RunAnywhere,Winter 2026,"San Francisco, CA, USA",The default way of running on-device AI at Scale,"B2B, INFRASTRUCTURE",https://www.ycombinator.com/companies/runanywhere,,,
Lucent,Winter 2026,"San Francisco, CA, USA",AI that automatically improves products from user behavior,B2B,https://www.ycombinator.com/companies/lucent,,,
"Prescience, Inc.Boston, MA, USA",Summer 2026,,Healthcare for the age of abundant intelligence.,HEALTHCARE,https://www.ycombinator.com/companies/prescience-inc,,,
Ruma Care,Winter 2026,"San Francisco, CA, USA",The operations stack for biologic infusion clinics,HEALTHCARE,https://www.ycombinator.com/companies/ruma-care,,,
"Klaus AISan Francisco, CA, USA",Winter 2026,,Fast and Safe OpenClaw on the cloud,"B2B, INFRASTRUCTURE",https://www.ycombinator.com/companies/klaus-ai,,,
Kita,Winter 2026,"San Francisco, CA, USA",Automate credit assessment for lenders in emerging markets,FINTECH,https://www.ycombinator.com/companies/kita,,,
Syntropy,Winter 2026,"San Francisco, CA, USA",The agentic coding app for complex tasks.,"B2B, PRODUCTIVITY",https://www.ycombinator.com/companies/syntropy,,,
One Robot,Winter 2026,"San Francisco, CA, USA",World models for robot evals and training.,"INDUSTRIALS, MANUFACTURING AND ROBOTICS",https://www.ycombinator.com/companies/one-robot,,,
Didit,Winter 2026,"San Francisco, CA, USA",Infrastructure for identity and fraud.,"B2B, INFRASTRUCTURE",https://www.ycombinator.com/companies/didit,,,
Panta,Winter 2026,"San Francisco, CA, USA",AI Native Commercial Insurance Brokerage,"FINTECH, INSURANCE",https://www.ycombinator.com/companies/panta,,,
Imperfect,Spring 2026,"San Francisco, CA, USA","Adaptive training coach for runners, cyclists, and triathletes",CONSUMER,https://www.ycombinator.com/companies/imperfect,,,
Trust,Summer 2026,"AISan Francisco, CA, USA",Continuous compliance and governance for agents on sensitive systems,"B2B, SECURITY",https://www.ycombinator.com/companies/trustai,,,
Payna,Winter 2026,"San Francisco, CA, USA",AI Licensing Agent for Regulated Industries,B2B,https://www.ycombinator.com/companies/payna,,,
Origin,Winter 2026,"San Francisco, CA, USA",AI and Data for Cancer Therapeutics,"HEALTHCARE, DRUG DISCOVERY AND DELIVERY",https://www.ycombinator.com/companies/origin-bio,,,
Clara,Spring 2026,"San Francisco, CA, USA",AI primary care doctor,"HEALTHCARE, CONSUMER HEALTH AND WELLNESS",https://www.ycombinator.com/companies/clara-2,,,
Hlabs,Winter 2026,"San Francisco, CA, USA",US-Made Parts for Robots,INDUSTRIALS,https://www.ycombinator.com/companies/hlabs,,,
"Eos AISan Francisco, CA, USA",Winter 2026,,Autonomous OS for healthcare,HEALTHCARE,https://www.ycombinator.com/companies/eos-ai,,,
Valgo,Winter 2026,"San Francisco, CA, USA",Insurance risk layer for physical AI,B2B,https://www.ycombinator.com/companies/valgo,,,
ARC Prize Foundation,Winter 2026,"San Francisco, CA, USA",AI benchmarks that measure general intelligence and inspire new ideas,INDUSTRIALS,https://www.ycombinator.com/companies/arc-prize-foundation,,,
Corvera,Winter 2026,"San Francisco, CA, USA",The context layer for AI-native CPG brands,"B2B, OPERATIONS",https://www.ycombinator.com/companies/corvera,,,
FullSeam,Winter 2026,,AI agents for corporate accounting teams,"B2B, FINANCE AND ACCOUNTING",https://www.ycombinator.com/companies/fullseam,,,
Waddle Labs,Summer 2026,"Boston, MA, USA",Agents for robotics control.,"INDUSTRIALS, MANUFACTURING AND ROBOTICS",https://www.ycombinator.com/companies/waddle-labs,,,
Linzumi,Spring 2026,"San Francisco, CA, USA",Team chat to command all your company's coding agents,B2B,https://www.ycombinator.com/companies/linzumi,,,
Advanced Metal Research,Spring 2026,"Los Angeles, CA, USA",Machine intelligence for American Welding,"INDUSTRIALS, MANUFACTURING AND ROBOTICS",https://www.ycombinator.com/companies/advanced-metal-research,,,
Ploy,Spring 2026,"San Francisco, CA, USA",Ploy turns your website into your company's growth engine.,B2B,https://www.ycombinator.com/companies/ploy,,,
CatchBack Cards,Winter 2026,"San Francisco, CA, USA",The most thrilling way to create and rip digital collectible packs,"CONSUMER, GAMING",https://www.ycombinator.com/companies/catchback-cards,,,
Mantis,Winter 2026,"New York City, NY, USA",Digital Twins of humans,"B2B, INFRASTRUCTURE",https://www.ycombinator.com/companies/mantis,,,
Haladir,Winter 2026,"San Francisco, CA, USA",Operational Superintelligence for Global Logistics,"B2B, SUPPLY CHAIN AND LOGISTICS",https://www.ycombinator.com/companies/haladir,,,
ClaimGlide,Winter 2026,"Seattle, WA, USA",AI automated prior-auths for private medical practices,"HEALTHCARE, HEALTHCARE SERVICES",https://www.ycombinator.com/companies/claimglide,,,
"Inviscid AISingapore, Singapore",Winter 2026,,Real-time Physics Simulations for Industrial Facilities & Data Centers,"INDUSTRIALS, ENERGY",https://www.ycombinator.com/companies/inviscid-ai,,,
Coasts,Fall 2025,,Localhost service isolation and orchestration for git worktrees,B2B,https://www.ycombinator.com/companies/coasts,,,
Zephyr Fusion,Fall 2025,"San Diego, CA, USA",Powering tomorrow's industrial revolution in space,"INDUSTRIALS, ENERGY",https://www.ycombinator.com/companies/zephyr-fusion,,,
Mayflower,Fall 2025,"San Francisco, CA, USA",AI plug-in that automates HR immigration screening and compliance,GOVERNMENT,https://www.ycombinator.com/companies/mayflower,,,
NdeaRemote,Winter 2026,,Building AGI that can innovate.,INDUSTRIALS,https://www.ycombinator.com/companies/ndea-com,,,
item,Fall 2025,"San Francisco, CA, USA",The AI-Native CRM that works for you,"B2B, SALES",https://www.ycombinator.com/companies/item,,,
Crosslayer Labs,Winter 2026,"New York City, NY, USA","Protect, monitor and defend your Internet presence","B2B, SECURITY",https://www.ycombinator.com/companies/crosslayer-labs,,,
Rivet,Fall 2025,"San Francisco, CA, USA",Visual editor to design in production code,B2B,https://www.ycombinator.com/companies/rivet-design,,,
"OpenrollStockholm, Stockholm County, Sweden",Fall 2025,,The AI workforce for People and Finance teams,B2B,https://www.ycombinator.com/companies/openroll,,,
Amika,Fall 2025,"New York City, NY, USA",Infra to build your own software factory,"B2B, INFRASTRUCTURE",https://www.ycombinator.com/companies/amika,,,
Specific Labs,Fall 2025,"San Francisco, CA, USA",Audio and Enterprise Human Data for AI,B2B,https://www.ycombinator.com/companies/specific-labs,,,
Moss,Fall 2025,"San Francisco, CA, USA",Real-time semantic search for Conversational AI,B2B,https://www.ycombinator.com/companies/moss,,,
Zarna,Fall 2025,"San Francisco, CA, USA",AI Associates for Private Capital,"B2B, FINANCE AND ACCOUNTING",https://www.ycombinator.com/companies/zarna,,,
MarkIt,Fall 2025,"Atlanta, GA, USA",AI Agents for Trade Compliance - Saving Companies from Tariffs,"B2B, SUPPLY CHAIN AND LOGISTICS",https://www.ycombinator.com/companies/markit,,,
Voltair,Winter 2026,"San Francisco, CA, USA",Autonomous Drones for Earth Observation,"INDUSTRIALS, DRONES",https://www.ycombinator.com/companies/voltair,,,
Clicks,Fall 2025,"San Francisco, CA, USA",AI agents for your back-office operations.,"B2B, PRODUCTIVITY",https://www.ycombinator.com/companies/clicks,,,
Fastshot,Fall 2025,"San Francisco, CA, USA",Lovable for mobile apps,B2B,https://www.ycombinator.com/companies/fastshot,,,
Vector Legal,Winter 2026,"San Francisco, CA, USA",A premier AI-native law firm & legal operating system for Startups.,"B2B, LEGAL",https://www.ycombinator.com/companies/vector-legal,,,
Shoptiques,Winter 2012,"New York City, NY, USA",Shoptiques.com lets you shop the world's best local boutiques online.,"CONSUMER, APPAREL AND COSMETICS",https://www.ycombinator.com/companies/shoptiques,,,
Antigen,Fall 2025,"San Francisco, CA, USA",Continuous offensive security for the enterprise.,B2B,https://www.ycombinator.com/companies/antigen,,,
LunaBill,Fall 2025,"San Francisco, CA, USA",AI Voice callers for healthcare billing teams,"HEALTHCARE, HEALTHCARE IT",https://www.ycombinator.com/companies/lunabill,,,
Nerviom,Fall 2025,"San Francisco, CA, USA",AI Autopilot for Infrastructure Permitting,REAL ESTATE AND CONSTRUCTION,https://www.ycombinator.com/companies/nerviom,,,
Velvet,Fall 2025,"San Francisco, CA, USA",The multimodal data lab.,B2B,https://www.ycombinator.com/companies/velvet,,,
DiligenceSquared,Fall 2025,"New York City, NY, USA",AI-powered market due diligence for investment decisions,"B2B, ANALYTICS",https://www.ycombinator.com/companies/diligencesquared-inc,,,
Amera,Fall 2025,,Automating claims processing workflows for health insurance payers.,"FINTECH, INSURANCE",https://www.ycombinator.com/companies/amera,,,
Forge Robotics,Fall 2025,"San Francisco, CA, USA",A robotics intelligence system for metal fabrication,"INDUSTRIALS, MANUFACTURING AND ROBOTICS",https://www.ycombinator.com/companies/forge-robotics,,,
Bluma,Fall 2025,"San Francisco, CA, USA",Canva for short-form video ads,"B2B, MARKETING",https://www.ycombinator.com/companies/bluma,,,
Lightberry,Fall 2025,"San Francisco, CA, USA",The social brain for robots.,"INDUSTRIALS, MANUFACTURING AND ROBOTICS",https://www.ycombinator.com/companies/lightberry,,,
The Hog,Fall 2025,"San Francisco, CA, USA",Real-time web intelligence API for AI agents and GTM teams,"B2B, MARKETING",https://www.ycombinator.com/companies/the-hog,,,
Telemetron,Fall 2025,"San Francisco, CA, USA",Support and Operations Platform for Hardware Companies,B2B,https://www.ycombinator.com/companies/telemetron-ai,,,
"Boom AISan Francisco, CA, USA",Fall 2025,,AI agents that recover lost revenue through real conversations.,B2B,https://www.ycombinator.com/companies/boom-ai,,,
Freeport Markets,Fall 2025,"New York City, NY, USA",CONSUMER FINANCE,"Trade Anything, , FINTECH",https://www.ycombinator.com/companies/freeport-markets,,,
Miniswap,Fall 2025,"San Francisco, CA, USA",The Marketplace for Complex Hobbies,"CONSUMER, GAMING",https://www.ycombinator.com/companies/miniswap,,,
Rovi Health,Fall 2025,"New York City, NY, USA",AI healthcare concierge for employees,HEALTHCARE,https://www.ycombinator.com/companies/rovi-health,,,
MadeThis,Fall 2025,"San Francisco, CA, USA",The autonomous business platform,"B2B, OPERATIONS",https://www.ycombinator.com/companies/madethis,,,
General Astronautics,Winter 2026,"San Francisco, CA, USA",Robotics for Space R&D,"INDUSTRIALS, AVIATION AND SPACE",https://www.ycombinator.com/companies/generalastro,,,
Jarmin,Fall 2025,"San Francisco, CA, USA",AI Employees for human-level roles,B2B,https://www.ycombinator.com/companies/jarmin,,,
Exonic,Fall 2025,"San Francisco, CA, USA",Unsupervised Biological AI,"HEALTHCARE, DRUG DISCOVERY AND DELIVERY",https://www.ycombinator.com/companies/exonic,,,
Lemma,Fall 2025,"San Francisco, CA, USA",Production Monitoring for AI agents,B2B,https://www.ycombinator.com/companies/uselemma,,,
Perseus,Fall 2025,"Bengaluru, KA, India",Applied Lab focused on Search in Latent Spaces.,B2B,https://www.ycombinator.com/companies/perseus,,,
Karumi,Fall 2025,,The Waymo of Personalized demos,"B2B, SALES",https://www.ycombinator.com/companies/karumi,,,
Icarus,Fall 2025,"Los Angeles, CA, USA",Stratospheric birds for defense,"INDUSTRIALS, DEFENSE",https://www.ycombinator.com/companies/icarus,,,
Sava,Fall 2025,"New York City, NY, USA",Building the future of trusts,FINTECH,https://www.ycombinator.com/companies/savahq,,,
TakeCare,Spring 2026,"OSSan Francisco, CA, USA",AI-native operating system for long term care providers,B2B,https://www.ycombinator.com/companies/takecareos,,,
"DenkiLondon, England, United Kingdom",Fall 2025,,The full-stack AI financial audit firm,"B2B, FINANCE AND ACCOUNTING",https://www.ycombinator.com/companies/denki,,,
"MetorialVienna, Vienna, Austria",Fall 2025,,Agentic infrastructure to power AI-native companies.,B2B,https://www.ycombinator.com/companies/metorial,,,
Kalpa Labs,Fall 2025,"San Francisco, CA, USA",Scaling Generalist Speech models,B2B,https://www.ycombinator.com/companies/kalpa-labs,,,
Absurd,Fall 2025,"Los Angeles, CA, USA",The Creative OS for AI video,"B2B, MARKETING",https://www.ycombinator.com/companies/absurd,,,
Clad Labs,Fall 2025,"San Francisco, CA, USA",the brainrot ide,CONSUMER,https://www.ycombinator.com/companies/clad-labs,,,
Automax.ai,Fall 2025,"San Francisco, CA, USA",AI native real-estate appraisal firm,"REAL ESTATE AND CONSTRUCTION, HOUSING AND REAL ESTATE",https://www.ycombinator.com/companies/automax-ai,,,
"SpecificStockholm, Stockholm County, Sweden",Fall 2025,,AWS for coding agents,B2B,https://www.ycombinator.com/companies/specific,,,
Primer,Fall 2025,"Los Angeles, CA, USA",AI Product Demos,B2B,https://www.ycombinator.com/companies/primer,,,
Narrative,Fall 2025,"San Diego, CA, USA",AI-Powered Sports Highlights,"B2B, MARKETING",https://www.ycombinator.com/companies/usenarrative,,,
"CrunchedOslo, Oslo, Norway",Fall 2025,,Excel AI analyst for Power Users,"B2B, FINANCE AND ACCOUNTING",https://www.ycombinator.com/companies/crunched,,,
"Lua Global IncLondon, England, United Kingdom",Fall 2025,,The mid-market agent platform,B2B,https://www.ycombinator.com/companies/lua-global-inc,,,
Philon,Fall 2025,"San Francisco, CA, USA",General Purpose Robots,B2B,https://www.ycombinator.com/companies/philon,,,
Sourcebot,Fall 2025,"San Francisco, CA, USA",Helping humans and AI agents understand massive codebases,B2B,https://www.ycombinator.com/companies/sourcebot,,,
"ZalosLondon, England, United Kingdom",Fall 2025,,"Computer Agents for Finance tasks like reconciliation, in your system!","B2B, OPERATIONS",https://www.ycombinator.com/companies/zalos,,,
"PrismLondon, England, United Kingdom",Spring 2026,,AI-native recruiting agency,"B2B, RECRUITING AND TALENT",https://www.ycombinator.com/companies/tryprism,,,
Aside,Fall 2025,"San Francisco, CA, USA",The browser built to do real work for you,CONSUMER,https://www.ycombinator.com/companies/aside,,,
"Scott AINew York City, NY, USA",Fall 2025,,The planning layer for teams that build with coding agents,B2B,https://www.ycombinator.com/companies/scott-ai,,,
Everest,Fall 2025,"San Francisco, CA, USA",,CONSUMER,https://www.ycombinator.com/companies/everest,,,
Expected Parrot,Fall 2025,"Boston, MA, USA",Simulate your customers with AI agents,B2B,https://www.ycombinator.com/companies/expected-parrot,,,
"Imagine AISan Francisco, CA, USA",Fall 2025,,"We reverse engineer B2B growth, starting with LinkedIn.","B2B, SALES",https://www.ycombinator.com/companies/imagine-ai,,,
Anto Biosciences,Fall 2025,"San Francisco, CA, USA",A Foundation Model for Microbial Communities.,HEALTHCARE,https://www.ycombinator.com/companies/anto-biosciences,,,
"Patent WatchBucharest, Romania",Fall 2025,,AI for detecting patent infringements,B2B,https://www.ycombinator.com/companies/patent-watch,,,
s2.dev,Fall 2025,"San Francisco, CA, USA","API for unlimited, durable, real-time streams","B2B, INFRASTRUCTURE",https://www.ycombinator.com/companies/s2-dev,,,
"TornyolParis, Île-de-France, France",Fall 2025,,We build micro-drones that kill mosquitoes.,"CONSUMER, CONSUMER ELECTRONICS",https://www.ycombinator.com/companies/tornyol,,,
Nucleo,Fall 2025,,The first Agentic platform for Oncology,HEALTHCARE,https://www.ycombinator.com/companies/nucleo,,,
Leadbay,Fall 2025,"San Francisco, CA, USA",Qualified leads for agentic workflows.,"B2B, SALES",https://www.ycombinator.com/companies/leadbay,,,
"Pixley AILos Angeles, CA, USA",Fall 2025,,The first platform where families can create AI cartoons in minutes,"CONSUMER, CONTENT",https://www.ycombinator.com/companies/pixley-ai,,,
"Cortex AISan Francisco, CA, USA",Fall 2025,,Large-scale real-world robot & human data for embodied AI,"INDUSTRIALS, MANUFACTURING AND ROBOTICS",https://www.ycombinator.com/companies/cortex-ai,,,
Sol,Fall 2025,"San Francisco, CA, USA",Code and browse in the same place,B2B,https://www.ycombinator.com/companies/solbrowser,,,
Thesis,Fall 2025,"San Francisco, CA, USA",Autonomous AI research,B2B,https://www.ycombinator.com/companies/thesis,,,
Oxus,Winter 2026,"San Francisco, CA, USA",AI-powered automation for internal audit workflows,B2B,https://www.ycombinator.com/companies/oxus,,,
Play Health,Fall 2025,"Boulder, CO, USA",Perimenopause Care Platform,HEALTHCARE,https://www.ycombinator.com/companies/play-health,,,
"CaseyZH, Switzerland",Fall 2025,,Casey is an AI-native commercial insurance brokerage,"FINTECH, INSURANCE",https://www.ycombinator.com/companies/casey,,,
Selfin,Fall 2025,"San Francisco, CA, USA",Building the first AI Bank,"FINTECH, CONSUMER FINANCE",https://www.ycombinator.com/companies/selfin,,,
Compyle,Fall 2025,"San Francisco, CA, USA",The coding agent that actually collaborates with you,B2B,https://www.ycombinator.com/companies/compyle,,,
Lexi,Fall 2025,"San Francisco, CA, USA",AI Operating System for Legal Teams,"B2B, LEGAL",https://www.ycombinator.com/companies/lexi,,,
"CodycoBY, Germany",Fall 2025,,The AI Reservation Team for Hotel Groups,B2B,https://www.ycombinator.com/companies/codyco,,,
"ComplyDoBerlin, Berlin, Germany",Fall 2025,,Global Compliance for Enterprises,"B2B, LEGAL",https://www.ycombinator.com/companies/complydo,,,
"BraviParis, Île-de-France, France",Fall 2025,,The AI operating system powering home services businesses,B2B,https://www.ycombinator.com/companies/bravi,,,
"FinalDoseLondon, England, United Kingdom",Spring 2026,,"Programmable DNA drug destroying all cancers, unlocking 80% of targets","HEALTHCARE, THERAPEUTICS",https://www.ycombinator.com/companies/finaldose,,,
Sunflower,Fall 2025,"San Francisco, CA, USA",Building the Sobriety Platform for the future of Superintelligence. 🌻,CONSUMER,https://www.ycombinator.com/companies/sunflower,,,
Captain,Winter 2026,"San Francisco, CA, USA",Give AI agents accurate knowledge search that scales,"B2B, INFRASTRUCTURE",https://www.ycombinator.com/companies/captain,,,
Redapto,Fall 2025,"San Francisco, CA, USA",Enterprise AI Transformation Platform,B2B,https://www.ycombinator.com/companies/redapto,,,
Helonic,Fall 2025,"San Francisco, CA, USA",Automatic Construction Drawing Clash Detection,"REAL ESTATE AND CONSTRUCTION, CONSTRUCTION",https://www.ycombinator.com/companies/helonic,,,
Aleph Lab,Fall 2025,"San Francisco, CA, USA",AI language buddy in the games kids love,CONSUMER,https://www.ycombinator.com/companies/aleph-lab,,,
Logical,Fall 2025,"San Francisco, CA, USA","A proactive desktop copilot. Clippy, but actually good.","B2B, PRODUCTIVITY",https://www.ycombinator.com/companies/logical,,,
Agentic Fabriq,Winter 2026,"San Francisco, CA, USA",The control plane for AI agents.,"B2B, SECURITY",https://www.ycombinator.com/companies/agentic-fabriq,,,
Travo,Winter 2026,"San Francisco, CA, USA",The data infrastructure for real estate,REAL ESTATE AND CONSTRUCTION,https://www.ycombinator.com/companies/travo,,,
Tensr,Fall 2025,"San Francisco, CA, USA",Fully autonomous robotic factories,"INDUSTRIALS, MANUFACTURING AND ROBOTICS",https://www.ycombinator.com/companies/tensr,,,
"Kestrel AISan Francisco, CA, USA",Fall 2025,,AI Agents for Platform Engineering,"B2B, SECURITY",https://www.ycombinator.com/companies/kestrel-ai,,,
LogosGuard,Fall 2025,"San Francisco, CA, USA",The sensitive data redaction layer for AI,B2B,https://www.ycombinator.com/companies/logosguard,,,
Sciloop,Fall 2025,"San Francisco, CA, USA",Expert STEM reasoning data for frontier AI labs.,"B2B, INFRASTRUCTURE",https://www.ycombinator.com/companies/sciloop,,,
Multifactor,Fall 2025,"San Francisco, CA, USA","Zero-trust authentication, authorization, and auditing for AI agents","B2B, SECURITY",https://www.ycombinator.com/companies/multifactor,,,
"Allus AIAtlanta, GA, USA",Fall 2025,,Transforming manufacturing with our next-gen Vision Foundation Model,"INDUSTRIALS, MANUFACTURING AND ROBOTICS",https://www.ycombinator.com/companies/allus-ai,,,
"Unsiloed AISan Francisco, CA, USA",Fall 2025,,API for parsing multimodal unstructured data,B2B,https://www.ycombinator.com/companies/unsiloed-ai,,,
SF Tensor,Fall 2025,,Infrastructure for AI labs to focus on research.,"B2B, INFRASTRUCTURE",https://www.ycombinator.com/companies/sf-tensor,,,
AnswerThis,Fall 2025,"San Francisco, CA, USA",End-to-end workspace to accelerate scientific discovery,CONSUMER,https://www.ycombinator.com/companies/answerthis,,,
Terrain,Fall 2025,"San Francisco, CA, USA",AI native GTM platform for the physical economy,"B2B, SALES",https://www.ycombinator.com/companies/terrain,,,
Lakonia,Fall 2025,"San Francisco, CA, USA",Delivering AI-powered situational awareness in tactical environments.,GOVERNMENT,https://www.ycombinator.com/companies/lakonia,,,
SellRaze,Fall 2025,"San Francisco, CA, USA",The fastest way to sell online.,CONSUMER,https://www.ycombinator.com/companies/sellraze,,,
"Mod AISan Francisco, CA, USA",Fall 2025,,Touchless AP Automation,B2B,https://www.ycombinator.com/companies/mod-ai,,,
"Semble AISan Francisco, CA, USA",Fall 2025,,The AI operating system for the trades,B2B,https://www.ycombinator.com/companies/semble-ai,,,
Flick,Fall 2025,"San Francisco, CA, USA",We Handle AI. You Direct Films.,"CONSUMER, CONTENT",https://www.ycombinator.com/companies/flick,,,
hillclimb,Fall 2025,"San Francisco, CA, USA",Training Data for Recursive Self-Improvement,B2B,https://www.ycombinator.com/companies/hillclimb,,,
AtlasGrid,Fall 2025,"San Francisco, CA, USA",Accelerate Product Iteration,B2B,https://www.ycombinator.com/companies/atlasgrid,,,
Wardstone,Fall 2025,"Los Angeles, CA, USA",The Modular Interceptor Platform,"INDUSTRIALS, AVIATION AND SPACE",https://www.ycombinator.com/companies/wardstone,,,
Nessie,Fall 2025,"San Francisco, CA, USA","A shared context layer for you, your team, and your agents.",CONSUMER,https://www.ycombinator.com/companies/nessie,,,
Hypercubic,Fall 2025,"San Francisco, CA, USA",Agentic AI for Mainframe Operations and Modernization,B2B,https://www.ycombinator.com/companies/hypercubic,,,
"Cranston AISan Francisco, CA, USA",Fall 2025,,AI Tax prep and accounting software for CPA firms,"B2B, FINANCE AND ACCOUNTING",https://www.ycombinator.com/companies/cranston-ai,,,
Trelium,Fall 2025,"San Francisco, CA, USA",The Agent to Build Your Agents,B2B,https://www.ycombinator.com/companies/trelium,,,
Velum Labs,Winter 2026,"San Francisco, CA, USA",The OS for data quality across any stack,B2B,https://www.ycombinator.com/companies/velum-labs,,,
Veria Labs,Fall 2025,"San Francisco, CA, USA",Continuous AI pentesting that finds and fixes vulnerabilities,"B2B, SECURITY",https://www.ycombinator.com/companies/veria-labs,,,
Minro,Fall 2025,"San Francisco, CA, USA",Identify churn risk and stay close to users at scale,B2B,https://www.ycombinator.com/companies/minro,,,
"Tell if AIAustin, TX, USA",Fall 2025,,"AI agents on real phones, growing brands across every platform.","B2B, MARKETING",https://www.ycombinator.com/companies/tell-if-ai,,,
Bron,Fall 2025,"San Francisco, CA, USA",ChatGPT for Sports Betting,"B2B, ANALYTICS",https://www.ycombinator.com/companies/bron,,,
Koyal,Fall 2025,"San Francisco, CA, USA",Agentic AI Filmmaking Platform,"CONSUMER, CONTENT",https://www.ycombinator.com/companies/koyal,,,
Kaigo Health,Fall 2025,"San Francisco, CA, USA",AI outpatient care workforce,"HEALTHCARE, HEALTHCARE IT",https://www.ycombinator.com/companies/kaigo-health,,,
Norra,Fall 2025,"San Francisco, CA, USA",Automating equipment operations for nursing facilities,HEALTHCARE,https://www.ycombinator.com/companies/norra,,,
Soren,Fall 2025,"San Francisco, CA, USA",The AI workspace for operations teams,B2B,https://www.ycombinator.com/companies/soren,,,
"LunavoBY, Germany",Fall 2025,,Lunavo is the AI assistant for carriers.,"B2B, SUPPLY CHAIN AND LOGISTICS",https://www.ycombinator.com/companies/lunavo,,,
dari.dev,Fall 2025,"San Francisco, CA, USA",The Production Layer for AI Agents,B2B,https://www.ycombinator.com/companies/daridev,,,
The Context Company,Fall 2025,"San Francisco, CA, USA",Monitor AI agents and understand user behavior,B2B,https://www.ycombinator.com/companies/the-context-company,,,
Sorce,Fall 2025,"San Francisco, CA, USA",,"Tinder for jobs, , B2B, HUMAN RESOURCES",https://www.ycombinator.com/companies/sorce,,,
Caddy,Fall 2025,"New York City, NY, USA",Your Personal AI for everyday work. Lives in your texts.,B2B,https://www.ycombinator.com/companies/caddy,,,
"Alt-XLos Angeles, CA, USA",Winter 2026,,Building the best venue for private markets exposure.,FINTECH,https://www.ycombinator.com/companies/alt-x,,,
Locus,Fall 2025,"San Francisco, CA, USA",Payment infrastructure for AI agents,B2B,https://www.ycombinator.com/companies/locus,,,
Deeptrace,Fall 2025,"San Francisco, CA, USA",AI agents for on-call,B2B,https://www.ycombinator.com/companies/deeptrace,,,
Aspect,Fall 2025,"New York City, NY, USA",Intelligent media storage for creative teams.,B2B,https://www.ycombinator.com/companies/aspect-inc,,,
Scoop,Fall 2025,"San Francisco, CA, USA",Automating regulatory submissions for life sciences,B2B,https://www.ycombinator.com/companies/scoop,,,
Hyperspell,Fall 2025,"San Francisco, CA, USA",Your Company Brain,"B2B, INFRASTRUCTURE",https://www.ycombinator.com/companies/hyperspell,,,
"Bolna AIBengaluru, KA, India",Fall 2025,,Voice AI to enable India's next billion,B2B,https://www.ycombinator.com/companies/bolna-ai,,,
"NexusBrussels, Brussels, Belgium",Fall 2025,,We help non-technical teams build AI agents without engineers,B2B,https://www.ycombinator.com/companies/gpt,,,
"ZavoLondon, England, United Kingdom",Fall 2025,,AI Operating System for Restaurants,"FINTECH, PAYMENTS",https://www.ycombinator.com/companies/zavo,,,
MOVEdot,Fall 2025,"San Francisco, CA, USA",AI Agents for Hardware Engineering,B2B,https://www.ycombinator.com/companies/movedot,,,
"BrickwiseLondon, England, United Kingdom",Fall 2025,,AI property manager for landlords and estate agents,"REAL ESTATE AND CONSTRUCTION, HOUSING AND REAL ESTATE",https://www.ycombinator.com/companies/brickwise,,,
Parse,Fall 2025,"San Francisco, CA, USA",Build an API to interact with any website.,B2B,https://www.ycombinator.com/companies/parse-bot,,,
"Structured AINew York City, NY, USA",Fall 2025,,The AI drawing review platform for architects and engineers.,"REAL ESTATE AND CONSTRUCTION, CONSTRUCTION",https://www.ycombinator.com/companies/structured-ai,,,
Uplane,Fall 2025,"San Francisco, CA, USA",Replace marketing agencies with AI,"B2B, MARKETING",https://www.ycombinator.com/companies/uplane,,,
AirCaps,Fall 2025,"San Francisco, CA, USA",The AI copilot for in-person conversations.,CONSUMER,https://www.ycombinator.com/companies/aircaps,,,
"BrickantaStockholm, Stockholm County, Sweden",Fall 2025,,Agentic AI for Society Builders,"B2B, INFRASTRUCTURE",https://www.ycombinator.com/companies/brickanta,,,
"F2New York City, NY, USA",Summer 2025,,The AI platform for private markets investors,B2B,https://www.ycombinator.com/companies/f2,,,
Semiotic,Fall 2025,"San Francisco, CA, USA",Studio-Grade Design at Scale,B2B,https://www.ycombinator.com/companies/semiotic,,,
Lapis,Fall 2025,"San Francisco, CA, USA","AI that creates and runs ads, end-end","B2B, MARKETING",https://www.ycombinator.com/companies/lapis,,,
Efference,Fall 2025,"San Francisco, CA, USA",MANUFACTURING AND ROBOTICS,INDUSTRIALS,https://www.ycombinator.com/companies/efference,,,
Nox Metals,Summer 2025,"Detroit, MI, USA",Supplying America's Industrial Base,"INDUSTRIALS, MANUFACTURING AND ROBOTICS",https://www.ycombinator.com/companies/nox-metals,,,
Digipals,Fall 2025,"San Francisco, CA, USA",The future of Social in the age of AI,"CONSUMER, SOCIAL",https://www.ycombinator.com/companies/digipals,,,
Blue,Summer 2025,"San Francisco, CA, USA","Your phone finally has someone to run it. Plug in Blue, just ask.",CONSUMER,https://www.ycombinator.com/companies/blue,,,
Mixy,Fall 2025,,Make mashups without knowing how to DJ,CONSUMER,https://www.ycombinator.com/companies/mixy,,,
Paloma,Summer 2025,"San Francisco, CA, USA",Digital transformation for real economy businesses,B2B,https://www.ycombinator.com/companies/paloma,,,
"Uplift AISan Francisco, CA, USA",Summer 2025,,Foundational Voice Models for regional languages,B2B,https://www.ycombinator.com/companies/uplift-ai,,,
RealRoots,Summer 2025,"San Francisco, CA, USA",IRL friendship app for women,"CONSUMER, SOCIAL",https://www.ycombinator.com/companies/realroots,,,
Luminal,Summer 2025,"San Francisco, CA, USA",Making AI run fast on any hardware.,"B2B, INFRASTRUCTURE",https://www.ycombinator.com/companies/luminal,,,
Freya,Summer 2025,"San Francisco, CA, USA",Voice AI for Enterprises,FINTECH,https://www.ycombinator.com/companies/freya,,,
burnt,Summer 2025,"San Francisco, CA, USA",Agentic Operating System for Food Supply Chain,"B2B, SUPPLY CHAIN AND LOGISTICS",https://www.ycombinator.com/companies/burnt,,,
Avent,Summer 2025,"San Francisco, CA, USA",AI agents for industrial commerce,B2B,https://www.ycombinator.com/companies/avent,,,
"RuvoSão Paulo, SP, Brazil",Summer 2025,,The Global Dollar App for Brazil,FINTECH,https://www.ycombinator.com/companies/ruvo,,,
Veritus,Summer 2025,"San Francisco, CA, USA",AI agents for the consumer lending industry,"FINTECH, CREDIT AND LENDING",https://www.ycombinator.com/companies/veritus,,,
Sapien,Summer 2025,"San Francisco, CA, USA",Synthetic populations for decisions,B2B,https://www.ycombinator.com/companies/outrove,,,
"NOSO LABSSan Francisco, CA, USA",Summer 2025,,Build AI agents for field technicians to diagnose and sell 10x better,INDUSTRIALS,https://www.ycombinator.com/companies/noso-labs,,,
Vulcan Technologies,Summer 2025,"Austin, TX, USA",Secure frontier AI for government & adjacent knowledge work,"B2B, LEGAL",https://www.ycombinator.com/companies/vulcan-technologies,,,
"Bizzy AINew York City, NY, USA",Summer 2025,,Bizzy works 24/7 so you never miss a lead.,"B2B, MARKETING",https://www.ycombinator.com/companies/geo-ai,,,
Spotlight Realty,Summer 2025,"San Francisco, CA, USA",AI powered brokerage reducing residential rental commissions in NYC…,REAL ESTATE AND CONSTRUCTION,https://www.ycombinator.com/companies/spotlight-realty,,,
Interfere,Summer 2025,"New York City, NY, USA","Give engineering, product, and design teams insight into unseen issues",B2B,https://www.ycombinator.com/companies/interfere,,,
Munify,Summer 2025,"Orlando, FL, USA",The Cross-Border Neobank for the Middle East,FINTECH,https://www.ycombinator.com/companies/munify,,,
RowFlow,Summer 2025,"New York City, NY, USA",Replacing forms with AI conversations,"B2B, OPERATIONS",https://www.ycombinator.com/companies/rowflow,,,
Tecto,Summer 2025,"AISan Francisco, CA, USA",A Platform for AI Governance,B2B,https://www.ycombinator.com/companies/tectoai,,,
Duranium,Summer 2025,"San Francisco, CA, USA",Reshoring critical metal production,"INDUSTRIALS, MANUFACTURING AND ROBOTICS",https://www.ycombinator.com/companies/duranium,,,
Smartbase,Spring 2026,"San Francisco, CA, USA",AI-native ERP for manufacturers,"B2B, OPERATIONS",https://www.ycombinator.com/companies/smartbase,,,
Perspectives Health,Summer 2025,"Chicago, IL, USA",Automating away admin for behavioral health clinics,"HEALTHCARE, HEALTHCARE IT",https://www.ycombinator.com/companies/perspectives-health,,,
Modelence,Summer 2025,"San Francisco, CA, USA",Build production-ready apps with AI,"B2B, INFRASTRUCTURE",https://www.ycombinator.com/companies/modelence,,,
Magnetic,Summer 2025,"San Francisco, CA, USA",AI Tax Preparer for CPA firms,"B2B, PRODUCTIVITY",https://www.ycombinator.com/companies/magnetic,,,
Fleetline,Summer 2025,"New York City, NY, USA",Optimizing fleet planning with data driven algorithms,"B2B, SUPPLY CHAIN AND LOGISTICS",https://www.ycombinator.com/companies/fleetline,,,
"CLODOSan Francisco, CA, USA",Summer 2025,,Planet-scale people discovery.,"B2B, SALES",https://www.ycombinator.com/companies/clodo,,,
stagewise,Summer 2025,,The Open Source Agentic IDE,B2B,https://www.ycombinator.com/companies/stagewise,,,
"Flywheel AISan Francisco, CA, USA",Summer 2025,,Waymo for excavators,"INDUSTRIALS, MANUFACTURING AND ROBOTICS",https://www.ycombinator.com/companies/flywheel-ai,,,
Button Computer,Winter 2026,"San Francisco, CA, USA",The tiny computer built for voice AI.,B2B,https://www.ycombinator.com/companies/button-computer,,,
Juxta,Summer 2025,"San Francisco, CA, USA",Building a GPS alternative 100x more powerful with no hardware needed.,B2B,https://www.ycombinator.com/companies/juxta,,,
Okibi,Summer 2025,"San Francisco, CA, USA","Build AI coworkers using natural language, it's Lovable for agents",B2B,https://www.ycombinator.com/companies/okibi,,,
Pollen,Winter 2026,"San Francisco, CA, USA",AI agents that automate customer success,"B2B, OPERATIONS",https://www.ycombinator.com/companies/pollen,,,
Rebulk,Summer 2025,"Olathe, KS, USA",Accurately measure and monitor bulk inventory,"B2B, SUPPLY CHAIN AND LOGISTICS",https://www.ycombinator.com/companies/rebulk,,,
"KERNELSan Francisco, CA, USA",Summer 2025,,"Crazy fast, open source infra for AI agents to use the Internet","B2B, INFRASTRUCTURE",https://www.ycombinator.com/companies/kernel,,,
Reacher,Summer 2025,"San Francisco, CA, USA",We automate creator marketing for the world's largest brands,B2B,https://www.ycombinator.com/companies/reacher,,,
"Certus AISan Francisco, CA, USA",Summer 2025,,Replacing the restaurant phone line with Voice AI,B2B,https://www.ycombinator.com/companies/certus-ai,,,
"HeraBerlin, Berlin, Germany",Summer 2025,,AI Motion Designer,B2B,https://www.ycombinator.com/companies/hera-video,,,
Notte,Summer 2025,"San Francisco, CA, USA",Reliable Web Agents for Enterprise,B2B,https://www.ycombinator.com/companies/notte,,,
Pally,Summer 2025,"San Francisco, CA, USA",Intelligent Unified Inbox + Personal CRM,"B2B, PRODUCTIVITY",https://www.ycombinator.com/companies/pally,,,
Locata,Summer 2025,"New York City, NY, USA",AI Referral Automation for Primary Care Clinics,"HEALTHCARE, HEALTHCARE IT",https://www.ycombinator.com/companies/locata,,,
